-- MySQL Administrator dump 1.4
--
-- ------------------------------------------------------
-- Server version	5.1.49-community


/*!40101 SET @OLD_CHARACTER_SET_CLIENT=@@CHARACTER_SET_CLIENT */;
/*!40101 SET @OLD_CHARACTER_SET_RESULTS=@@CHARACTER_SET_RESULTS */;
/*!40101 SET @OLD_COLLATION_CONNECTION=@@COLLATION_CONNECTION */;
/*!40101 SET NAMES utf8 */;

/*!40014 SET @OLD_UNIQUE_CHECKS=@@UNIQUE_CHECKS, UNIQUE_CHECKS=0 */;
/*!40014 SET @OLD_FOREIGN_KEY_CHECKS=@@FOREIGN_KEY_CHECKS, FOREIGN_KEY_CHECKS=0 */;
/*!40101 SET @OLD_SQL_MODE=@@SQL_MODE, SQL_MODE='NO_AUTO_VALUE_ON_ZERO' */;


--
-- Create schema ducrm
--

CREATE DATABASE IF NOT EXISTS ducrm;
USE ducrm;

--
-- Definition of table `base_accessory`
--

DROP TABLE IF EXISTS `base_accessory`;
CREATE TABLE `base_accessory` (
  `id` bigint(20) NOT NULL,
  `createTime` varchar(255) NOT NULL,
  `flag` bit(1) NOT NULL,
  `status` bit(1) NOT NULL,
  `updateTime` varchar(255) NOT NULL,
  `dataId` bigint(20) NOT NULL,
  `name` varchar(255) NOT NULL,
  `path` varchar(255) NOT NULL,
  `realname` varchar(255) NOT NULL,
  `sort` varchar(255) NOT NULL,
  `userid` bigint(20) NOT NULL,
  PRIMARY KEY (`id`),
  UNIQUE KEY `id` (`id`)
) ENGINE=InnoDB DEFAULT CHARSET=utf8;

--
-- Dumping data for table `base_accessory`
--

/*!40000 ALTER TABLE `base_accessory` DISABLE KEYS */;
INSERT INTO `base_accessory` (`id`,`createTime`,`flag`,`status`,`updateTime`,`dataId`,`name`,`path`,`realname`,`sort`,`userid`) VALUES 
 (201301000004,'2013-01-18 17:12:20',0x01,0x01,'2013-01-18 17:12:20',201301000008,'秋冬装新品韩版男装棉衣.jpg','/resource/manual/SellOrder/2013/01/18/1358500340556.jpg','杜永生','XSGL_XMGL',201209000001),
 (201301000005,'2013-01-18 18:14:35',0x01,0x01,'2013-01-18 18:14:35',201301000008,'Tulips.jpg','/resource/manual/SellOrder/2013/01/18/1358504075618.jpg','杜永生','XSGL_XMGL',201209000001),
 (201301000006,'2013-01-18 18:29:52',0x01,0x01,'2013-01-18 18:29:52',201301000008,'Lighthouse.jpg','/resource/manual/SellOrder/2013/01/18/1358504992604.jpg','杜永生','XSGL_XMGL',201209000001),
 (201301000007,'2013-01-18 18:38:01',0x01,0x01,'2013-01-18 18:38:01',201301000008,'Hydrangeas.jpg','/resource/manual/SellOrder/2013/01/18/1358505481661.jpg','杜永生','XSGL_XMGL',201209000001),
 (201301000008,'2013-01-18 18:49:11',0x01,0x01,'2013-01-18 18:49:11',201301000009,'139_120702101921_1.jpg','/resource/manual/SellOrder/2013/01/18/1358506151203.jpg','杜永生','XSGL_XMGL',201209000001),
 (201301000009,'2013-01-18 18:51:18',0x01,0x01,'2013-01-18 18:51:18',201301000009,'Hydrangeas.jpg','/resource/manual/SellOrder/2013/01/18/1358506278001.jpg','杜永生','XSGL_XMGL',201209000001),
 (201301000010,'2013-01-18 18:51:43',0x01,0x01,'2013-01-18 18:51:43',201301000009,'Penguins.jpg','/resource/manual/SellOrder/2013/01/18/1358506303370.jpg','杜永生','XSGL_XMGL',201209000001),
 (201301000011,'2013-01-18 18:52:00',0x01,0x01,'2013-01-18 18:52:00',201301000009,'56820512d.jpg','/resource/manual/SellOrder/2013/01/18/1358506320503.jpg','杜永生','XSGL_XMGL',201209000001);
/*!40000 ALTER TABLE `base_accessory` ENABLE KEYS */;


--
-- Definition of table `base_category`
--

DROP TABLE IF EXISTS `base_category`;
CREATE TABLE `base_category` (
  `id` bigint(20) NOT NULL,
  `createTime` varchar(255) NOT NULL,
  `flag` bit(1) NOT NULL,
  `status` bit(1) NOT NULL,
  `updateTime` varchar(255) NOT NULL,
  `code` varchar(255) NOT NULL,
  `name` varchar(255) NOT NULL,
  `sort` varchar(255) NOT NULL,
  `fk_category_id` bigint(20) DEFAULT NULL,
  PRIMARY KEY (`id`),
  UNIQUE KEY `id` (`id`),
  UNIQUE KEY `code` (`code`,`sort`),
  KEY `FK849602ACA175F55C` (`fk_category_id`),
  CONSTRAINT `FK849602ACA175F55C` FOREIGN KEY (`fk_category_id`) REFERENCES `base_category` (`id`)
) ENGINE=InnoDB DEFAULT CHARSET=utf8;

--
-- Dumping data for table `base_category`
--

/*!40000 ALTER TABLE `base_category` DISABLE KEYS */;
INSERT INTO `base_category` (`id`,`createTime`,`flag`,`status`,`updateTime`,`code`,`name`,`sort`,`fk_category_id`) VALUES 
 (201301000001,'2013-01-06 11:48:02',0x01,0x01,'2013-01-06 11:48:02','01','信息中心','DEPARTMENT',NULL),
 (201301000003,'2013-01-07 17:59:38',0x01,0x01,'2013-01-07 17:59:38','02','生产部','DEPARTMENT',NULL),
 (201301000004,'2013-01-07 18:00:13',0x01,0x01,'2013-01-07 18:00:13','0201','针车A组','DEPARTMENT',201301000003),
 (201301000005,'2013-01-07 18:00:49',0x01,0x01,'2013-01-07 18:00:49','01','组长','DUTY',NULL),
 (201301000006,'2013-01-07 18:01:14',0x01,0x01,'2013-01-07 18:01:14','02','软件工程师','DUTY',NULL),
 (201301000007,'2013-01-07 19:10:36',0x01,0x01,'2013-01-08 14:48:51','01','安徽省','AREA',NULL),
 (201301000008,'2013-01-07 19:10:54',0x01,0x01,'2013-01-08 15:01:33','0101','安庆市','AREA',201301000007),
 (201301000009,'2013-01-07 19:14:10',0x01,0x01,'2013-01-07 19:14:10','01','汉族','NATION',NULL),
 (201301000010,'2013-01-07 19:14:27',0x01,0x01,'2013-01-07 19:14:27','02','基诺族','NATION',NULL),
 (201301000011,'2013-01-07 19:14:44',0x01,0x01,'2013-01-07 19:14:44','03','珞巴族','NATION',NULL),
 (201301000012,'2013-01-07 19:14:59',0x01,0x01,'2013-01-07 19:14:59','04','门巴族','NATION',NULL),
 (201301000013,'2013-01-07 19:15:11',0x01,0x01,'2013-01-07 19:15:11','05','赫哲族','NATION',NULL),
 (201301000014,'2013-01-07 19:15:49',0x01,0x01,'2013-01-07 19:15:49','06','鄂伦春族','NATION',NULL),
 (201301000015,'2013-01-07 19:16:01',0x01,0x01,'2013-01-07 19:16:01','07','独龙族','NATION',NULL),
 (201301000016,'2013-01-07 19:16:12',0x01,0x01,'2013-01-07 19:16:12','08','塔塔尔族','NATION',NULL),
 (201301000017,'2013-01-07 19:16:29',0x01,0x01,'2013-01-07 19:16:29','09','京族','NATION',NULL),
 (201301000018,'2013-01-07 19:16:40',0x01,0x01,'2013-01-07 19:16:40','10','裕固族','NATION',NULL),
 (201301000019,'2013-01-07 19:16:50',0x01,0x01,'2013-01-07 19:16:50','11','保安族','NATION',NULL),
 (201301000020,'2013-01-07 19:17:13',0x01,0x01,'2013-01-07 19:17:13','12','德昂族','NATION',NULL),
 (201301000021,'2013-01-07 19:17:27',0x01,0x01,'2013-01-07 19:17:27','13','鄂温克族','NATION',NULL),
 (201301000022,'2013-01-07 19:17:39',0x01,0x01,'2013-01-07 19:17:39','14','俄罗斯族','NATION',NULL),
 (201301000023,'2013-01-07 19:17:50',0x01,0x01,'2013-01-07 19:17:50','15','乌孜别克族','NATION',NULL),
 (201301000024,'2013-01-07 19:17:58',0x01,0x01,'2013-01-07 19:17:58','16','怒族','NATION',NULL),
 (201301000025,'2013-01-07 19:18:16',0x01,0x01,'2013-01-07 19:18:16','17','塔吉克族','NATION',NULL),
 (201301000026,'2013-01-07 19:18:25',0x01,0x01,'2013-01-07 19:18:25','18','普米族','NATION',NULL),
 (201301000027,'2013-01-07 19:18:35',0x01,0x01,'2013-01-07 19:18:35','19','阿昌族','NATION',NULL),
 (201301000028,'2013-01-07 19:18:47',0x01,0x01,'2013-01-07 19:18:47','20','锡伯族','NATION',NULL),
 (201301000029,'2013-01-07 19:18:59',0x01,0x01,'2013-01-07 19:18:59','21','仡佬族','NATION',NULL),
 (201301000030,'2013-01-07 19:19:10',0x01,0x01,'2013-01-07 19:19:10','22','毛南族','NATION',NULL),
 (201301000031,'2013-01-07 19:19:19',0x01,0x01,'2013-01-07 19:19:19','23','撒拉族','NATION',NULL),
 (201301000032,'2013-01-07 19:19:30',0x01,0x01,'2013-01-07 19:19:30','24','布朗族','NATION',NULL),
 (201301000033,'2013-01-07 19:19:41',0x01,0x01,'2013-01-07 19:19:41','25','羌族','NATION',NULL),
 (201301000034,'2013-01-07 19:19:55',0x01,0x01,'2013-01-07 19:19:55','26','仫佬族','NATION',NULL),
 (201301000035,'2013-01-07 19:20:05',0x01,0x01,'2013-01-07 19:20:05','27','达斡尔族','NATION',NULL),
 (201301000036,'2013-01-07 19:20:23',0x01,0x01,'2013-01-07 19:20:23','28','土族','NATION',NULL),
 (201301000037,'2013-01-07 19:20:32',0x01,0x01,'2013-01-07 19:20:32','29','柯尔克孜族','NATION',NULL),
 (201301000038,'2013-01-07 19:20:44',0x01,0x01,'2013-01-07 19:20:44','30','景颇族','NATION',NULL),
 (201301000039,'2013-01-07 19:20:53',0x01,0x01,'2013-01-07 19:20:53','31','纳西族','NATION',NULL),
 (201301000040,'2013-01-07 19:21:06',0x01,0x01,'2013-01-07 19:21:06','32','东乡族','NATION',NULL),
 (201301000041,'2013-01-07 19:21:18',0x01,0x01,'2013-01-07 19:21:18','33','水族','NATION',NULL),
 (201301000042,'2013-01-07 19:21:28',0x01,0x01,'2013-01-07 19:21:28','34','拉祜族','NATION',NULL),
 (201301000043,'2013-01-07 19:21:47',0x01,0x01,'2013-01-07 19:21:47','35','高山族','NATION',NULL),
 (201301000044,'2013-01-07 19:22:01',0x01,0x01,'2013-01-07 19:22:01','36','畲族','NATION',NULL),
 (201301000045,'2013-01-07 19:22:11',0x01,0x01,'2013-01-07 19:22:11','37','佤族','NATION',NULL),
 (201301000046,'2013-01-07 19:22:24',0x01,0x01,'2013-01-07 19:22:24','38','傈僳族','NATION',NULL),
 (201301000047,'2013-01-07 19:22:35',0x01,0x01,'2013-01-07 19:22:35','39','黎族','NATION',NULL),
 (201301000048,'2013-01-07 19:22:45',0x01,0x01,'2013-01-07 19:22:45','40','傣族','NATION',NULL),
 (201301000049,'2013-01-07 19:22:55',0x01,0x01,'2013-01-07 19:22:55','41','哈萨克族','NATION',NULL),
 (201301000050,'2013-01-07 19:23:08',0x01,0x01,'2013-01-07 19:23:08','42','哈尼族','NATION',NULL),
 (201301000051,'2013-01-07 19:23:19',0x01,0x01,'2013-01-07 19:23:19','43','土家族','NATION',NULL),
 (201301000052,'2013-01-07 19:23:32',0x01,0x01,'2013-01-07 19:23:32','44','白族','NATION',NULL),
 (201301000053,'2013-01-07 19:23:50',0x01,0x01,'2013-01-07 19:23:50','45','瑶族','NATION',NULL),
 (201301000054,'2013-01-07 19:24:03',0x01,0x01,'2013-01-07 19:24:03','46','侗族','NATION',NULL),
 (201301000055,'2013-01-07 19:24:12',0x01,0x01,'2013-01-07 19:24:12','47','满族','NATION',NULL),
 (201301000056,'2013-01-07 19:24:21',0x01,0x01,'2013-01-07 19:24:21','48','朝鲜族','NATION',NULL),
 (201301000057,'2013-01-07 19:24:30',0x01,0x01,'2013-01-07 19:24:30','49','布依族','NATION',NULL),
 (201301000058,'2013-01-07 19:24:41',0x01,0x01,'2013-01-07 19:24:41','50','壮族','NATION',NULL),
 (201301000059,'2013-01-07 19:24:51',0x01,0x01,'2013-01-07 19:24:51','51','彝族','NATION',NULL),
 (201301000060,'2013-01-07 19:25:02',0x01,0x01,'2013-01-07 19:25:02','52','苗族','NATION',NULL),
 (201301000061,'2013-01-07 19:25:15',0x01,0x01,'2013-01-07 19:25:15','53','维吾尔族','NATION',NULL),
 (201301000062,'2013-01-07 19:25:32',0x01,0x01,'2013-01-07 19:25:32','54','藏族','NATION',NULL),
 (201301000063,'2013-01-07 19:25:47',0x01,0x01,'2013-01-07 19:25:47','55','回族','NATION',NULL),
 (201301000064,'2013-01-07 19:25:57',0x01,0x01,'2013-01-07 19:25:57','56','蒙古族','NATION',NULL),
 (201301000065,'2013-01-07 22:08:53',0x01,0x01,'2013-01-07 22:08:53','01','身份证','CERTIFICATE',NULL),
 (201301000066,'2013-01-07 22:09:11',0x01,0x01,'2013-01-07 22:09:11','02','户口簿','CERTIFICATE',NULL),
 (201301000067,'2013-01-07 22:09:28',0x01,0x01,'2013-01-07 22:09:28','03','军人证','CERTIFICATE',NULL),
 (201301000068,'2013-01-07 22:09:49',0x01,0x01,'2013-01-07 22:09:49','04','驾驶证','CERTIFICATE',NULL),
 (201301000069,'2013-01-07 22:10:08',0x01,0x01,'2013-01-07 22:10:08','05','居住证','CERTIFICATE',NULL),
 (201301000070,'2013-01-07 22:10:25',0x01,0x01,'2013-01-07 22:10:25','06','学生证','CERTIFICATE',NULL),
 (201301000071,'2013-01-07 22:10:41',0x01,0x01,'2013-01-07 22:10:41','07','护照','CERTIFICATE',NULL),
 (201301000072,'2013-01-07 22:10:54',0x01,0x01,'2013-01-07 22:10:54','08','营业执照','CERTIFICATE',NULL),
 (201301000073,'2013-01-07 22:11:30',0x01,0x01,'2013-01-07 22:11:30','01','潜在客户','CUSTOMER',NULL),
 (201301000074,'2013-01-07 22:11:46',0x01,0x01,'2013-01-07 22:11:46','02','初次客户','CUSTOMER',NULL),
 (201301000075,'2013-01-07 22:12:00',0x01,0x01,'2013-01-07 22:12:00','03','跟单客户','CUSTOMER',NULL),
 (201301000076,'2013-01-07 22:12:16',0x01,0x01,'2013-01-07 22:12:16','04','商机客户','CUSTOMER',NULL),
 (201301000077,'2013-01-07 22:12:34',0x01,0x01,'2013-01-07 22:12:34','05','成交客户','CUSTOMER',NULL),
 (201301000078,'2013-01-07 22:12:48',0x01,0x01,'2013-01-07 22:12:48','06','储备客户','CUSTOMER',NULL),
 (201301000079,'2013-01-07 22:12:59',0x01,0x01,'2013-01-07 22:12:59','07','放弃客户','CUSTOMER',NULL),
 (201301000080,'2013-01-07 22:13:54',0x01,0x01,'2013-01-07 22:13:54','01','一般销售','SELL',NULL),
 (201301000081,'2013-01-07 22:14:07',0x01,0x01,'2013-01-07 22:14:07','02','大宗销售','SELL',NULL),
 (201301000082,'2013-01-07 22:14:22',0x01,0x01,'2013-01-07 22:14:22','03','分销销售','SELL',NULL),
 (201301000083,'2013-01-07 22:14:39',0x01,0x01,'2013-01-07 22:14:39','04','协议销售','SELL',NULL),
 (201301000084,'2013-01-07 22:14:53',0x01,0x01,'2013-01-07 22:14:53','05','总部直销','SELL',NULL),
 (201301000085,'2013-01-07 22:15:09',0x01,0x01,'2013-01-07 22:15:09','06','客户上门','SELL',NULL),
 (201301000086,'2013-01-07 22:15:22',0x01,0x01,'2013-01-07 22:15:22','07','本司上门','SELL',NULL),
 (201301000087,'2013-01-07 22:15:37',0x01,0x01,'2013-01-07 22:15:37','08','项目订单','SELL',NULL),
 (201301000088,'2013-01-07 22:16:52',0x01,0x01,'2013-01-07 22:16:52','01','收据','RECEIPT',NULL),
 (201301000089,'2013-01-07 22:17:06',0x01,0x01,'2013-01-07 22:17:06','02','普通发票','RECEIPT',NULL),
 (201301000091,'2013-01-07 22:17:47',0x01,0x01,'2013-01-07 22:17:47','03','增值发票','RECEIPT',NULL),
 (201301000092,'2013-01-07 22:18:25',0x01,0x01,'2013-01-07 22:18:25','01','货到付款','PAY',NULL),
 (201301000093,'2013-01-07 22:18:35',0x01,0x01,'2013-01-07 22:18:35','02','在线支付','PAY',NULL),
 (201301000094,'2013-01-07 22:18:52',0x01,0x01,'2013-01-07 22:18:52','03','银行转账','PAY',NULL),
 (201301000095,'2013-01-07 22:20:26',0x01,0x01,'2013-01-07 22:20:26','04','月结','PAY',NULL),
 (201301000096,'2013-01-07 22:20:39',0x01,0x01,'2013-01-07 22:20:39','05','信用卡支付','PAY',NULL),
 (201301000098,'2013-01-07 22:21:05',0x01,0x01,'2013-01-07 22:21:05','06','邮政汇款','PAY',NULL),
 (201301000099,'2013-01-07 22:21:30',0x01,0x01,'2013-01-07 22:21:30','07','银行电汇','PAY',NULL),
 (201301000100,'2013-01-07 22:22:12',0x01,0x01,'2013-01-07 22:22:12','08','分期付款','PAY',NULL),
 (201301000101,'2013-01-07 22:22:30',0x01,0x01,'2013-01-07 22:22:30','09','网银支付','PAY',NULL),
 (201301000102,'2013-01-07 22:22:43',0x01,0x01,'2013-01-07 22:22:43','10','交货付款','PAY',NULL),
 (201301000103,'2013-01-07 22:22:59',0x01,0x01,'2013-01-07 22:22:59','11','交单付款','PAY',NULL),
 (201301000104,'2013-01-07 22:23:11',0x01,0x01,'2013-01-07 22:23:11','12','记账','PAY',NULL),
 (201301000105,'2013-01-07 22:23:25',0x01,0x01,'2013-01-07 22:23:25','13','托收','PAY',NULL),
 (201301000106,'2013-01-07 22:23:38',0x01,0x01,'2013-01-07 22:23:38','14','信用证','PAY',NULL),
 (201301000107,'2013-01-07 22:24:02',0x01,0x01,'2013-01-07 22:24:02','15','现金支付','PAY',NULL),
 (201301000108,'2013-01-07 22:25:15',0x01,0x01,'2013-01-07 22:25:15','01','当面','ASK',NULL),
 (201301000109,'2013-01-07 22:25:27',0x01,0x01,'2013-01-07 22:25:27','02','电话','ASK',NULL),
 (201301000110,'2013-01-07 22:25:38',0x01,0x01,'2013-01-07 22:25:38','03','传真','ASK',NULL),
 (201301000111,'2013-01-07 22:25:48',0x01,0x01,'2013-01-07 22:25:48','04','快递','ASK',NULL),
 (201301000112,'2013-01-07 22:26:02',0x01,0x01,'2013-01-07 22:26:02','05','信函','ASK',NULL),
 (201301000113,'2013-01-07 22:26:18',0x01,0x01,'2013-01-07 22:26:18','06','邮件','ASK',NULL),
 (201301000114,'2013-01-07 22:26:54',0x01,0x01,'2013-01-07 22:26:54','01','党员','POLITY',NULL),
 (201301000115,'2013-01-07 22:27:12',0x01,0x01,'2013-01-07 22:27:12','02','团员','POLITY',NULL),
 (201301000116,'2013-01-07 22:27:24',0x01,0x01,'2013-01-07 22:27:24','03','群众','POLITY',NULL),
 (201301000117,'2013-01-08 14:24:09',0x01,0x01,'2013-01-08 14:24:09','01','面料','MATERIAL',NULL),
 (201301000118,'2013-01-08 14:24:33',0x01,0x01,'2013-01-08 14:24:33','0101','棉布','MATERIAL',201301000117),
 (201301000119,'2013-01-08 14:24:49',0x01,0x01,'2013-01-08 14:24:49','0102','麻布','MATERIAL',201301000117),
 (201301000120,'2013-01-08 14:25:07',0x01,0x01,'2013-01-08 14:25:07','0103','丝绸','MATERIAL',201301000117),
 (201301000121,'2013-01-08 14:25:27',0x01,0x01,'2013-01-08 14:25:27','0104','呢绒','MATERIAL',201301000117),
 (201301000122,'2013-01-08 14:25:44',0x01,0x01,'2013-01-08 14:25:44','0105','皮革','MATERIAL',201301000117),
 (201301000123,'2013-01-08 14:26:09',0x01,0x01,'2013-01-08 14:26:09','02','里料','MATERIAL',NULL),
 (201301000124,'2013-01-08 14:26:21',0x01,0x01,'2013-01-08 14:26:21','03','衬料','MATERIAL',NULL),
 (201301000125,'2013-01-08 14:26:35',0x01,0x01,'2013-01-08 14:26:35','04','填料','MATERIAL',NULL),
 (201301000126,'2013-01-08 14:26:47',0x01,0x01,'2013-01-08 14:26:47','05','胆料','MATERIAL',NULL),
 (201301000127,'2013-01-08 14:27:01',0x01,0x01,'2013-01-08 14:27:01','06','辅料','MATERIAL',NULL),
 (201301000128,'2013-01-08 14:27:25',0x01,0x01,'2013-01-08 14:27:25','0201','棉纤维里料','MATERIAL',201301000123),
 (201301000129,'2013-01-08 14:27:41',0x01,0x01,'2013-01-08 14:27:41','0202','丝织物里料','MATERIAL',201301000123),
 (201301000130,'2013-01-08 14:27:58',0x01,0x01,'2013-01-08 14:27:58','0203','粘胶纤维里料','MATERIAL',201301000123),
 (201301000131,'2013-01-08 14:28:21',0x01,0x01,'2013-01-08 14:28:21','0204','醋酯长丝里料','MATERIAL',201301000123),
 (201301000132,'2013-01-08 14:28:40',0x01,0x01,'2013-01-08 14:28:40','0205','合成纤维长丝里料','MATERIAL',201301000123),
 (201301000133,'2013-01-08 14:29:24',0x01,0x01,'2013-01-08 14:29:24','0301','棉布衬','MATERIAL',201301000124),
 (201301000134,'2013-01-08 14:29:38',0x01,0x01,'2013-01-08 14:29:38','0302','麻衬','MATERIAL',201301000124),
 (201301000135,'2013-01-08 14:29:56',0x01,0x01,'2013-01-08 14:29:56','0303','毛鬃衬','MATERIAL',201301000124),
 (201301000136,'2013-01-08 14:30:12',0x01,0x01,'2013-01-08 14:30:12','0304','马尾衬','MATERIAL',201301000124),
 (201301000137,'2013-01-08 14:30:30',0x01,0x01,'2013-01-08 14:30:30','0305','树脂衬','MATERIAL',201301000124),
 (201301000138,'2013-01-08 14:31:00',0x01,0x01,'2013-01-08 14:31:00','0306','粘合衬','MATERIAL',201301000124),
 (201301000139,'2013-01-08 14:31:23',0x01,0x01,'2013-01-08 14:31:23','07','垫料','MATERIAL',NULL),
 (201301000140,'2013-01-08 14:32:16',0x01,0x01,'2013-01-08 14:32:16','0701','胸垫','MATERIAL',201301000139),
 (201301000141,'2013-01-08 14:32:32',0x01,0x01,'2013-01-08 14:32:32','0702','领垫','MATERIAL',201301000139),
 (201301000142,'2013-01-08 14:32:45',0x01,0x01,'2013-01-08 14:32:45','08','肩垫','MATERIAL',NULL),
 (201301000143,'2013-01-08 14:33:10',0x01,0x01,'2013-01-08 14:33:10','0401','絮类填料','MATERIAL',201301000125),
 (201301000144,'2013-01-08 14:33:42',0x01,0x01,'2013-01-08 14:33:42','0402','材料填料','MATERIAL',201301000125),
 (201301000145,'2013-01-08 14:34:04',0x01,0x01,'2013-01-08 14:34:04','0601','纽扣','MATERIAL',201301000127),
 (201301000146,'2013-01-08 14:34:32',0x01,0x01,'2013-01-08 14:34:32','0602','拉链','MATERIAL',201301000127),
 (201301000147,'2013-01-08 14:49:25',0x01,0x01,'2013-01-08 14:49:25','02','北京市','AREA',NULL),
 (201301000148,'2013-01-08 14:50:00',0x01,0x01,'2013-01-08 14:50:00','03','重庆市','AREA',NULL),
 (201301000149,'2013-01-08 14:50:17',0x01,0x01,'2013-01-08 14:50:17','04','福建省','AREA',NULL),
 (201301000150,'2013-01-08 14:50:38',0x01,0x01,'2013-01-08 14:50:38','05','甘肃省','AREA',NULL),
 (201301000151,'2013-01-08 14:50:52',0x01,0x01,'2013-01-08 14:50:52','06','广东省','AREA',NULL),
 (201301000152,'2013-01-08 14:51:08',0x01,0x01,'2013-01-08 14:51:08','07','广西壮族自治区','AREA',NULL),
 (201301000153,'2013-01-08 14:51:36',0x01,0x01,'2013-01-08 14:51:36','08','贵州省','AREA',NULL),
 (201301000154,'2013-01-08 14:51:48',0x01,0x01,'2013-01-08 14:51:48','09','海南省','AREA',NULL),
 (201301000155,'2013-01-08 14:51:59',0x01,0x01,'2013-01-08 14:51:59','10','河北省','AREA',NULL),
 (201301000156,'2013-01-08 14:52:16',0x01,0x01,'2013-01-08 14:52:16','11','黑龙江','AREA',NULL),
 (201301000157,'2013-01-08 14:52:50',0x01,0x01,'2013-01-08 14:52:50','12','河南省','AREA',NULL),
 (201301000158,'2013-01-08 14:53:11',0x01,0x01,'2013-01-08 14:53:11','13','香港特别行政区','AREA',NULL),
 (201301000159,'2013-01-08 14:53:44',0x01,0x01,'2013-01-08 14:53:44','14','湖北省','AREA',NULL),
 (201301000160,'2013-01-08 14:53:59',0x01,0x01,'2013-01-08 14:53:59','15','湖南省','AREA',NULL),
 (201301000161,'2013-01-08 14:54:42',0x01,0x01,'2013-01-08 14:54:42','16','内蒙古自治区','AREA',NULL),
 (201301000162,'2013-01-08 14:55:00',0x01,0x01,'2013-01-08 14:55:00','17','江苏省','AREA',NULL),
 (201301000163,'2013-01-08 14:55:13',0x01,0x01,'2013-01-08 14:55:13','18','江西省','AREA',NULL),
 (201301000164,'2013-01-08 14:55:29',0x01,0x01,'2013-01-08 14:55:29','19','吉林省','AREA',NULL),
 (201301000165,'2013-01-08 14:55:45',0x01,0x01,'2013-01-08 14:55:45','20','辽宁省','AREA',NULL),
 (201301000166,'2013-01-08 14:56:00',0x01,0x01,'2013-01-08 14:56:00','21','澳门特别行政区','AREA',NULL),
 (201301000167,'2013-01-08 14:56:16',0x01,0x01,'2013-01-08 14:56:16','22','宁夏回族自治区','AREA',NULL),
 (201301000168,'2013-01-08 14:56:31',0x01,0x01,'2013-01-08 14:56:31','23','青海省','AREA',NULL),
 (201301000169,'2013-01-08 14:56:42',0x01,0x01,'2013-01-08 14:56:42','24','陕西省','AREA',NULL),
 (201301000170,'2013-01-08 14:56:57',0x01,0x01,'2013-01-08 14:56:57','25','山东省','AREA',NULL),
 (201301000171,'2013-01-08 14:57:12',0x01,0x01,'2013-01-08 14:57:12','26','上海市','AREA',NULL),
 (201301000172,'2013-01-08 14:57:27',0x01,0x01,'2013-01-08 14:57:27','27','山西省','AREA',NULL),
 (201301000173,'2013-01-08 14:57:38',0x01,0x01,'2013-01-08 14:57:38','28','四川省','AREA',NULL),
 (201301000174,'2013-01-08 14:57:58',0x01,0x01,'2013-01-08 14:57:58','29','台湾省','AREA',NULL),
 (201301000175,'2013-01-08 14:58:13',0x01,0x01,'2013-01-08 14:58:13','30','天津市','AREA',NULL),
 (201301000176,'2013-01-08 14:58:24',0x01,0x01,'2013-01-08 14:58:24','31','西藏自治区','AREA',NULL),
 (201301000177,'2013-01-08 14:58:42',0x01,0x01,'2013-01-08 14:58:42','32','新疆维吾尔自治区','AREA',NULL),
 (201301000178,'2013-01-08 14:58:55',0x01,0x01,'2013-01-08 14:58:55','33','云南省','AREA',NULL),
 (201301000179,'2013-01-08 14:59:12',0x01,0x01,'2013-01-08 14:59:12','34','浙江省','AREA',NULL),
 (201301000180,'2013-01-08 15:02:28',0x01,0x01,'2013-01-08 15:02:28','0102','蚌埠市','AREA',201301000007),
 (201301000181,'2013-01-08 15:02:54',0x01,0x01,'2013-01-08 15:02:54','0103','巢湖市','AREA',201301000007),
 (201301000182,'2013-01-08 15:03:16',0x01,0x01,'2013-01-08 15:03:16','0104','池州市','AREA',201301000007),
 (201301000183,'2013-01-08 15:03:33',0x01,0x01,'2013-01-08 15:03:33','0105','滁州市','AREA',201301000007),
 (201301000184,'2013-01-08 15:03:56',0x01,0x01,'2013-01-08 15:03:56','0106','阜阳市','AREA',201301000007),
 (201301000185,'2013-01-08 15:04:17',0x01,0x01,'2013-01-08 15:04:17','0107','亳州市','AREA',201301000007),
 (201301000186,'2013-01-08 15:04:36',0x01,0x01,'2013-01-08 15:04:36','0108','合肥市','AREA',201301000007),
 (201301000187,'2013-01-08 15:05:01',0x01,0x01,'2013-01-08 15:05:01','0109','淮北市','AREA',201301000007),
 (201301000188,'2013-01-08 15:05:27',0x01,0x01,'2013-01-08 15:05:27','0110','淮南市','AREA',201301000007),
 (201301000189,'2013-01-08 15:05:48',0x01,0x01,'2013-01-08 15:05:48','0111','黄山市','AREA',201301000007),
 (201301000190,'2013-01-08 15:06:16',0x01,0x01,'2013-01-08 15:06:16','0112','六安市','AREA',201301000007),
 (201301000191,'2013-01-08 15:06:42',0x01,0x01,'2013-01-08 15:06:42','0113','马鞍山市','AREA',201301000007),
 (201301000192,'2013-01-08 15:07:10',0x01,0x01,'2013-01-08 15:07:10','0114','宿州市','AREA',201301000007),
 (201301000193,'2013-01-08 15:07:32',0x01,0x01,'2013-01-08 15:07:32','0115','铜陵市','AREA',201301000007),
 (201301000194,'2013-01-08 15:07:55',0x01,0x01,'2013-01-08 15:07:55','0116','芜湖市','AREA',201301000007),
 (201301000195,'2013-01-08 15:08:25',0x01,0x01,'2013-01-08 15:08:25','0117','宣城市','AREA',201301000007),
 (201301000196,'2013-01-08 15:11:36',0x01,0x01,'2013-01-08 15:11:36','0401','福州市','AREA',201301000149),
 (201301000197,'2013-01-08 15:11:59',0x01,0x01,'2013-01-08 15:11:59','0402','龙岩市','AREA',201301000149),
 (201301000198,'2013-01-08 15:12:26',0x01,0x01,'2013-01-08 15:12:26','0403','南平市','AREA',201301000149),
 (201301000199,'2013-01-08 15:12:52',0x01,0x01,'2013-01-08 15:12:52','0404','宁德市','AREA',201301000149),
 (201301000200,'2013-01-08 15:13:12',0x01,0x01,'2013-01-08 15:13:12','0405','莆田市','AREA',201301000149),
 (201301000201,'2013-01-08 15:13:34',0x01,0x01,'2013-01-08 15:13:34','0406','泉州市','AREA',201301000149),
 (201301000202,'2013-01-08 15:14:05',0x01,0x01,'2013-01-08 15:14:05','0407','三明市','AREA',201301000149),
 (201301000203,'2013-01-08 15:14:38',0x01,0x01,'2013-01-08 15:14:38','0408','厦门市','AREA',201301000149),
 (201301000204,'2013-01-08 15:15:01',0x01,0x01,'2013-01-08 15:15:01','0409','漳州市','AREA',201301000149),
 (201301000205,'2013-01-08 15:15:31',0x01,0x01,'2013-01-08 15:15:31','0501','白银市','AREA',201301000150),
 (201301000206,'2013-01-08 15:15:55',0x01,0x01,'2013-01-08 15:15:55','0502','定西市','AREA',201301000150),
 (201301000207,'2013-01-08 15:16:19',0x01,0x01,'2013-01-08 15:16:19','0503','甘南州','AREA',201301000150),
 (201301000208,'2013-01-08 15:16:48',0x01,0x01,'2013-01-08 15:16:48','0504','嘉峪关市','AREA',201301000150),
 (201301000209,'2013-01-08 15:17:15',0x01,0x01,'2013-01-08 15:17:15','0505','金昌市','AREA',201301000150),
 (201301000210,'2013-01-08 15:17:51',0x01,0x01,'2013-01-08 15:17:51','0506','酒泉市','AREA',201301000150),
 (201301000211,'2013-01-08 15:18:11',0x01,0x01,'2013-01-08 15:18:11','0507','兰州市','AREA',201301000150),
 (201301000212,'2013-01-08 15:18:44',0x01,0x01,'2013-01-08 15:18:44','0508','临夏州','AREA',201301000150),
 (201301000214,'2013-01-08 15:33:09',0x01,0x01,'2013-01-08 15:33:09','0509','陇南市','AREA',201301000150),
 (201301000215,'2013-01-08 15:33:29',0x01,0x01,'2013-01-08 15:33:39','0510','平凉市','AREA',201301000150),
 (201301000216,'2013-01-08 15:34:00',0x01,0x01,'2013-01-08 15:34:00','0511','庆阳市','AREA',201301000150),
 (201301000217,'2013-01-08 15:34:20',0x01,0x01,'2013-01-08 15:34:20','0512','天水市','AREA',201301000150),
 (201301000218,'2013-01-08 15:34:42',0x01,0x01,'2013-01-08 15:34:42','0513','武威市','AREA',201301000150),
 (201301000219,'2013-01-08 15:35:02',0x01,0x01,'2013-01-08 15:35:02','0514','张掖市','AREA',201301000150),
 (201301000220,'2013-01-08 15:38:03',0x01,0x01,'2013-01-08 15:38:03','0601','中山市','AREA',201301000151),
 (201301000221,'2013-01-08 15:39:43',0x01,0x01,'2013-01-08 15:39:43','0602','佛山市','AREA',201301000151),
 (201301000222,'2013-01-08 15:40:00',0x01,0x01,'2013-01-08 15:40:00','0603','东莞市','AREA',201301000151),
 (201301000223,'2013-01-08 15:40:24',0x01,0x01,'2013-01-08 15:40:24','0604','江门市','AREA',201301000151),
 (201301000224,'2013-01-08 15:40:55',0x01,0x01,'2013-01-08 15:40:55','0605','珠海市','AREA',201301000151),
 (201301000225,'2013-01-08 15:41:15',0x01,0x01,'2013-01-08 15:41:15','0606','广州市','AREA',201301000151),
 (201301000226,'2013-01-08 15:41:36',0x01,0x01,'2013-01-08 15:41:36','0607','深圳市','AREA',201301000151),
 (201301000227,'2013-01-08 15:41:59',0x01,0x01,'2013-01-08 15:41:59','0608','惠州市','AREA',201301000151),
 (201301000228,'2013-01-08 15:42:38',0x01,0x01,'2013-01-08 15:42:38','0609','汕头市','AREA',201301000151),
 (201301000229,'2013-01-08 15:43:02',0x01,0x01,'2013-01-08 15:43:02','0610','潮州市','AREA',201301000151),
 (201301000230,'2013-01-08 15:43:31',0x01,0x01,'2013-01-08 15:43:31','0611','河源市','AREA',201301000151),
 (201301000231,'2013-01-08 15:43:57',0x01,0x01,'2013-01-08 15:43:57','0612','揭阳市','AREA',201301000151),
 (201301000232,'2013-01-08 15:44:22',0x01,0x01,'2013-01-08 15:44:22','0613','茂名市','AREA',201301000151),
 (201301000233,'2013-01-08 15:44:38',0x01,0x01,'2013-01-08 15:44:38','0614','梅州市','AREA',201301000151),
 (201301000234,'2013-01-08 15:44:56',0x01,0x01,'2013-01-08 15:44:56','0615','清远市','AREA',201301000151),
 (201301000235,'2013-01-08 15:45:24',0x01,0x01,'2013-01-08 15:45:24','0616','汕尾市','AREA',201301000151),
 (201301000236,'2013-01-08 15:45:49',0x01,0x01,'2013-01-08 15:45:49','0617','韶关市','AREA',201301000151),
 (201301000237,'2013-01-08 15:46:09',0x01,0x01,'2013-01-08 15:46:09','0618','阳江市','AREA',201301000151),
 (201301000238,'2013-01-08 15:46:33',0x01,0x01,'2013-01-08 15:46:33','0619','云浮市','AREA',201301000151),
 (201301000239,'2013-01-08 15:46:55',0x01,0x01,'2013-01-08 15:46:55','0620','湛江市','AREA',201301000151),
 (201301000240,'2013-01-08 15:47:18',0x01,0x01,'2013-01-08 15:47:18','0621','肇庆市','AREA',201301000151),
 (201301000241,'2013-01-08 15:48:20',0x01,0x01,'2013-01-08 15:48:20','0701','百色市','AREA',201301000152),
 (201301000242,'2013-01-08 15:48:37',0x01,0x01,'2013-01-08 15:48:37','0702','北海市','AREA',201301000152),
 (201301000243,'2013-01-08 15:48:54',0x01,0x01,'2013-01-08 15:48:54','0703','崇左市','AREA',201301000152),
 (201301000244,'2013-01-08 15:49:16',0x01,0x01,'2013-01-08 15:49:16','0704','防城港市','AREA',201301000152),
 (201301000245,'2013-01-08 15:49:41',0x01,0x01,'2013-01-08 15:49:41','0705','贵港市','AREA',201301000152),
 (201301000246,'2013-01-08 15:49:59',0x01,0x01,'2013-01-08 15:49:59','0706','桂林市','AREA',201301000152),
 (201301000247,'2013-01-08 15:50:33',0x01,0x01,'2013-01-08 15:50:33','0707','河池市','AREA',201301000152),
 (201301000248,'2013-01-08 15:50:54',0x01,0x01,'2013-01-08 15:50:54','0708','贺州市','AREA',201301000152),
 (201301000249,'2013-01-08 15:51:14',0x01,0x01,'2013-01-08 15:51:14','0709','来宾市','AREA',201301000152),
 (201301000250,'2013-01-08 15:51:36',0x01,0x01,'2013-01-08 15:51:36','0710','柳州市','AREA',201301000152),
 (201301000251,'2013-01-08 15:51:55',0x01,0x01,'2013-01-08 15:51:55','0711','南宁市','AREA',201301000152),
 (201301000252,'2013-01-08 15:52:12',0x01,0x01,'2013-01-08 15:52:12','0712','钦州市','AREA',201301000152),
 (201301000253,'2013-01-08 15:59:18',0x01,0x01,'2013-01-08 15:59:18','0713','梧州市','AREA',201301000152),
 (201301000254,'2013-01-08 15:59:37',0x01,0x01,'2013-01-08 15:59:37','0714','玉林市','AREA',201301000152),
 (201301000255,'2013-01-08 16:11:23',0x01,0x01,'2013-01-08 16:11:23','0801','安顺市','AREA',201301000153),
 (201301000256,'2013-01-08 16:11:40',0x01,0x01,'2013-01-08 16:11:40','0802','毕节地区','AREA',201301000153),
 (201301000257,'2013-01-08 16:12:04',0x01,0x01,'2013-01-08 16:12:04','0803','贵阳市','AREA',201301000153),
 (201301000258,'2013-01-08 16:12:26',0x01,0x01,'2013-01-08 16:12:26','0804','六盘水市','AREA',201301000153),
 (201301000259,'2013-01-08 16:12:48',0x01,0x01,'2013-01-08 16:12:48','0805','黔东南州','AREA',201301000153),
 (201301000260,'2013-01-08 16:13:08',0x01,0x01,'2013-01-08 16:13:08','0806','黔南州','AREA',201301000153),
 (201301000261,'2013-01-08 16:13:29',0x01,0x01,'2013-01-08 16:13:29','0807','黔西南州','AREA',201301000153),
 (201301000262,'2013-01-08 16:13:47',0x01,0x01,'2013-01-08 16:13:47','0808','铜仁地区','AREA',201301000153),
 (201301000263,'2013-01-08 16:14:15',0x01,0x01,'2013-01-08 16:14:15','0809','遵义市','AREA',201301000153),
 (201301000264,'2013-01-08 16:15:08',0x01,0x01,'2013-01-08 16:15:08','0901','海口市','AREA',201301000154),
 (201301000265,'2013-01-08 16:15:28',0x01,0x01,'2013-01-08 16:15:28','0902','三亚市','AREA',201301000154),
 (201301000266,'2013-01-08 16:15:52',0x01,0x01,'2013-01-08 16:15:52','0903','省直辖行政单位','AREA',201301000154),
 (201301000267,'2013-01-08 16:17:26',0x01,0x01,'2013-01-08 16:17:26','1001','保定市','AREA',201301000155),
 (201301000268,'2013-01-08 16:18:33',0x01,0x01,'2013-01-08 16:18:33','1002','沧州市','AREA',201301000155),
 (201301000269,'2013-01-08 16:19:39',0x01,0x01,'2013-01-08 16:19:39','1003','承德市','AREA',201301000155),
 (201301000270,'2013-01-08 16:20:00',0x01,0x01,'2013-01-08 16:20:00','1004','邯郸市','AREA',201301000155),
 (201301000271,'2013-01-08 16:20:20',0x01,0x01,'2013-01-08 16:20:20','1005','衡水市','AREA',201301000155),
 (201301000272,'2013-01-08 16:20:38',0x01,0x01,'2013-01-08 16:20:38','1006','廊坊市','AREA',201301000155),
 (201301000273,'2013-01-08 16:20:57',0x01,0x01,'2013-01-08 16:20:57','1007','秦皇岛市','AREA',201301000155),
 (201301000274,'2013-01-08 16:21:24',0x01,0x01,'2013-01-08 16:21:24','1008','石家庄市','AREA',201301000155),
 (201301000275,'2013-01-08 16:21:44',0x01,0x01,'2013-01-08 16:21:44','1009','唐山市','AREA',201301000155),
 (201301000276,'2013-01-08 16:22:06',0x01,0x01,'2013-01-08 16:22:06','1010','邢台市','AREA',201301000155),
 (201301000277,'2013-01-08 16:22:25',0x01,0x01,'2013-01-08 16:22:25','1011','张家口市','AREA',201301000155),
 (201301000278,'2013-01-08 16:23:43',0x01,0x01,'2013-01-08 16:23:43','1101','大庆市','AREA',201301000156),
 (201301000279,'2013-01-08 16:24:08',0x01,0x01,'2013-01-08 16:24:08','1102','大兴安岭地区','AREA',201301000156),
 (201301000280,'2013-01-08 16:24:26',0x01,0x01,'2013-01-08 16:24:26','1103','哈尔滨市','AREA',201301000156),
 (201301000281,'2013-01-08 16:24:47',0x01,0x01,'2013-01-08 16:24:47','1104','鹤岗市','AREA',201301000156),
 (201301000282,'2013-01-08 16:25:08',0x01,0x01,'2013-01-08 16:25:08','1105','黑河市','AREA',201301000156),
 (201301000283,'2013-01-08 16:25:30',0x01,0x01,'2013-01-08 16:25:30','1106','佳木斯市','AREA',201301000156),
 (201301000284,'2013-01-08 16:25:54',0x01,0x01,'2013-01-08 16:25:54','1107','鸡西市','AREA',201301000156),
 (201301000285,'2013-01-08 16:26:19',0x01,0x01,'2013-01-08 16:26:19','1108','牡丹江市','AREA',201301000156),
 (201301000286,'2013-01-08 16:26:38',0x01,0x01,'2013-01-08 16:26:38','1109','齐齐哈尔市','AREA',201301000156),
 (201301000287,'2013-01-08 16:26:59',0x01,0x01,'2013-01-08 16:26:59','1110','七台河市','AREA',201301000156),
 (201301000288,'2013-01-08 16:27:31',0x01,0x01,'2013-01-08 16:27:31','1111','双鸭山市','AREA',201301000156),
 (201301000289,'2013-01-08 16:27:54',0x01,0x01,'2013-01-08 16:27:54','1112','绥化市','AREA',201301000156),
 (201301000290,'2013-01-08 16:28:11',0x01,0x01,'2013-01-08 16:28:11','1113','伊春市','AREA',201301000156),
 (201301000291,'2013-01-08 16:29:28',0x01,0x01,'2013-01-08 16:29:28','1201','安阳市','AREA',201301000157),
 (201301000292,'2013-01-08 16:29:45',0x01,0x01,'2013-01-08 16:29:45','1202','鹤壁市','AREA',201301000157),
 (201301000293,'2013-01-08 16:30:04',0x01,0x01,'2013-01-08 16:30:04','1203','焦作市','AREA',201301000157),
 (201301000294,'2013-01-08 16:30:26',0x01,0x01,'2013-01-08 16:30:26','1204','开封市','AREA',201301000157),
 (201301000295,'2013-01-08 16:30:52',0x01,0x01,'2013-01-08 16:30:52','1205','漯河市','AREA',201301000157),
 (201301000296,'2013-01-08 16:31:11',0x01,0x01,'2013-01-08 16:31:11','1206','洛阳市','AREA',201301000157),
 (201301000297,'2013-01-08 16:31:34',0x01,0x01,'2013-01-08 16:31:34','1207','南阳市','AREA',201301000157),
 (201301000298,'2013-01-08 16:31:53',0x01,0x01,'2013-01-08 16:31:53','1208','平顶山市','AREA',201301000157),
 (201301000299,'2013-01-08 16:32:13',0x01,0x01,'2013-01-08 16:32:13','1209','濮阳市','AREA',201301000157),
 (201301000300,'2013-01-08 16:32:34',0x01,0x01,'2013-01-08 16:32:34','1210','三门峡市','AREA',201301000157),
 (201301000301,'2013-01-08 16:32:55',0x01,0x01,'2013-01-08 16:32:55','1211','商丘市','AREA',201301000157),
 (201301000302,'2013-01-08 16:33:14',0x01,0x01,'2013-01-08 16:33:14','1212','新乡市','AREA',201301000157),
 (201301000303,'2013-01-08 16:33:36',0x01,0x01,'2013-01-08 16:33:36','1213','信阳市','AREA',201301000157),
 (201301000304,'2013-01-08 16:33:56',0x01,0x01,'2013-01-08 16:33:56','1214','许昌市','AREA',201301000157),
 (201301000305,'2013-01-08 16:34:17',0x01,0x01,'2013-01-08 16:34:17','1215','郑州市','AREA',201301000157),
 (201301000306,'2013-01-08 16:34:44',0x01,0x01,'2013-01-08 16:34:44','1216','周口市','AREA',201301000157),
 (201301000307,'2013-01-08 16:35:04',0x01,0x01,'2013-01-08 16:35:04','1217','驻马店市','AREA',201301000157),
 (201301000308,'2013-01-08 16:37:00',0x01,0x01,'2013-01-08 16:37:00','1401','恩施州','AREA',201301000159),
 (201301000309,'2013-01-08 16:37:25',0x01,0x01,'2013-01-08 16:37:25','1402','鄂州市','AREA',201301000159),
 (201301000310,'2013-01-08 16:37:46',0x01,0x01,'2013-01-08 16:37:46','1403','黄冈市','AREA',201301000159),
 (201301000311,'2013-01-08 16:38:07',0x01,0x01,'2013-01-08 16:38:07','1404','黄石市','AREA',201301000159),
 (201301000312,'2013-01-08 16:38:27',0x01,0x01,'2013-01-08 16:38:27','1405','荆门市','AREA',201301000159),
 (201301000313,'2013-01-08 16:38:47',0x01,0x01,'2013-01-08 16:38:47','1406','荆州市','AREA',201301000159),
 (201301000314,'2013-01-08 16:39:10',0x01,0x01,'2013-01-08 16:39:10','1407','十堰市','AREA',201301000159),
 (201301000315,'2013-01-08 16:39:33',0x01,0x01,'2013-01-08 16:39:33','1408','随州市','AREA',201301000159),
 (201301000316,'2013-01-08 16:40:03',0x01,0x01,'2013-01-08 16:40:03','1409','武汉市','AREA',201301000159),
 (201301000317,'2013-01-08 16:40:25',0x01,0x01,'2013-01-08 16:40:25','1410','襄樊市','AREA',201301000159),
 (201301000318,'2013-01-08 16:40:47',0x01,0x01,'2013-01-08 16:40:47','1411','咸宁市','AREA',201301000159),
 (201301000319,'2013-01-08 16:41:11',0x01,0x01,'2013-01-08 16:41:11','1412','孝感市','AREA',201301000159),
 (201301000320,'2013-01-08 16:41:31',0x01,0x01,'2013-01-08 16:41:31','1413','宜昌市','AREA',201301000159),
 (201301000321,'2013-01-08 16:51:40',0x01,0x01,'2013-01-08 16:51:40','1501','常德市','AREA',201301000160),
 (201301000322,'2013-01-08 16:52:03',0x01,0x01,'2013-01-08 16:52:03','1502','长沙市','AREA',201301000160),
 (201301000323,'2013-01-08 16:52:24',0x01,0x01,'2013-01-08 16:52:24','1503','郴州市','AREA',201301000160),
 (201301000324,'2013-01-08 16:52:47',0x01,0x01,'2013-01-08 16:52:47','1504','衡阳市','AREA',201301000160),
 (201301000325,'2013-01-08 16:53:18',0x01,0x01,'2013-01-08 16:53:18','1505','怀化市','AREA',201301000160),
 (201301000326,'2013-01-08 16:53:53',0x01,0x01,'2013-01-08 16:53:53','1506','娄底市','AREA',201301000160),
 (201301000327,'2013-01-08 16:54:18',0x01,0x01,'2013-01-08 16:54:18','1507','邵阳市','AREA',201301000160),
 (201301000328,'2013-01-08 16:54:48',0x01,0x01,'2013-01-08 16:54:48','1508','湘潭市','AREA',201301000160),
 (201301000329,'2013-01-08 16:55:11',0x01,0x01,'2013-01-08 16:55:11','1509','湘西州','AREA',201301000160),
 (201301000330,'2013-01-08 16:55:59',0x01,0x01,'2013-01-08 16:55:59','1510','益阳市','AREA',201301000160),
 (201301000331,'2013-01-08 16:56:43',0x01,0x01,'2013-01-08 16:56:43','1511','岳阳市','AREA',201301000160),
 (201301000332,'2013-01-08 16:57:24',0x01,0x01,'2013-01-08 16:57:24','1512','张家界市','AREA',201301000160),
 (201301000333,'2013-01-08 16:58:04',0x01,0x01,'2013-01-08 16:58:04','1513','株洲市','AREA',201301000160),
 (201301000334,'2013-01-08 17:10:52',0x01,0x01,'2013-01-08 17:10:52','1601','阿拉善盟','AREA',201301000161),
 (201301000335,'2013-01-08 17:11:33',0x01,0x01,'2013-01-08 17:11:33','1602','包头市','AREA',201301000161),
 (201301000336,'2013-01-08 17:12:58',0x01,0x01,'2013-01-08 17:12:58','1603','巴彦淖尔市','AREA',201301000161),
 (201301000337,'2013-01-08 17:18:54',0x01,0x01,'2013-01-08 17:18:54','1604','赤峰市','AREA',201301000161),
 (201301000338,'2013-01-08 17:19:19',0x01,0x01,'2013-01-08 17:19:19','1605','呼和浩特市','AREA',201301000161),
 (201301000339,'2013-01-08 17:19:48',0x01,0x01,'2013-01-08 17:19:48','1606','呼伦贝尔市','AREA',201301000161),
 (201301000340,'2013-01-08 17:20:15',0x01,0x01,'2013-01-08 17:20:15','1607','鄂尔多斯市','AREA',201301000161),
 (201301000341,'2013-01-08 17:20:42',0x01,0x01,'2013-01-08 17:20:42','1608','通辽市','AREA',201301000161),
 (201301000342,'2013-01-08 17:21:10',0x01,0x01,'2013-01-08 17:21:10','1609','乌海市','AREA',201301000161),
 (201301000343,'2013-01-08 17:21:43',0x01,0x01,'2013-01-08 17:21:43','1610','乌兰察布市','AREA',201301000161),
 (201301000344,'2013-01-08 17:22:11',0x01,0x01,'2013-01-08 17:22:11','1611','锡林郭勒盟','AREA',201301000161),
 (201301000345,'2013-01-08 17:22:49',0x01,0x01,'2013-01-08 17:22:49','1612','兴安盟','AREA',201301000161),
 (201301000346,'2013-01-08 19:41:07',0x01,0x01,'2013-01-08 19:41:07','1701','常州市','AREA',201301000162),
 (201301000347,'2013-01-08 19:41:23',0x01,0x01,'2013-01-08 19:41:23','1702','淮安市','AREA',201301000162),
 (201301000348,'2013-01-08 19:41:40',0x01,0x01,'2013-01-08 19:41:40','1703','连云港','AREA',201301000162),
 (201301000349,'2013-01-08 19:41:54',0x01,0x01,'2013-01-08 19:41:54','1704','南京市','AREA',201301000162),
 (201301000350,'2013-01-08 19:42:11',0x01,0x01,'2013-01-08 19:42:11','1705','南通市','AREA',201301000162),
 (201301000351,'2013-01-08 19:42:26',0x01,0x01,'2013-01-08 19:42:26','1706','宿迁市','AREA',201301000162),
 (201301000352,'2013-01-08 19:42:45',0x01,0x01,'2013-01-08 19:42:45','1707','苏州市','AREA',201301000162),
 (201301000353,'2013-01-08 19:43:03',0x01,0x01,'2013-01-08 19:43:03','1708','泰州市','AREA',201301000162),
 (201301000354,'2013-01-08 19:43:22',0x01,0x01,'2013-01-08 19:43:22','1709','无锡市','AREA',201301000162),
 (201301000355,'2013-01-08 19:43:41',0x01,0x01,'2013-01-08 19:43:41','1710','徐州市','AREA',201301000162),
 (201301000356,'2013-01-08 19:43:57',0x01,0x01,'2013-01-08 19:43:57','1711','盐城市','AREA',201301000162),
 (201301000357,'2013-01-08 19:44:16',0x01,0x01,'2013-01-08 19:44:16','1712','扬州市','AREA',201301000162),
 (201301000358,'2013-01-08 19:44:34',0x01,0x01,'2013-01-08 19:44:34','1713','镇江市','AREA',201301000162),
 (201301000359,'2013-01-08 19:45:44',0x01,0x01,'2013-01-08 19:45:44','1801','南昌市','AREA',201301000163),
 (201301000360,'2013-01-08 19:45:59',0x01,0x01,'2013-01-08 19:45:59','1802','景德镇市','AREA',201301000163),
 (201301000361,'2013-01-08 19:46:16',0x01,0x01,'2013-01-08 19:46:16','1803','萍乡市','AREA',201301000163),
 (201301000362,'2013-01-08 19:46:38',0x01,0x01,'2013-01-08 19:46:38','1804','九江市','AREA',201301000163),
 (201301000363,'2013-01-08 19:46:53',0x01,0x01,'2013-01-08 19:46:53','1805','新余市','AREA',201301000163),
 (201301000364,'2013-01-08 19:47:07',0x01,0x01,'2013-01-08 19:47:07','1806','鹰潭市','AREA',201301000163),
 (201301000365,'2013-01-08 19:47:22',0x01,0x01,'2013-01-08 19:47:22','1807','赣州市','AREA',201301000163),
 (201301000366,'2013-01-08 19:47:42',0x01,0x01,'2013-01-08 19:47:42','1808','吉安市','AREA',201301000163),
 (201301000367,'2013-01-08 19:47:59',0x01,0x01,'2013-01-08 19:47:59','1809','宜春市','AREA',201301000163),
 (201301000368,'2013-01-08 19:48:27',0x01,0x01,'2013-01-08 19:48:27','1810','抚州市','AREA',201301000163),
 (201301000369,'2013-01-08 19:48:45',0x01,0x01,'2013-01-08 19:48:45','1811','上饶市','AREA',201301000163),
 (201301000370,'2013-01-08 19:49:20',0x01,0x01,'2013-01-08 19:49:20','1901','白城市','AREA',201301000164),
 (201301000372,'2013-01-08 19:50:11',0x01,0x01,'2013-01-08 19:50:11','1902','白山市','AREA',201301000164),
 (201301000373,'2013-01-08 19:50:33',0x01,0x01,'2013-01-08 19:50:33','1903','长春市','AREA',201301000164),
 (201301000374,'2013-01-08 19:50:48',0x01,0x01,'2013-01-08 19:50:48','1904','吉林市','AREA',201301000164),
 (201301000375,'2013-01-08 19:51:06',0x01,0x01,'2013-01-08 19:51:06','1905','辽源市','AREA',201301000164),
 (201301000376,'2013-01-08 19:51:22',0x01,0x01,'2013-01-08 19:51:22','1906','四平市','AREA',201301000164),
 (201301000377,'2013-01-08 19:51:41',0x01,0x01,'2013-01-08 19:51:41','1907','松原市','AREA',201301000164),
 (201301000378,'2013-01-08 19:51:59',0x01,0x01,'2013-01-08 19:51:59','1908','通化市','AREA',201301000164),
 (201301000379,'2013-01-08 19:52:18',0x01,0x01,'2013-01-08 19:52:18','1909','延边朝鲜族自治州','AREA',201301000164),
 (201301000380,'2013-01-08 19:54:47',0x01,0x01,'2013-01-08 19:54:47','2001','鞍山市','AREA',201301000165),
 (201301000381,'2013-01-08 19:59:11',0x01,0x01,'2013-01-08 19:59:11','2002','本溪市','AREA',201301000165),
 (201301000382,'2013-01-08 19:59:36',0x01,0x01,'2013-01-08 19:59:36','2003','朝阳市','AREA',201301000165),
 (201301000383,'2013-01-08 19:59:52',0x01,0x01,'2013-01-08 19:59:52','2004','大连市','AREA',201301000165),
 (201301000384,'2013-01-08 20:00:06',0x01,0x01,'2013-01-08 20:00:06','2005','丹东市','AREA',201301000165),
 (201301000385,'2013-01-08 20:00:21',0x01,0x01,'2013-01-08 20:00:21','2006','抚顺市','AREA',201301000165),
 (201301000386,'2013-01-08 20:00:40',0x01,0x01,'2013-01-08 20:00:40','2007','阜新市','AREA',201301000165),
 (201301000387,'2013-01-08 20:00:58',0x01,0x01,'2013-01-08 20:00:58','2008','葫芦岛市','AREA',201301000165),
 (201301000388,'2013-01-08 20:01:18',0x01,0x01,'2013-01-08 20:01:18','2009','锦州市','AREA',201301000165),
 (201301000389,'2013-01-08 20:01:33',0x01,0x01,'2013-01-08 20:01:33','2010','辽阳市','AREA',201301000165),
 (201301000390,'2013-01-08 20:01:48',0x01,0x01,'2013-01-08 20:01:48','2011','盘锦市','AREA',201301000165),
 (201301000391,'2013-01-08 20:02:06',0x01,0x01,'2013-01-08 20:02:06','2012','沈阳市','AREA',201301000165),
 (201301000392,'2013-01-08 20:02:31',0x01,0x01,'2013-01-08 20:02:31','2013','铁岭市','AREA',201301000165),
 (201301000393,'2013-01-08 20:02:47',0x01,0x01,'2013-01-08 20:02:47','2014','营口市','AREA',201301000165),
 (201301000394,'2013-01-08 20:09:32',0x01,0x01,'2013-01-08 20:09:32','2201','固原市','AREA',201301000167),
 (201301000395,'2013-01-08 20:09:50',0x01,0x01,'2013-01-08 20:09:50','2202','石嘴山市','AREA',201301000167),
 (201301000396,'2013-01-08 20:10:08',0x01,0x01,'2013-01-08 20:10:08','2203','吴忠市','AREA',201301000167),
 (201301000397,'2013-01-08 20:10:24',0x01,0x01,'2013-01-08 20:10:24','2204','银川市','AREA',201301000167),
 (201301000398,'2013-01-08 20:10:39',0x01,0x01,'2013-01-08 20:10:39','2205','中卫市','AREA',201301000167),
 (201301000399,'2013-01-08 20:12:44',0x01,0x01,'2013-01-08 20:12:44','2301','果洛州','AREA',201301000168),
 (201301000400,'2013-01-08 20:13:00',0x01,0x01,'2013-01-08 20:13:00','2302','海北州','AREA',201301000168),
 (201301000401,'2013-01-08 20:13:19',0x01,0x01,'2013-01-08 20:13:19','2303','海东地区','AREA',201301000168),
 (201301000402,'2013-01-08 20:13:32',0x01,0x01,'2013-01-08 20:13:32','2304','海南州','AREA',201301000168),
 (201301000403,'2013-01-08 20:13:51',0x01,0x01,'2013-01-08 20:13:51','2305','海西州','AREA',201301000168),
 (201301000404,'2013-01-08 20:14:10',0x01,0x01,'2013-01-08 20:14:10','2306','黄南州','AREA',201301000168),
 (201301000405,'2013-01-08 20:14:25',0x01,0x01,'2013-01-08 20:14:25','2307','西宁市','AREA',201301000168),
 (201301000406,'2013-01-08 20:14:42',0x01,0x01,'2013-01-08 20:14:42','2308','玉树州','AREA',201301000168),
 (201301000407,'2013-01-08 20:15:16',0x01,0x01,'2013-01-08 20:15:16','2401','安康市','AREA',201301000169),
 (201301000408,'2013-01-08 20:15:29',0x01,0x01,'2013-01-08 20:15:29','2402','宝鸡市','AREA',201301000169),
 (201301000409,'2013-01-08 20:15:43',0x01,0x01,'2013-01-08 20:15:43','2403','汉中市','AREA',201301000169),
 (201301000410,'2013-01-08 20:15:58',0x01,0x01,'2013-01-08 20:15:58','2404','商洛市','AREA',201301000169),
 (201301000411,'2013-01-08 20:16:13',0x01,0x01,'2013-01-08 20:16:13','2405','铜川市','AREA',201301000169),
 (201301000412,'2013-01-08 20:16:26',0x01,0x01,'2013-01-08 20:16:26','2406','渭南市','AREA',201301000169),
 (201301000413,'2013-01-08 20:16:41',0x01,0x01,'2013-01-08 20:16:41','2407','西安市','AREA',201301000169),
 (201301000414,'2013-01-08 20:16:55',0x01,0x01,'2013-01-08 20:16:55','2408','咸阳市','AREA',201301000169),
 (201301000415,'2013-01-08 20:17:10',0x01,0x01,'2013-01-08 20:17:10','2409','延安市','AREA',201301000169),
 (201301000416,'2013-01-08 20:17:26',0x01,0x01,'2013-01-08 20:17:26','2410','榆林市','AREA',201301000169),
 (201301000417,'2013-01-08 20:20:03',0x01,0x01,'2013-01-08 20:20:03','2501','滨州市','AREA',201301000170),
 (201301000418,'2013-01-08 20:20:20',0x01,0x01,'2013-01-08 20:20:20','2502','德州市','AREA',201301000170),
 (201301000419,'2013-01-08 20:20:34',0x01,0x01,'2013-01-08 20:20:34','2503','东营市','AREA',201301000170),
 (201301000420,'2013-01-08 20:20:48',0x01,0x01,'2013-01-08 20:20:48','2504','菏泽市','AREA',201301000170),
 (201301000421,'2013-01-08 20:21:01',0x01,0x01,'2013-01-08 20:21:01','2505','济南市','AREA',201301000170),
 (201301000422,'2013-01-08 20:21:14',0x01,0x01,'2013-01-08 20:21:14','2506','济宁市','AREA',201301000170),
 (201301000423,'2013-01-08 20:21:29',0x01,0x01,'2013-01-08 20:21:29','2507','莱芜市','AREA',201301000170),
 (201301000424,'2013-01-08 20:21:46',0x01,0x01,'2013-01-08 20:21:46','2508','聊城市','AREA',201301000170),
 (201301000425,'2013-01-08 20:22:01',0x01,0x01,'2013-01-08 20:22:01','2509','临沂市','AREA',201301000170),
 (201301000426,'2013-01-08 20:22:16',0x01,0x01,'2013-01-08 20:22:16','2510','青岛市','AREA',201301000170),
 (201301000427,'2013-01-08 20:22:32',0x01,0x01,'2013-01-08 20:22:32','2511','日照市','AREA',201301000170),
 (201301000428,'2013-01-08 20:22:48',0x01,0x01,'2013-01-08 20:22:48','2512','泰安市','AREA',201301000170),
 (201301000429,'2013-01-08 20:23:02',0x01,0x01,'2013-01-08 20:23:02','2513','潍坊市','AREA',201301000170),
 (201301000430,'2013-01-08 20:23:16',0x01,0x01,'2013-01-08 20:23:16','2514','威海市','AREA',201301000170),
 (201301000431,'2013-01-08 20:23:30',0x01,0x01,'2013-01-08 20:23:30','2515','烟台市','AREA',201301000170),
 (201301000432,'2013-01-08 20:23:45',0x01,0x01,'2013-01-08 20:23:45','2516','枣庄市','AREA',201301000170),
 (201301000433,'2013-01-08 20:23:59',0x01,0x01,'2013-01-08 20:23:59','2517','淄博市','AREA',201301000170),
 (201301000434,'2013-01-08 20:27:12',0x01,0x01,'2013-01-08 20:27:12','2701','长治市','AREA',201301000172),
 (201301000435,'2013-01-08 20:27:30',0x01,0x01,'2013-01-08 20:27:30','2702','大同市','AREA',201301000172),
 (201301000436,'2013-01-08 20:27:44',0x01,0x01,'2013-01-08 20:27:44','2703','晋城市','AREA',201301000172),
 (201301000437,'2013-01-08 20:28:01',0x01,0x01,'2013-01-08 20:28:01','2704','晋中市','AREA',201301000172),
 (201301000438,'2013-01-08 20:28:16',0x01,0x01,'2013-01-08 20:28:16','2705','临汾市','AREA',201301000172),
 (201301000439,'2013-01-08 20:28:30',0x01,0x01,'2013-01-08 20:28:30','2706','吕梁市','AREA',201301000172),
 (201301000440,'2013-01-08 20:28:44',0x01,0x01,'2013-01-08 20:28:44','2707','朔州市','AREA',201301000172),
 (201301000441,'2013-01-08 20:28:59',0x01,0x01,'2013-01-08 20:28:59','2708','太原市','AREA',201301000172),
 (201301000442,'2013-01-08 20:29:14',0x01,0x01,'2013-01-08 20:29:14','2709','阳泉市','AREA',201301000172),
 (201301000443,'2013-01-08 20:29:28',0x01,0x01,'2013-01-08 20:29:28','2710','忻州市','AREA',201301000172),
 (201301000444,'2013-01-08 20:29:43',0x01,0x01,'2013-01-08 20:29:43','2711','运城市','AREA',201301000172),
 (201301000445,'2013-01-08 20:33:17',0x01,0x01,'2013-01-08 20:33:17','2801','阿坝州','AREA',201301000173),
 (201301000446,'2013-01-08 20:33:32',0x01,0x01,'2013-01-08 20:33:32','2802','巴中市','AREA',201301000173),
 (201301000447,'2013-01-08 20:33:48',0x01,0x01,'2013-01-08 20:33:48','2803','成都市','AREA',201301000173),
 (201301000448,'2013-01-08 20:34:10',0x01,0x01,'2013-01-08 20:34:10','2804','达州市','AREA',201301000173),
 (201301000449,'2013-01-08 20:34:23',0x01,0x01,'2013-01-08 20:34:23','2805','德阳市','AREA',201301000173),
 (201301000450,'2013-01-08 20:34:39',0x01,0x01,'2013-01-08 20:34:39','2806','甘孜州','AREA',201301000173),
 (201301000451,'2013-01-08 20:34:58',0x01,0x01,'2013-01-08 20:34:58','2807','广安市','AREA',201301000173),
 (201301000452,'2013-01-08 20:35:12',0x01,0x01,'2013-01-08 20:35:12','2808','广元市','AREA',201301000173),
 (201301000453,'2013-01-08 20:35:25',0x01,0x01,'2013-01-08 20:35:25','2809','乐山市','AREA',201301000173),
 (201301000454,'2013-01-08 20:35:42',0x01,0x01,'2013-01-08 20:35:42','2810','凉山州','AREA',201301000173),
 (201301000455,'2013-01-08 20:35:57',0x01,0x01,'2013-01-08 20:35:57','2811','泸州市','AREA',201301000173),
 (201301000456,'2013-01-08 20:36:10',0x01,0x01,'2013-01-08 20:36:10','2812','眉山市','AREA',201301000173),
 (201301000457,'2013-01-08 20:36:24',0x01,0x01,'2013-01-08 20:36:24','2813','绵阳市','AREA',201301000173),
 (201301000458,'2013-01-08 20:36:39',0x01,0x01,'2013-01-08 20:36:39','2814','南充市','AREA',201301000173),
 (201301000459,'2013-01-08 20:36:58',0x01,0x01,'2013-01-08 20:36:58','2815','内江市','AREA',201301000173),
 (201301000460,'2013-01-08 20:37:10',0x01,0x01,'2013-01-08 20:37:10','2816','攀枝花市','AREA',201301000173),
 (201301000461,'2013-01-08 20:37:23',0x01,0x01,'2013-01-08 20:37:23','2817','遂宁市','AREA',201301000173),
 (201301000462,'2013-01-08 20:37:37',0x01,0x01,'2013-01-08 20:37:37','2818','雅安市','AREA',201301000173),
 (201301000463,'2013-01-08 20:37:49',0x01,0x01,'2013-01-08 20:37:49','2819','宜宾市','AREA',201301000173),
 (201301000464,'2013-01-08 20:38:03',0x01,0x01,'2013-01-08 20:38:03','2820','自贡市','AREA',201301000173),
 (201301000465,'2013-01-08 20:38:20',0x01,0x01,'2013-01-08 20:38:20','2821','资阳市','AREA',201301000173),
 (201301000466,'2013-01-08 20:40:51',0x01,0x01,'2013-01-08 20:40:51','2901','嘉义市','AREA',201301000174),
 (201301000467,'2013-01-08 20:41:11',0x01,0x01,'2013-01-08 20:41:11','2902','新竹市','AREA',201301000174),
 (201301000468,'2013-01-08 20:41:25',0x01,0x01,'2013-01-08 20:41:25','2903','高雄市','AREA',201301000174),
 (201301000469,'2013-01-08 20:41:44',0x01,0x01,'2013-01-08 20:41:44','2904','基隆市','AREA',201301000174),
 (201301000470,'2013-01-08 20:42:01',0x01,0x01,'2013-01-08 20:42:01','2905','台中市','AREA',201301000174),
 (201301000471,'2013-01-08 20:42:17',0x01,0x01,'2013-01-08 20:42:17','2906','台南市','AREA',201301000174),
 (201301000472,'2013-01-08 20:42:35',0x01,0x01,'2013-01-08 20:42:35','2907','台北市','AREA',201301000174),
 (201301000473,'2013-01-08 20:44:50',0x01,0x01,'2013-01-08 20:44:50','3101','拉萨市','AREA',201301000176),
 (201301000474,'2013-01-08 20:45:05',0x01,0x01,'2013-01-08 20:45:05','3102','那曲地区','AREA',201301000176),
 (201301000475,'2013-01-08 20:45:19',0x01,0x01,'2013-01-08 20:45:19','3103','阿里地区','AREA',201301000176),
 (201301000476,'2013-01-08 20:45:34',0x01,0x01,'2013-01-08 20:45:34','3104','林芝地区','AREA',201301000176),
 (201301000477,'2013-01-08 20:45:47',0x01,0x01,'2013-01-08 20:45:47','3105','昌都地区','AREA',201301000176),
 (201301000478,'2013-01-08 20:46:01',0x01,0x01,'2013-01-08 20:46:01','3106','日喀则地区','AREA',201301000176),
 (201301000479,'2013-01-08 20:46:17',0x01,0x01,'2013-01-08 20:46:17','3107','山南地区','AREA',201301000176),
 (201301000480,'2013-01-08 20:49:15',0x01,0x01,'2013-01-08 20:49:15','3201','阿克苏地区','AREA',201301000177),
 (201301000481,'2013-01-08 20:49:27',0x01,0x01,'2013-01-08 20:49:27','3202','阿勒泰地区','AREA',201301000177),
 (201301000482,'2013-01-08 20:49:42',0x01,0x01,'2013-01-08 20:49:42','3203','博尔塔拉蒙古自治州','AREA',201301000177),
 (201301000483,'2013-01-08 20:49:59',0x01,0x01,'2013-01-08 20:49:59','3204','昌吉回族自治州','AREA',201301000177),
 (201301000484,'2013-01-08 20:50:13',0x01,0x01,'2013-01-08 20:50:13','3205','哈密地区','AREA',201301000177),
 (201301000485,'2013-01-08 20:50:28',0x01,0x01,'2013-01-08 20:50:28','3206','和田地区','AREA',201301000177),
 (201301000486,'2013-01-08 20:50:49',0x01,0x01,'2013-01-08 20:50:49','3207','伊犁哈萨克自治州','AREA',201301000177),
 (201301000487,'2013-01-08 20:51:05',0x01,0x01,'2013-01-08 20:51:05','3208','克拉玛依市','AREA',201301000177),
 (201301000488,'2013-01-08 20:51:22',0x01,0x01,'2013-01-08 20:51:22','3209','喀什地区','AREA',201301000177),
 (201301000489,'2013-01-08 20:51:38',0x01,0x01,'2013-01-08 20:52:08','3210','克孜勒苏柯尔克孜自治州','AREA',201301000177),
 (201301000490,'2013-01-08 20:51:55',0x01,0x01,'2013-01-08 20:51:55','3211','巴音郭楞蒙古自治州','AREA',201301000177),
 (201301000491,'2013-01-08 20:52:30',0x01,0x01,'2013-01-08 20:52:30','3212','塔城地区','AREA',201301000177),
 (201301000492,'2013-01-08 20:52:43',0x01,0x01,'2013-01-08 20:52:43','3213','吐鲁番地区','AREA',201301000177),
 (201301000493,'2013-01-08 20:52:58',0x01,0x01,'2013-01-08 20:52:58','3214','乌鲁木齐市','AREA',201301000177),
 (201301000494,'2013-01-08 20:54:06',0x01,0x01,'2013-01-08 20:54:06','3301','保山市','AREA',201301000178),
 (201301000495,'2013-01-08 20:54:30',0x01,0x01,'2013-01-08 20:54:30','3302','楚雄州','AREA',201301000178),
 (201301000496,'2013-01-08 20:54:49',0x01,0x01,'2013-01-08 20:54:49','3303','大理州','AREA',201301000178),
 (201301000497,'2013-01-08 20:55:03',0x01,0x01,'2013-01-08 20:55:03','3304','德宏州','AREA',201301000178),
 (201301000498,'2013-01-08 20:55:25',0x01,0x01,'2013-01-08 20:55:25','3305','迪庆州','AREA',201301000178),
 (201301000499,'2013-01-08 20:55:44',0x01,0x01,'2013-01-08 20:55:44','3306','红河州','AREA',201301000178),
 (201301000500,'2013-01-08 20:55:59',0x01,0x01,'2013-01-08 20:55:59','3307','昆明市','AREA',201301000178),
 (201301000501,'2013-01-08 20:56:14',0x01,0x01,'2013-01-08 20:56:14','3308','丽江市','AREA',201301000178),
 (201301000502,'2013-01-08 20:56:28',0x01,0x01,'2013-01-08 20:56:28','3309','临沧市','AREA',201301000178),
 (201301000503,'2013-01-08 20:56:43',0x01,0x01,'2013-01-08 20:56:43','3310','怒江州','AREA',201301000178),
 (201301000504,'2013-01-08 20:56:59',0x01,0x01,'2013-01-08 20:56:59','3311','普洱市','AREA',201301000178),
 (201301000505,'2013-01-08 20:57:15',0x01,0x01,'2013-01-08 20:57:15','3312','曲靖市','AREA',201301000178),
 (201301000506,'2013-01-08 20:57:29',0x01,0x01,'2013-01-08 20:57:29','3313','昭通市','AREA',201301000178),
 (201301000507,'2013-01-08 20:57:42',0x01,0x01,'2013-01-08 20:57:42','3314','文山州','AREA',201301000178),
 (201301000508,'2013-01-08 20:57:54',0x01,0x01,'2013-01-08 20:57:54','3315','西双版纳州','AREA',201301000178),
 (201301000509,'2013-01-08 20:58:10',0x01,0x01,'2013-01-08 20:58:10','3316','玉溪市','AREA',201301000178),
 (201301000510,'2013-01-08 20:59:14',0x01,0x01,'2013-01-08 20:59:14','3401','杭州市','AREA',201301000179),
 (201301000511,'2013-01-08 20:59:29',0x01,0x01,'2013-01-08 20:59:29','3402','湖州市','AREA',201301000179),
 (201301000512,'2013-01-08 20:59:44',0x01,0x01,'2013-01-08 20:59:44','3403','嘉兴市','AREA',201301000179),
 (201301000513,'2013-01-08 21:00:02',0x01,0x01,'2013-01-08 21:00:02','3404','金华市','AREA',201301000179),
 (201301000514,'2013-01-08 21:00:24',0x01,0x01,'2013-01-08 21:00:24','3405','丽水市','AREA',201301000179),
 (201301000515,'2013-01-08 21:00:44',0x01,0x01,'2013-01-08 21:00:44','3406','宁波市','AREA',201301000179),
 (201301000516,'2013-01-08 21:01:00',0x01,0x01,'2013-01-08 21:01:00','3407','衢州市','AREA',201301000179),
 (201301000517,'2013-01-08 21:01:17',0x01,0x01,'2013-01-08 21:01:17','3408','绍兴市','AREA',201301000179),
 (201301000518,'2013-01-08 21:01:33',0x01,0x01,'2013-01-08 21:01:33','3409','台州市','AREA',201301000179),
 (201301000519,'2013-01-08 21:01:49',0x01,0x01,'2013-01-08 21:01:49','3410','温州市','AREA',201301000179),
 (201301000520,'2013-01-08 21:02:04',0x01,0x01,'2013-01-08 21:02:04','3411','舟山市','AREA',201301000179),
 (201301000521,'2013-01-08 21:03:09',0x01,0x01,'2013-01-08 21:03:09','0201','北京市','AREA',201301000147),
 (201301000522,'2013-01-08 21:03:33',0x01,0x01,'2013-01-08 21:03:33','3001','天津市','AREA',201301000175),
 (201301000523,'2013-01-08 21:04:00',0x01,0x01,'2013-01-08 21:04:00','2601','上海市','AREA',201301000171),
 (201301000524,'2013-01-08 21:04:25',0x01,0x01,'2013-01-08 21:04:25','0301','重庆市','AREA',201301000148),
 (201301000525,'2013-01-09 11:22:34',0x01,0x01,'2013-01-09 11:22:34','01','计算机软件','VOCATION',NULL),
 (201301000526,'2013-01-09 11:23:04',0x01,0x01,'2013-01-09 11:23:04','02','计算机硬件','VOCATION',NULL),
 (201301000527,'2013-01-09 16:26:49',0x01,0x01,'2013-01-09 16:26:49','01','件','UNIT',NULL),
 (201301000528,'2013-01-09 16:27:06',0x01,0x01,'2013-01-09 16:27:06','02','套','UNIT',NULL),
 (201301000529,'2013-01-09 16:27:23',0x01,0x01,'2013-01-09 16:27:23','03','包','UNIT',NULL),
 (201301000530,'2013-01-09 16:28:16',0x01,0x01,'2013-01-09 16:28:16','04','斤','UNIT',NULL),
 (201301000531,'2013-01-09 16:28:35',0x01,0x01,'2013-01-09 16:28:35','05','克','UNIT',NULL),
 (201301000532,'2013-01-09 16:28:49',0x01,0x01,'2013-01-09 16:28:49','06','个','UNIT',NULL),
 (201301000533,'2013-01-09 16:29:25',0x01,0x01,'2013-01-09 16:29:25','07','米','UNIT',NULL),
 (201301000534,'2013-01-09 16:29:49',0x01,0x01,'2013-01-09 16:29:49','08','袋','UNIT',NULL),
 (201301000535,'2013-01-09 16:32:46',0x01,0x01,'2013-01-09 16:32:46','09','盒','UNIT',NULL),
 (201301000536,'2013-01-09 16:33:51',0x01,0x01,'2013-01-09 16:33:51','10','圈','UNIT',NULL),
 (201301000537,'2013-01-09 16:34:45',0x01,0x01,'2013-01-09 16:34:45','11','千克','UNIT',NULL),
 (201301000538,'2013-01-09 16:35:16',0x01,0x01,'2013-01-10 22:07:58','12','吨','UNIT',NULL),
 (201301000539,'2013-01-10 22:08:24',0x01,0x01,'2013-01-10 22:08:24','13','箱','UNIT',NULL),
 (201301000540,'2013-01-10 22:13:38',0x01,0x01,'2013-01-10 22:25:00','01','男装','PRODUCT',NULL),
 (201301000541,'2013-01-10 22:25:15',0x01,0x01,'2013-01-10 22:25:15','0101','裤子','PRODUCT',201301000540),
 (201301000542,'2013-01-10 23:18:34',0x01,0x01,'2013-01-10 23:18:34','01','上装尺码','SIZE',NULL),
 (201301000543,'2013-01-10 23:19:04',0x01,0x01,'2013-01-10 23:19:04','0101','XXS','SIZE',201301000542),
 (201301000544,'2013-01-10 23:19:27',0x01,0x01,'2013-01-10 23:19:27','0102','XS','SIZE',201301000542),
 (201301000545,'2013-01-10 23:19:44',0x01,0x01,'2013-01-10 23:19:44','0103','S','SIZE',201301000542),
 (201301000546,'2013-01-10 23:20:08',0x01,0x01,'2013-01-10 23:20:08','0104','M','SIZE',201301000542),
 (201301000547,'2013-01-10 23:20:34',0x01,0x01,'2013-01-10 23:20:34','0105','L','SIZE',201301000542),
 (201301000548,'2013-01-10 23:21:20',0x01,0x01,'2013-01-10 23:21:30','0106','XL','SIZE',201301000542),
 (201301000549,'2013-01-10 23:21:43',0x01,0x01,'2013-01-10 23:21:43','0107','XXL','SIZE',201301000542),
 (201301000550,'2013-01-10 23:22:34',0x01,0x01,'2013-01-10 23:22:34','02','茄克装尺码','SIZE',NULL),
 (201301000551,'2013-01-10 23:23:38',0x01,0x01,'2013-01-10 23:23:38','0201','48 （M）','SIZE',201301000550),
 (201301000552,'2013-01-10 23:24:07',0x01,0x01,'2013-01-10 23:24:07','0202','50（L）','SIZE',201301000550),
 (201301000553,'2013-01-10 23:24:30',0x01,0x01,'2013-01-10 23:24:30','0203','52（XL）','SIZE',201301000550),
 (201301000554,'2013-01-10 23:24:59',0x01,0x01,'2013-01-10 23:24:59','0204','54（XL）','SIZE',201301000550),
 (201301000555,'2013-01-10 23:26:16',0x01,0x01,'2013-01-10 23:26:16','03','裤装尺码','SIZE',NULL),
 (201301000556,'2013-01-10 23:26:46',0x01,0x01,'2013-01-10 23:26:46','0301','26（1.9尺）','SIZE',201301000555),
 (201301000557,'2013-01-10 23:27:51',0x01,0x01,'2013-01-10 23:27:51','0302','27（2.0尺）','SIZE',201301000555),
 (201301000558,'2013-01-10 23:28:29',0x01,0x01,'2013-01-10 23:28:29','0303','28（2.1尺）','SIZE',201301000555),
 (201301000559,'2013-01-10 23:29:07',0x01,0x01,'2013-01-10 23:29:07','0304','29（2.2尺）','SIZE',201301000555),
 (201301000560,'2013-01-10 23:30:37',0x01,0x01,'2013-01-10 23:30:37','0305','30（2.3尺）','SIZE',201301000555),
 (201301000561,'2013-01-10 23:31:10',0x01,0x01,'2013-01-10 23:31:10','0306','31（2.4尺）','SIZE',201301000555),
 (201301000562,'2013-01-10 23:31:49',0x01,0x01,'2013-01-10 23:31:49','0307','32（2.5尺）','SIZE',201301000555),
 (201301000563,'2013-01-10 23:32:12',0x01,0x01,'2013-01-10 23:32:12','0308','33（2.6尺）','SIZE',201301000555),
 (201301000564,'2013-01-10 23:32:49',0x01,0x01,'2013-01-10 23:32:49','0309','34（2.7尺）','SIZE',201301000555),
 (201301000565,'2013-01-10 23:33:32',0x01,0x01,'2013-01-10 23:34:11','0310','36（2.8尺）','SIZE',201301000555),
 (201301000566,'2013-01-10 23:34:35',0x01,0x01,'2013-01-10 23:34:35','0311','38（2.9尺）','SIZE',201301000555),
 (201301000567,'2013-01-10 23:35:02',0x01,0x01,'2013-01-10 23:35:02','0312','40（3.0尺）','SIZE',201301000555),
 (201301000568,'2013-01-10 23:35:33',0x01,0x01,'2013-01-10 23:35:33','0313','42（3.1尺）','SIZE',201301000555),
 (201301000569,'2013-01-10 23:35:57',0x01,0x01,'2013-01-10 23:35:57','0314','44（3.2尺）','SIZE',201301000555),
 (201301000570,'2013-01-10 23:36:39',0x01,0x01,'2013-01-10 23:36:39','0315','50（3.4尺）','SIZE',201301000555),
 (201301000571,'2013-01-10 23:37:08',0x01,0x01,'2013-01-10 23:37:08','0316','52（3.5尺）','SIZE',201301000555),
 (201301000572,'2013-01-10 23:37:43',0x01,0x01,'2013-01-10 23:37:43','0317','54（3.6尺）','SIZE',201301000555),
 (201301000573,'2013-01-10 23:43:19',0x01,0x01,'2013-01-10 23:43:19','04','西服装尺码','SIZE',NULL),
 (201301000574,'2013-01-10 23:43:48',0x01,0x01,'2013-01-10 23:45:20','0401','80（145）','SIZE',201301000573),
 (201301000575,'2013-01-10 23:44:07',0x01,0x01,'2013-01-10 23:44:50','0402','81（150）','SIZE',201301000573),
 (201301000576,'2013-01-10 23:44:38',0x01,0x01,'2013-01-10 23:44:38','0403','82（155）','SIZE',201301000573),
 (201301000577,'2013-01-10 23:45:47',0x01,0x01,'2013-01-10 23:45:47','0404','83（160）','SIZE',201301000573),
 (201301000578,'2013-01-10 23:46:33',0x01,0x01,'2013-01-10 23:46:33','0405','84（165）','SIZE',201301000573),
 (201301000579,'2013-01-10 23:46:54',0x01,0x01,'2013-01-10 23:46:54','0406','85（170）','SIZE',201301000573),
 (201301000580,'2013-01-10 23:47:27',0x01,0x01,'2013-01-10 23:47:27','0407','86（175）','SIZE',201301000573),
 (201301000581,'2013-01-10 23:48:40',0x01,0x01,'2013-01-10 23:48:40','0408','87（180）','SIZE',201301000573),
 (201301000582,'2013-01-10 23:49:15',0x01,0x01,'2013-01-10 23:49:15','0409','88（185）','SIZE',201301000573),
 (201301000583,'2013-01-10 23:49:51',0x01,0x01,'2013-01-10 23:49:51','0410','89（190）','SIZE',201301000573),
 (201301000584,'2013-01-10 23:51:42',0x01,0x01,'2013-01-10 23:51:42','05','衬衣装尺','SIZE',NULL),
 (201301000585,'2013-01-10 23:52:19',0x01,0x01,'2013-01-10 23:52:19','0501','60（38）','SIZE',201301000584),
 (201301000586,'2013-01-10 23:52:40',0x01,0x01,'2013-01-10 23:52:40','0502','61（39）','SIZE',201301000584),
 (201301000587,'2013-01-10 23:54:17',0x01,0x01,'2013-01-10 23:54:17','0503','62（40）','SIZE',201301000584),
 (201301000588,'2013-01-10 23:54:52',0x01,0x01,'2013-01-10 23:54:52','0504','63（41）','SIZE',201301000584),
 (201301000589,'2013-01-10 23:55:27',0x01,0x01,'2013-01-10 23:55:27','0505','64（42）','SIZE',201301000584),
 (201301000590,'2013-01-10 23:56:04',0x01,0x01,'2013-01-10 23:56:04','0506','65（43）','SIZE',201301000584),
 (201301000591,'2013-01-10 23:56:27',0x01,0x01,'2013-01-10 23:56:27','0507','66（44）','SIZE',201301000584),
 (201301000592,'2013-01-10 23:56:56',0x01,0x01,'2013-01-10 23:56:56','0508','67（45）','SIZE',201301000584),
 (201301000593,'2013-01-10 23:57:23',0x01,0x01,'2013-01-10 23:57:23','0509','68（46）','SIZE',201301000584),
 (201301000594,'2013-01-11 17:49:31',0x01,0x01,'2013-01-11 17:49:31','14','条','UNIT',NULL),
 (201301000595,'2013-01-11 18:14:18',0x01,0x01,'2013-01-11 18:14:18','0102','衬衫','PRODUCT',201301000540),
 (201301000596,'2013-01-11 18:43:56',0x01,0x01,'2013-01-11 18:43:56','0103','T恤','PRODUCT',201301000540);
INSERT INTO `base_category` (`id`,`createTime`,`flag`,`status`,`updateTime`,`code`,`name`,`sort`,`fk_category_id`) VALUES 
 (201301000597,'2013-01-11 18:44:30',0x01,0x01,'2013-01-11 18:44:30','010301','针织长袖恤','PRODUCT',201301000596),
 (201301000598,'2013-01-11 18:54:34',0x01,0x01,'2013-01-11 18:54:34','02','女装','PRODUCT',NULL),
 (201301000599,'2013-01-11 18:55:05',0x01,0x01,'2013-01-11 18:55:05','0201','裙子','PRODUCT',201301000598),
 (201301000600,'2013-01-11 19:10:59',0x01,0x01,'2013-01-11 19:10:59','0202','棉服','PRODUCT',201301000598),
 (201301000601,'2013-01-11 21:35:21',0x01,0x01,'2013-01-11 21:35:21','03','生产制造','VOCATION',NULL);
/*!40000 ALTER TABLE `base_category` ENABLE KEYS */;


--
-- Definition of table `base_company`
--

DROP TABLE IF EXISTS `base_company`;
CREATE TABLE `base_company` (
  `id` bigint(20) NOT NULL,
  `createTime` varchar(255) NOT NULL,
  `flag` bit(1) NOT NULL,
  `status` bit(1) NOT NULL,
  `updateTime` varchar(255) NOT NULL,
  `address` varchar(255) DEFAULT NULL,
  `badd` varchar(255) DEFAULT NULL,
  `bcode` varchar(255) DEFAULT NULL,
  `bman` varchar(255) DEFAULT NULL,
  `bname` varchar(255) DEFAULT NULL,
  `code` varchar(255) NOT NULL,
  `email` varchar(255) DEFAULT NULL,
  `fax` varchar(255) DEFAULT NULL,
  `linkman` varchar(255) DEFAULT NULL,
  `mobile` varchar(255) DEFAULT NULL,
  `name` varchar(255) NOT NULL,
  `phone` varchar(255) DEFAULT NULL,
  `postcode` varchar(255) DEFAULT NULL,
  `qq` varchar(255) DEFAULT NULL,
  `shortName` varchar(255) DEFAULT NULL,
  `tel` varchar(255) DEFAULT NULL,
  `web` varchar(255) DEFAULT NULL,
  `fk_city_id` bigint(20) DEFAULT NULL,
  `fk_province_id` bigint(20) DEFAULT NULL,
  `fk_company_id` bigint(20) DEFAULT NULL,
  `nature` varchar(10) NOT NULL,
  `fk_vocation_id` bigint(20) DEFAULT NULL,
  PRIMARY KEY (`id`),
  UNIQUE KEY `id` (`id`),
  UNIQUE KEY `code` (`code`),
  KEY `FK5DDD890FD1CC81EA` (`fk_province_id`),
  KEY `FK5DDD890F46B61FF3` (`fk_company_id`),
  KEY `FK5DDD890FC4FCD8CF` (`fk_city_id`),
  KEY `FK5DDD890F37A7FECF` (`fk_vocation_id`),
  CONSTRAINT `FK5DDD890F37A7FECF` FOREIGN KEY (`fk_vocation_id`) REFERENCES `base_category` (`id`),
  CONSTRAINT `FK5DDD890F46B61FF3` FOREIGN KEY (`fk_company_id`) REFERENCES `base_company` (`id`),
  CONSTRAINT `FK5DDD890FC4FCD8CF` FOREIGN KEY (`fk_city_id`) REFERENCES `base_category` (`id`),
  CONSTRAINT `FK5DDD890FD1CC81EA` FOREIGN KEY (`fk_province_id`) REFERENCES `base_category` (`id`)
) ENGINE=InnoDB DEFAULT CHARSET=utf8;

--
-- Dumping data for table `base_company`
--

/*!40000 ALTER TABLE `base_company` DISABLE KEYS */;
/*!40000 ALTER TABLE `base_company` ENABLE KEYS */;


--
-- Definition of table `base_customer`
--

DROP TABLE IF EXISTS `base_customer`;
CREATE TABLE `base_customer` (
  `id` bigint(20) NOT NULL,
  `createTime` varchar(255) NOT NULL,
  `flag` bit(1) NOT NULL,
  `status` bit(1) NOT NULL,
  `updateTime` varchar(255) NOT NULL,
  `address` varchar(255) DEFAULT NULL,
  `badd` varchar(255) DEFAULT NULL,
  `bcode` varchar(255) DEFAULT NULL,
  `bman` varchar(255) DEFAULT NULL,
  `bname` varchar(255) DEFAULT NULL,
  `code` varchar(255) NOT NULL,
  `email` varchar(255) DEFAULT NULL,
  `fax` varchar(255) DEFAULT NULL,
  `linkman` varchar(255) DEFAULT NULL,
  `mobile` varchar(255) DEFAULT NULL,
  `name` varchar(255) NOT NULL,
  `phone` varchar(255) DEFAULT NULL,
  `postcode` varchar(255) DEFAULT NULL,
  `qq` varchar(255) DEFAULT NULL,
  `shortName` varchar(255) DEFAULT NULL,
  `tel` varchar(255) DEFAULT NULL,
  `web` varchar(255) DEFAULT NULL,
  `fk_city_id` bigint(20) DEFAULT NULL,
  `fk_province_id` bigint(20) DEFAULT NULL,
  `fk_industry_id` bigint(20) DEFAULT NULL,
  `fk_sort_id` bigint(20) DEFAULT NULL,
  `nature` varchar(10) NOT NULL,
  `fk_vocation_id` bigint(20) DEFAULT NULL,
  PRIMARY KEY (`id`),
  UNIQUE KEY `id` (`id`),
  UNIQUE KEY `code` (`code`),
  KEY `FKA5B4C58C1D7F2BBC` (`fk_sort_id`),
  KEY `FKA5B4C58C43ABC47C` (`fk_industry_id`),
  KEY `FKA5B4C58CD1CC81EA` (`fk_province_id`),
  KEY `FKA5B4C58CC4FCD8CF` (`fk_city_id`),
  KEY `FKA5B4C58C37A7FECF` (`fk_vocation_id`),
  CONSTRAINT `FKA5B4C58C1D7F2BBC` FOREIGN KEY (`fk_sort_id`) REFERENCES `base_category` (`id`),
  CONSTRAINT `FKA5B4C58C37A7FECF` FOREIGN KEY (`fk_vocation_id`) REFERENCES `base_category` (`id`),
  CONSTRAINT `FKA5B4C58C43ABC47C` FOREIGN KEY (`fk_industry_id`) REFERENCES `base_category` (`id`),
  CONSTRAINT `FKA5B4C58CC4FCD8CF` FOREIGN KEY (`fk_city_id`) REFERENCES `base_category` (`id`),
  CONSTRAINT `FKA5B4C58CD1CC81EA` FOREIGN KEY (`fk_province_id`) REFERENCES `base_category` (`id`)
) ENGINE=InnoDB DEFAULT CHARSET=utf8;

--
-- Dumping data for table `base_customer`
--

/*!40000 ALTER TABLE `base_customer` DISABLE KEYS */;
INSERT INTO `base_customer` (`id`,`createTime`,`flag`,`status`,`updateTime`,`address`,`badd`,`bcode`,`bman`,`bname`,`code`,`email`,`fax`,`linkman`,`mobile`,`name`,`phone`,`postcode`,`qq`,`shortName`,`tel`,`web`,`fk_city_id`,`fk_province_id`,`fk_industry_id`,`fk_sort_id`,`nature`,`fk_vocation_id`) VALUES 
 (201301000001,'2013-01-09 11:40:07',0x01,0x01,'2013-01-09 11:53:52','中山五路57号7楼','中山五路57号','44312401400001128','郭玉莲','农业银行','201300001','kington@kington.com.cn','0760-88711494','郭玉莲','13549862292','广东京通资讯科技有限公司','0760-23328389','528403','221621191','京通科技','0760-88793441','http://www.kington.com.cn',201301000220,201301000151,NULL,201301000074,'N7',201301000525),
 (201301000002,'2013-01-17 22:29:39',0x01,0x01,'2013-01-17 22:29:39','孙文东路108号博网科技大厦7楼',NULL,NULL,NULL,NULL,'201300002',NULL,NULL,'杜永生','13652220051','博网科技','0760-88386000','528403',NULL,'博网科技',NULL,'http://www.bowan.com',201301000220,201301000151,NULL,201301000074,'N7',201301000525),
 (201301000003,'2013-01-18 09:46:47',0x01,0x01,'2013-01-18 09:46:47','西区华富道6号中山数码广场富荣阁21楼F座',NULL,NULL,NULL,NULL,'201300003',NULL,NULL,'雷丽华','13928141219','中山市网政软件有限公司','0760-88617198',NULL,NULL,'网政软件','0760-88617198',NULL,201301000220,201301000151,NULL,201301000074,'N7',201301000525);
/*!40000 ALTER TABLE `base_customer` ENABLE KEYS */;


--
-- Definition of table `base_customer_log`
--

DROP TABLE IF EXISTS `base_customer_log`;
CREATE TABLE `base_customer_log` (
  `id` bigint(20) NOT NULL,
  `createTime` varchar(255) NOT NULL,
  `flag` bit(1) NOT NULL,
  `status` bit(1) NOT NULL,
  `updateTime` varchar(255) NOT NULL,
  `context` varchar(255) NOT NULL,
  `fk_customer_id` bigint(20) DEFAULT NULL,
  `fk_employee_id` bigint(20) DEFAULT NULL,
  PRIMARY KEY (`id`),
  UNIQUE KEY `id` (`id`),
  KEY `FK8BABF211FD4C895C` (`fk_customer_id`),
  KEY `FK8BABF2114FB4DAC1` (`fk_employee_id`),
  CONSTRAINT `FK8BABF2114FB4DAC1` FOREIGN KEY (`fk_employee_id`) REFERENCES `base_employee` (`id`),
  CONSTRAINT `FK8BABF211FD4C895C` FOREIGN KEY (`fk_customer_id`) REFERENCES `base_customer` (`id`)
) ENGINE=InnoDB DEFAULT CHARSET=utf8;

--
-- Dumping data for table `base_customer_log`
--

/*!40000 ALTER TABLE `base_customer_log` DISABLE KEYS */;
/*!40000 ALTER TABLE `base_customer_log` ENABLE KEYS */;


--
-- Definition of table `base_customer_plan`
--

DROP TABLE IF EXISTS `base_customer_plan`;
CREATE TABLE `base_customer_plan` (
  `id` bigint(20) NOT NULL,
  `createTime` varchar(255) NOT NULL,
  `flag` bit(1) NOT NULL,
  `status` bit(1) NOT NULL,
  `updateTime` varchar(255) NOT NULL,
  `context` varchar(255) NOT NULL,
  `sort` varchar(255) NOT NULL,
  `fk_customer_id` bigint(20) DEFAULT NULL,
  `fk_employee_id` bigint(20) DEFAULT NULL,
  PRIMARY KEY (`id`),
  UNIQUE KEY `id` (`id`),
  KEY `FKE9D415FCFD4C895C` (`fk_customer_id`),
  KEY `FKE9D415FC4FB4DAC1` (`fk_employee_id`),
  CONSTRAINT `FKE9D415FC4FB4DAC1` FOREIGN KEY (`fk_employee_id`) REFERENCES `base_employee` (`id`),
  CONSTRAINT `FKE9D415FCFD4C895C` FOREIGN KEY (`fk_customer_id`) REFERENCES `base_customer` (`id`)
) ENGINE=InnoDB DEFAULT CHARSET=utf8;

--
-- Dumping data for table `base_customer_plan`
--

/*!40000 ALTER TABLE `base_customer_plan` DISABLE KEYS */;
/*!40000 ALTER TABLE `base_customer_plan` ENABLE KEYS */;


--
-- Definition of table `base_employee`
--

DROP TABLE IF EXISTS `base_employee`;
CREATE TABLE `base_employee` (
  `id` bigint(20) NOT NULL,
  `createTime` varchar(255) NOT NULL,
  `flag` bit(1) NOT NULL,
  `status` bit(1) NOT NULL,
  `updateTime` varchar(255) NOT NULL,
  `blood` varchar(255) DEFAULT NULL,
  `born` varchar(255) DEFAULT NULL,
  `email` varchar(255) DEFAULT NULL,
  `height` varchar(255) DEFAULT NULL,
  `love` varchar(255) DEFAULT NULL,
  `mobile` varchar(255) DEFAULT NULL,
  `name` varchar(255) DEFAULT NULL,
  `phone` varchar(255) DEFAULT NULL,
  `postcode` varchar(255) DEFAULT NULL,
  `qq` varchar(255) DEFAULT NULL,
  `sex` varchar(255) NOT NULL,
  `weight` varchar(255) DEFAULT NULL,
  `code` varchar(255) NOT NULL,
  `idcard` varchar(255) NOT NULL,
  `fk_department_id` bigint(20) DEFAULT NULL,
  `fk_duty_id` bigint(20) DEFAULT NULL,
  `fk_idtype_id` bigint(20) DEFAULT NULL,
  `badd` varchar(100) DEFAULT NULL,
  `bcode` varchar(25) DEFAULT NULL,
  `bman` varchar(20) DEFAULT NULL,
  `bname` varchar(50) DEFAULT NULL,
  `fk_nation_id` bigint(20) DEFAULT NULL,
  `fk_polity_id` bigint(20) DEFAULT NULL,
  `address` varchar(50) DEFAULT NULL,
  `photo` varchar(255) DEFAULT NULL,
  `fk_city_id` bigint(20) DEFAULT NULL,
  `fk_province_id` bigint(20) DEFAULT NULL,
  `degree` varchar(10) DEFAULT NULL,
  `school` varchar(30) DEFAULT NULL,
  `specialty` varchar(30) DEFAULT NULL,
  PRIMARY KEY (`id`),
  UNIQUE KEY `id` (`id`),
  UNIQUE KEY `code` (`code`),
  UNIQUE KEY `idcard` (`idcard`),
  KEY `FKC8B62C5C72E77BF3` (`fk_nation_id`),
  KEY `FKC8B62C5CA2DA69B9` (`fk_polity_id`),
  KEY `FKC8B62C5CE08C61A5` (`fk_idtype_id`),
  KEY `FKC8B62C5CE5D3B84` (`fk_duty_id`),
  KEY `FKC8B62C5C352E1508` (`fk_department_id`),
  KEY `FKC8B62C5CD1CC81EA` (`fk_province_id`),
  KEY `FKC8B62C5CC4FCD8CF` (`fk_city_id`),
  CONSTRAINT `FKC8B62C5C352E1508` FOREIGN KEY (`fk_department_id`) REFERENCES `base_category` (`id`),
  CONSTRAINT `FKC8B62C5C72E77BF3` FOREIGN KEY (`fk_nation_id`) REFERENCES `base_category` (`id`),
  CONSTRAINT `FKC8B62C5CA2DA69B9` FOREIGN KEY (`fk_polity_id`) REFERENCES `base_category` (`id`),
  CONSTRAINT `FKC8B62C5CC4FCD8CF` FOREIGN KEY (`fk_city_id`) REFERENCES `base_category` (`id`),
  CONSTRAINT `FKC8B62C5CD1CC81EA` FOREIGN KEY (`fk_province_id`) REFERENCES `base_category` (`id`),
  CONSTRAINT `FKC8B62C5CE08C61A5` FOREIGN KEY (`fk_idtype_id`) REFERENCES `base_category` (`id`),
  CONSTRAINT `FKC8B62C5CE5D3B84` FOREIGN KEY (`fk_duty_id`) REFERENCES `base_category` (`id`)
) ENGINE=InnoDB DEFAULT CHARSET=utf8;

--
-- Dumping data for table `base_employee`
--

/*!40000 ALTER TABLE `base_employee` DISABLE KEYS */;
INSERT INTO `base_employee` (`id`,`createTime`,`flag`,`status`,`updateTime`,`blood`,`born`,`email`,`height`,`love`,`mobile`,`name`,`phone`,`postcode`,`qq`,`sex`,`weight`,`code`,`idcard`,`fk_department_id`,`fk_duty_id`,`fk_idtype_id`,`badd`,`bcode`,`bman`,`bname`,`fk_nation_id`,`fk_polity_id`,`address`,`photo`,`fk_city_id`,`fk_province_id`,`degree`,`school`,`specialty`) VALUES 
 (201209000001,'2012-09-09 09:30:39',0x01,0x01,'2013-01-07 23:11:12','O','1985-10-10','duloveping@qq.com','123','打球','13652220051','杜永生','0760-86323161','528403','419116736','MALE','140','20120001','441621198510082231',201301000001,201301000006,201301000065,'三乡镇文昌路','9558802011112995902','杜永生','工商银行',201301000009,201301000115,'三乡镇三合村三合路一巷10号','/resource/manual/employee2013/01/07/1357570356029.jpg',201301000008,201301000007,NULL,NULL,NULL),
 (201209000005,'2012-09-15 14:34:56',0x01,0x01,'2012-09-23 00:05:45','A','1991-10-01','lml@kt.com',NULL,NULL,'13543803864','刘美玲','0760-86323161','528403','845203969','FEMALE',NULL,'20120002','442121199110012231',NULL,NULL,NULL,NULL,NULL,NULL,NULL,NULL,NULL,NULL,NULL,NULL,NULL,NULL,NULL,NULL);
/*!40000 ALTER TABLE `base_employee` ENABLE KEYS */;


--
-- Definition of table `base_linkman`
--

DROP TABLE IF EXISTS `base_linkman`;
CREATE TABLE `base_linkman` (
  `id` bigint(20) NOT NULL,
  `createTime` varchar(255) NOT NULL,
  `flag` bit(1) NOT NULL,
  `status` bit(1) NOT NULL,
  `updateTime` varchar(255) NOT NULL,
  `email` varchar(50) DEFAULT NULL,
  `mobile` varchar(20) DEFAULT NULL,
  `name` varchar(20) NOT NULL,
  `phone` varchar(20) DEFAULT NULL,
  `postcode` varchar(255) DEFAULT NULL,
  `qq` varchar(20) DEFAULT NULL,
  `sex` varchar(10) NOT NULL,
  `dataId` bigint(20) NOT NULL,
  `sort` varchar(255) NOT NULL,
  `address` varchar(50) DEFAULT NULL,
  `company` varchar(20) DEFAULT NULL,
  `duty` varchar(10) DEFAULT NULL,
  `fk_city_id` bigint(20) DEFAULT NULL,
  `fk_province_id` bigint(20) DEFAULT NULL,
  `fk_relation_id` bigint(20) DEFAULT NULL,
  PRIMARY KEY (`id`),
  UNIQUE KEY `id` (`id`),
  KEY `FK2FC487B28F9EAF9E` (`fk_relation_id`),
  KEY `FK2FC487B2D1CC81EA` (`fk_province_id`),
  KEY `FK2FC487B2C4FCD8CF` (`fk_city_id`),
  CONSTRAINT `FK2FC487B28F9EAF9E` FOREIGN KEY (`fk_relation_id`) REFERENCES `base_category` (`id`),
  CONSTRAINT `FK2FC487B2C4FCD8CF` FOREIGN KEY (`fk_city_id`) REFERENCES `base_category` (`id`),
  CONSTRAINT `FK2FC487B2D1CC81EA` FOREIGN KEY (`fk_province_id`) REFERENCES `base_category` (`id`)
) ENGINE=InnoDB DEFAULT CHARSET=utf8;

--
-- Dumping data for table `base_linkman`
--

/*!40000 ALTER TABLE `base_linkman` DISABLE KEYS */;
/*!40000 ALTER TABLE `base_linkman` ENABLE KEYS */;


--
-- Definition of table `base_material`
--

DROP TABLE IF EXISTS `base_material`;
CREATE TABLE `base_material` (
  `id` bigint(20) NOT NULL,
  `createTime` varchar(255) NOT NULL,
  `flag` bit(1) NOT NULL,
  `status` bit(1) NOT NULL,
  `updateTime` varchar(255) NOT NULL,
  `code` varchar(255) NOT NULL,
  `model` varchar(50) DEFAULT NULL,
  `name` varchar(255) NOT NULL,
  `price` double DEFAULT NULL,
  `spec` varchar(50) DEFAULT NULL,
  `fk_category_id` bigint(20) DEFAULT NULL,
  `fk_provider_id` bigint(20) DEFAULT NULL,
  `fk_unit_id` bigint(20) DEFAULT NULL,
  `brand` varchar(20) DEFAULT NULL,
  `caption` varchar(255) DEFAULT NULL,
  `color` varchar(20) DEFAULT NULL,
  `photo` varchar(255) DEFAULT NULL,
  PRIMARY KEY (`id`),
  UNIQUE KEY `id` (`id`),
  UNIQUE KEY `code` (`code`),
  KEY `FK9366AAD582FF6C7C` (`fk_provider_id`),
  KEY `FK9366AAD5A175F55C` (`fk_category_id`),
  KEY `FK9366AAD58517F616` (`fk_unit_id`),
  CONSTRAINT `FK9366AAD582FF6C7C` FOREIGN KEY (`fk_provider_id`) REFERENCES `base_provider` (`id`),
  CONSTRAINT `FK9366AAD58517F616` FOREIGN KEY (`fk_unit_id`) REFERENCES `base_category` (`id`),
  CONSTRAINT `FK9366AAD5A175F55C` FOREIGN KEY (`fk_category_id`) REFERENCES `base_category` (`id`)
) ENGINE=InnoDB DEFAULT CHARSET=utf8;

--
-- Dumping data for table `base_material`
--

/*!40000 ALTER TABLE `base_material` DISABLE KEYS */;
/*!40000 ALTER TABLE `base_material` ENABLE KEYS */;


--
-- Definition of table `base_product`
--

DROP TABLE IF EXISTS `base_product`;
CREATE TABLE `base_product` (
  `id` bigint(20) NOT NULL,
  `createTime` varchar(255) NOT NULL,
  `flag` bit(1) NOT NULL,
  `status` bit(1) NOT NULL,
  `updateTime` varchar(255) NOT NULL,
  `code` varchar(255) NOT NULL,
  `lowerPrice` double DEFAULT NULL,
  `name` varchar(255) NOT NULL,
  `price` double NOT NULL,
  `type` varchar(255) NOT NULL,
  `upperPrice` double DEFAULT NULL,
  `fk_sort_id` bigint(20) DEFAULT NULL,
  `fk_unit_id` bigint(20) DEFAULT NULL,
  `caption` varchar(255) DEFAULT NULL,
  `model` varchar(30) DEFAULT NULL,
  `photo` varchar(255) DEFAULT NULL,
  `size` varchar(10) DEFAULT NULL,
  `color` varchar(10) DEFAULT NULL,
  PRIMARY KEY (`id`),
  UNIQUE KEY `id` (`id`),
  UNIQUE KEY `code` (`code`),
  KEY `FK12C419811D7F2BBC` (`fk_sort_id`),
  KEY `FK12C419818517F616` (`fk_unit_id`),
  CONSTRAINT `FK12C419811D7F2BBC` FOREIGN KEY (`fk_sort_id`) REFERENCES `base_category` (`id`),
  CONSTRAINT `FK12C419818517F616` FOREIGN KEY (`fk_unit_id`) REFERENCES `base_category` (`id`)
) ENGINE=InnoDB DEFAULT CHARSET=utf8;

--
-- Dumping data for table `base_product`
--

/*!40000 ALTER TABLE `base_product` DISABLE KEYS */;
INSERT INTO `base_product` (`id`,`createTime`,`flag`,`status`,`updateTime`,`code`,`lowerPrice`,`name`,`price`,`type`,`upperPrice`,`fk_sort_id`,`fk_unit_id`,`caption`,`model`,`photo`,`size`,`color`) VALUES 
 (201301000002,'2013-01-10 22:28:48',0x01,0x01,'2013-01-11 17:50:27','201300002',81,'Metersbonwe男后袋折边细节牛仔长裤',90,'PIECE',159,201301000541,201301000594,NULL,'MB0001','/resource/manual/product/2013/01/11/1357896517327.jpg','L','黑色'),
 (201301000003,'2013-01-11 17:48:58',0x01,0x01,'2013-01-11 17:50:07','201300003',90,'Metersbonwe运动休闲男基本牛仔长裤',123,'PIECE',160,201301000541,201301000594,NULL,'MB0002','/resource/manual/product/2013/01/11/1357897738521.jpg',NULL,'黑色'),
 (201301000004,'2013-01-11 17:52:28',0x01,0x01,'2013-01-11 17:52:28','201300004',80,'Metersbonwe男前表袋印凸胶牛仔长裤',119,'PIECE',160,201301000541,201301000594,NULL,'MB0003','/resource/manual/product/2013/01/11/1357897948910.jpg',NULL,'蓝色'),
 (201301000005,'2013-01-11 17:57:33',0x01,0x01,'2013-01-11 17:57:33','201300005',70,'Metersbonwe（秋冬新品）休闲时尚男水洗直筒牛仔长裤',99,'PIECE',150,201301000541,201301000594,NULL,'MB0004','/resource/manual/product/2013/01/11/1357898253426.jpg',NULL,'蓝色'),
 (201301000006,'2013-01-11 17:59:50',0x01,0x01,'2013-01-11 17:59:50','201300006',60,'Metersbonwe男基本五袋多色牛仔长裤',85,'PIECE',120,201301000541,201301000594,NULL,'MB0005','/resource/manual/product/2013/01/11/1357898390860.jpg',NULL,'黑色'),
 (201301000007,'2013-01-11 18:03:17',0x01,0x01,'2013-01-11 18:03:17','201300007',45,'Metersbonwe男前袋细节牛仔长裤',69,'PIECE',100,201301000541,201301000594,NULL,'MB0006','/resource/manual/product/2013/01/11/1357898597792.jpg',NULL,'深蓝'),
 (201301000008,'2013-01-11 18:05:16',0x01,0x01,'2013-01-11 18:05:16','201300008',60,'ME&CITY 男修身版型彩色牛仔长裤窄腿',89,'PIECE',130,201301000541,201301000594,NULL,'MB0007','/resource/manual/product/2013/01/11/1357898716399.jpg',NULL,'天蓝'),
 (201301000009,'2013-01-11 18:07:24',0x01,0x01,'2013-01-11 18:07:24','201300009',80,'ME&CITY 男灰色压裤缝牛仔长裤',115,'PIECE',140,201301000541,201301000594,NULL,'MB0008','/resource/manual/product/2013/01/11/1357898844645.jpg',NULL,'灰色'),
 (201301000010,'2013-01-11 18:09:16',0x01,0x01,'2013-01-11 18:09:16','201300010',70,'ME&CITY 男修身版型粉色牛仔长裤窄腿',95,'PIECE',130,201301000541,201301000594,NULL,'MB0009','/resource/manual/product/2013/01/11/1357898956916.jpg',NULL,'粉色'),
 (201301000011,'2013-01-11 18:11:43',0x01,0x01,'2013-01-11 18:11:43','201300011',95,'Metersbonwe（冬装新品）TAGLINE男涂层弹力牛仔长裤',120,'PIECE',145,201301000541,201301000594,NULL,'MB0011','/resource/manual/product/2013/01/11/1357899103585.jpg',NULL,'黑色'),
 (201301000012,'2013-01-11 18:15:58',0x01,0x01,'2013-01-11 18:15:58','201300012',50,'AMPM男商务撞色领袖边长袖衬衫',100,'PIECE',150,201301000595,201301000527,NULL,'AMPM-0001','/resource/manual/product/2013/01/11/1357899358032.jpg',NULL,'白色'),
 (201301000013,'2013-01-11 18:18:46',0x01,0x01,'2013-01-11 18:18:46','201300013',60,'Metersbonwe男配领带长袖衬衫',95,'ASSEMBLE',130,201301000595,201301000528,NULL,'AMPM-0002','/resource/manual/product/2013/01/11/1357899526582.jpg',NULL,'白色'),
 (201301000014,'2013-01-11 18:20:58',0x01,0x01,'2013-01-11 18:21:17','201300014',60,'Metersbonwe（冬装新品）休闲时尚男款全身印花针织衬衣',100,'PIECE',140,201301000595,201301000527,NULL,'AMPM-0003','/resource/manual/product/2013/01/11/1357899658437.jpg',NULL,'黄黑'),
 (201301000015,'2013-01-11 18:23:34',0x01,0x01,'2013-01-11 18:23:34','201300015',85,'Metersbonwe男印花图案短袖衬衫',110,'PIECE',160,201301000595,201301000527,NULL,'AMPM-0004','/resource/manual/product/2013/01/11/1357899814011.jpg',NULL,'灰色'),
 (201301000016,'2013-01-11 18:25:50',0x01,0x01,'2013-01-11 18:25:50','201300016',90,'Metersbonwe（秋冬新品）URBANLIFE男平纹小细格撞白领长袖衬衫',130,'PIECE',180,201301000595,201301000527,NULL,'AMPM-0005','/resource/manual/product/2013/01/11/1357899950907.jpg',NULL,'灰色'),
 (201301000017,'2013-01-11 18:29:42',0x01,0x01,'2013-01-11 18:30:14','201300017',100,'Metersbonwe（冬装新品）休闲时尚男拼接格仔长袖衬衫',130,'PIECE',170,201301000595,201301000527,NULL,'AMPM-0010','/resource/manual/product/2013/01/11/1357900182882.jpg',NULL,'棕色'),
 (201301000018,'2013-01-11 18:32:25',0x01,0x01,'2013-01-11 18:32:25','201300018',95,'Metersbonwe（冬装新品）休闲时尚男双贴袋磨毛格子衬衫',125,'PIECE',155,201301000595,201301000527,NULL,'AMPM-0006','/resource/manual/product/2013/01/11/1357900345108.jpg',NULL,'白灰'),
 (201301000019,'2013-01-11 18:34:12',0x01,0x01,'2013-01-11 18:34:12','201300019',80,'ME&CITY 男军装感短袖衬衫',120,'PIECE',150,201301000595,201301000527,NULL,'AMPM-0007','/resource/manual/product/2013/01/11/1357900452502.jpg',NULL,'棕绿'),
 (201301000020,'2013-01-11 18:35:52',0x01,0x01,'2013-01-11 18:35:52','201300020',170,'ME&CITY 男修身火腿纹短袖衬衫',190,'PIECE',230,201301000595,201301000527,NULL,'AMPM-0009','/resource/manual/product/2013/01/11/1357900552458.jpg',NULL,'花蓝'),
 (201301000021,'2013-01-11 18:37:54',0x01,0x01,'2013-01-11 18:37:54','201300021',90,'Metersbonwe（冬装新品）URBAN LIFE男门襟细节拼接长袖衬衫',125,'PIECE',160,201301000595,201301000527,NULL,'AMPM-0008','/resource/manual/product/2013/01/11/1357900674783.jpg',NULL,'灰色'),
 (201301000022,'2013-01-11 18:42:00',0x01,0x01,'2013-01-11 18:42:00','201300022',80,'ME&CITY 男多色拼接长袖衬衫',125,'PIECE',200,201301000595,201301000527,NULL,'AMPM-0011','/resource/manual/product/2013/01/11/1357900920641.jpg',NULL,'蓝色'),
 (201301000023,'2013-01-11 18:46:56',0x01,0x01,'2013-01-11 18:47:05','201300023',40,'Metersbonwe（冬装新品）休闲时尚男前胸印数字印花针织长袖恤',70,'PIECE',120,201301000597,201301000527,NULL,'TS-0001','/resource/manual/product/2013/01/11/1357901216656.jpg',NULL,'灰色'),
 (201301000024,'2013-01-11 18:49:43',0x01,0x01,'2013-01-11 18:49:43','201300024',65,'Metersbonwe（冬装新品）休闲时尚男狩猎者复古印花圆领长袖T恤',89,'PIECE',120,201301000597,201301000527,NULL,'TS-0002','/resource/manual/product/2013/01/11/1357901383094.jpg',NULL,'黄色'),
 (201301000025,'2013-01-11 18:52:20',0x01,0x01,'2013-01-11 18:52:20','201300025',70,'Metersbonwe（冬装新品）MTEE男MTEE植物大战僵尸印花针织长袖恤',85,'PIECE',100,201301000597,201301000527,NULL,'TS-0003','/resource/manual/product/2013/01/11/1357901540856.jpg',NULL,'绿色'),
 (201301000026,'2013-01-11 18:56:23',0x01,0x01,'2013-01-11 18:56:23','201300026',100,'Metersbonwe（特惠新品）女运动休闲民族提花图案短袖毛织中裙',120,'PIECE',140,201301000599,201301000594,NULL,'QZ-0001','/resource/manual/product/2013/01/11/1357901783739.jpg',NULL,'白黑'),
 (201301000027,'2013-01-11 18:58:55',0x01,0x01,'2013-01-11 18:58:55','201300027',NULL,'AMPM女腰部系带格仔短袖连衣裙',85,'PIECE',NULL,201301000599,201301000527,NULL,'QZ-0002','/resource/manual/product/2013/01/11/1357901935001.jpg',NULL,NULL),
 (201301000028,'2013-01-11 19:00:52',0x01,0x01,'2013-01-11 19:00:52','201300028',NULL,'ME&CITY 女针梭相拼连衣裙',125,'PIECE',NULL,201301000599,201301000527,NULL,'TS-0004','/resource/manual/product/2013/01/11/1357902052040.jpg',NULL,NULL),
 (201301000029,'2013-01-11 19:02:57',0x01,0x01,'2013-01-11 19:02:57','201300029',NULL,'Metersbonwe（冬装新品）URBAN LIFE女系腰带包臀半裙',139,'PIECE',NULL,201301000599,201301000594,NULL,'QZ-0003','/resource/manual/product/2013/01/11/1357902177202.jpg',NULL,'粉色'),
 (201301000030,'2013-01-11 19:04:34',0x01,0x01,'2013-01-11 19:04:34','201300030',NULL,'Metersbonwe女装后袋多分割牛仔短裙',85,'PIECE',NULL,201301000599,201301000594,NULL,'QZ-0005','/resource/manual/product/2013/01/11/1357902274061.jpg',NULL,'蓝色'),
 (201301000031,'2013-01-11 19:07:11',0x01,0x01,'2013-01-11 19:07:11','201300031',NULL,'Metersbonwe（冬装新品）休闲时尚女拼皮针织半裙',170,'PIECE',NULL,201301000599,201301000594,NULL,'QZ-0004','/resource/manual/product/2013/01/11/1357902431874.jpg',NULL,NULL),
 (201301000032,'2013-01-11 19:09:29',0x01,0x01,'2013-01-11 19:09:29','201300032',NULL,'Metersbonwe（冬装新品）URBAN LIFE女撞色蝴蝶结装饰连衣裙',230,'PIECE',NULL,201301000599,201301000527,NULL,'TS-0005','/resource/manual/product/2013/01/11/1357902569366.jpg',NULL,NULL),
 (201301000033,'2013-01-11 19:12:38',0x01,0x01,'2013-01-11 19:12:38','201300033',NULL,'Metersbonwe（冬装新品）MTEE女HELLO KITTY耳朵印花棉衣',380,'PIECE',NULL,201301000600,201301000527,NULL,'MF-0001','/resource/manual/product/2013/01/11/1357902758827.jpg',NULL,'黑色'),
 (201301000034,'2013-01-11 19:15:13',0x01,0x01,'2013-01-11 19:15:13','201300034',NULL,'AMPM女可脱卸内里水洗短棉衣',220,'PIECE',NULL,201301000600,201301000527,NULL,'MF-0002','/resource/manual/product/2013/01/11/1357902913713.jpg',NULL,NULL),
 (201301000035,'2013-01-11 19:17:02',0x01,0x01,'2013-01-11 19:17:02','201300035',NULL,'AMPM女连帽中长棉服',180,'PIECE',NULL,201301000600,201301000527,NULL,'MF-0003','/resource/manual/product/2013/01/11/1357903022896.jpg',NULL,NULL),
 (201301000036,'2013-01-11 19:20:30',0x01,0x01,'2013-01-11 19:20:30','201300036',NULL,'Metersbonwe女牛角扣绞花连帽外套',175,'PIECE',NULL,201301000600,201301000527,NULL,'MF-0004','/resource/manual/product/2013/01/11/1357903230183.jpg',NULL,NULL);
/*!40000 ALTER TABLE `base_product` ENABLE KEYS */;


--
-- Definition of table `base_prov_mate`
--

DROP TABLE IF EXISTS `base_prov_mate`;
CREATE TABLE `base_prov_mate` (
  `id` bigint(20) NOT NULL,
  `createTime` varchar(255) NOT NULL,
  `flag` bit(1) NOT NULL,
  `status` bit(1) NOT NULL,
  `updateTime` varchar(255) NOT NULL,
  `fk_material_id` bigint(20) DEFAULT NULL,
  `fk_provider_id` bigint(20) DEFAULT NULL,
  PRIMARY KEY (`id`),
  UNIQUE KEY `id` (`id`),
  UNIQUE KEY `fk_provider_id` (`fk_provider_id`,`fk_material_id`),
  KEY `FK8FA9462D82FF6C7C` (`fk_provider_id`),
  KEY `FK8FA9462DBBE798BC` (`fk_material_id`),
  CONSTRAINT `FK8FA9462D82FF6C7C` FOREIGN KEY (`fk_provider_id`) REFERENCES `base_provider` (`id`),
  CONSTRAINT `FK8FA9462DBBE798BC` FOREIGN KEY (`fk_material_id`) REFERENCES `base_material` (`id`)
) ENGINE=InnoDB DEFAULT CHARSET=utf8;

--
-- Dumping data for table `base_prov_mate`
--

/*!40000 ALTER TABLE `base_prov_mate` DISABLE KEYS */;
/*!40000 ALTER TABLE `base_prov_mate` ENABLE KEYS */;


--
-- Definition of table `base_provider`
--

DROP TABLE IF EXISTS `base_provider`;
CREATE TABLE `base_provider` (
  `id` bigint(20) NOT NULL,
  `createTime` varchar(255) NOT NULL,
  `flag` bit(1) NOT NULL,
  `status` bit(1) NOT NULL,
  `updateTime` varchar(255) NOT NULL,
  `address` varchar(255) DEFAULT NULL,
  `badd` varchar(255) DEFAULT NULL,
  `bcode` varchar(255) DEFAULT NULL,
  `bman` varchar(255) DEFAULT NULL,
  `bname` varchar(255) DEFAULT NULL,
  `code` varchar(255) NOT NULL,
  `email` varchar(255) DEFAULT NULL,
  `fax` varchar(255) DEFAULT NULL,
  `linkman` varchar(255) DEFAULT NULL,
  `mobile` varchar(255) DEFAULT NULL,
  `name` varchar(255) NOT NULL,
  `phone` varchar(255) DEFAULT NULL,
  `postcode` varchar(255) DEFAULT NULL,
  `qq` varchar(255) DEFAULT NULL,
  `shortName` varchar(255) DEFAULT NULL,
  `tel` varchar(255) DEFAULT NULL,
  `web` varchar(255) DEFAULT NULL,
  `fk_city_id` bigint(20) DEFAULT NULL,
  `fk_province_id` bigint(20) DEFAULT NULL,
  `nature` varchar(10) NOT NULL,
  `fk_vocation_id` bigint(20) DEFAULT NULL,
  PRIMARY KEY (`id`),
  UNIQUE KEY `id` (`id`),
  UNIQUE KEY `code` (`code`),
  KEY `FK46B74B9FD1CC81EA` (`fk_province_id`),
  KEY `FK46B74B9FC4FCD8CF` (`fk_city_id`),
  KEY `FK46B74B9F37A7FECF` (`fk_vocation_id`),
  CONSTRAINT `FK46B74B9F37A7FECF` FOREIGN KEY (`fk_vocation_id`) REFERENCES `base_category` (`id`),
  CONSTRAINT `FK46B74B9FC4FCD8CF` FOREIGN KEY (`fk_city_id`) REFERENCES `base_category` (`id`),
  CONSTRAINT `FK46B74B9FD1CC81EA` FOREIGN KEY (`fk_province_id`) REFERENCES `base_category` (`id`)
) ENGINE=InnoDB DEFAULT CHARSET=utf8;

--
-- Dumping data for table `base_provider`
--

/*!40000 ALTER TABLE `base_provider` DISABLE KEYS */;
INSERT INTO `base_provider` (`id`,`createTime`,`flag`,`status`,`updateTime`,`address`,`badd`,`bcode`,`bman`,`bname`,`code`,`email`,`fax`,`linkman`,`mobile`,`name`,`phone`,`postcode`,`qq`,`shortName`,`tel`,`web`,`fk_city_id`,`fk_province_id`,`nature`,`fk_vocation_id`) VALUES 
 (201301000002,'2013-01-11 21:38:38',0x01,0x01,'2013-01-11 21:38:38','中大布市海印环路1315号',NULL,NULL,NULL,NULL,'201300002',NULL,'020-89037916','徐伯平','13533184778','协和纺织有限公司','020-34228527','510530',NULL,'协和纺织',NULL,'http://www.xiehetex.com',201301000225,201301000151,'N7',201301000601),
 (201301000004,'2013-01-11 21:44:10',0x01,0x01,'2013-01-11 21:46:01','萧山区瓜沥镇六里桥',NULL,NULL,NULL,NULL,'201300004',NULL,'0571-82508452','滕国平',NULL,'杭州腾飞工贸实业有限公司','0571-82508452','311241',NULL,'腾飞','0571-82508452','http://www.hztfyr.com',201301000189,201301000179,'N7',201301000601),
 (201301000005,'2013-01-11 21:49:21',0x01,0x01,'2013-01-11 21:49:21','顺德区容桂镇海尾工业区',NULL,NULL,NULL,NULL,'201300005',NULL,'0757-28390170','冯先生',NULL,'广东顺德市金纺集团有限公司','0757-28398168','528305',NULL,'金纺','0757-28392968','http://www.cngoldtex.com',201301000221,201301000151,'N7',201301000601),
 (201301000006,'2013-01-11 21:52:52',0x01,0x01,'2013-01-11 21:52:52','普君北路18号',NULL,NULL,NULL,NULL,'201300006',NULL,'0757-83994011','黄日科',NULL,'佛山华丰纺织有限公司','0757-83994015','528000',NULL,'华丰纺织','0757-83994015','http://www.huafengtex.com/',201301000221,201301000151,'N7',201301000601),
 (201301000007,'2013-01-11 21:56:27',0x01,0x01,'2013-01-11 21:56:27','中国轻纺城西市场三区一楼398',NULL,NULL,NULL,NULL,'201300007',NULL,'0575-4074690','刘鸿圆','13575549893','广东南海德耀纺织实业有限公司柯桥分公司','0575-4074690','512000',NULL,'德耀纺织',NULL,'http://www.deyao.com.cn',201301000517,201301000179,'N7',201301000601),
 (201301000009,'2013-01-11 21:59:10',0x01,0x01,'2013-01-11 21:59:10','柯西工业区',NULL,NULL,NULL,NULL,'201300009',NULL,'0575-4881618','刘亮',NULL,'绍兴英吉利印染有限公司','0575-4881166','312030',NULL,'英吉利','0575-4881166','http://www.yingjilicn.com/',201301000182,201301000179,'N7',201301000601),
 (201301000010,'2013-01-11 22:02:33',0x01,0x01,'2013-01-11 22:02:33','工农路12号新通海大厦北大门2楼',NULL,NULL,NULL,NULL,'201300010',NULL,'0513-5255710','陆斌',NULL,'中诚信(南通)制衣有限公司','0513-3569777','226007',NULL,'中诚信','0513-3569777','http://www.baifuhua.com.cn/',201301000350,201301000162,'N7',201301000601),
 (201301000011,'2013-01-11 22:05:27',0x01,0x01,'2013-01-11 22:05:27','南海市沙头镇工业区',NULL,NULL,NULL,NULL,'201300011',NULL,'0757-86917378','卢先生',NULL,'广东南海纯兴服装织造厂','0757-86911408','528208',NULL,'纯兴服装','0757-86911408','http://www.luchun.com',201301000221,201301000151,'N7',201301000601),
 (201301000012,'2013-01-11 22:08:25',0x01,0x01,'2013-01-11 22:08:25','萧山党山镇长沙村',NULL,NULL,NULL,NULL,'201300012',NULL,'0571-82535032','郑建桥',NULL,'杭州宏宇纺织有限公司','0571-82537078','311241',NULL,'宏宇纺织','0571-82537078','http://www.hongyutextile.com',201301000510,201301000179,'N7',201301000601),
 (201301000013,'2013-01-11 22:11:07',0x01,0x01,'2013-01-11 22:11:07','岐关西路槎桥路口',NULL,NULL,NULL,NULL,'201300013',NULL,'0760-8813064','帅川',NULL,'广东省中山市仕春纺织印染实业有限公司','0760-8922042','528400',NULL,'仕春纺织','0760-8922042','http://www.shichun.com/',201301000220,201301000151,'N7',201301000601),
 (201301000014,'2013-01-11 22:13:55',0x01,0x01,'2013-01-11 22:13:55','三乡镇平东新城区',NULL,NULL,NULL,NULL,'201300014',NULL,'0760-3011337','陈涛','13450666237','华容橡根包线有限公司','0760-3011332','528463',NULL,'华容','0760-3011332','http://www.huarong-china.com/',201301000220,201301000151,'N7',201301000601),
 (201301000015,'2013-01-11 22:16:51',0x01,0x01,'2013-01-11 22:16:51','西区沙朗金龙工业区',NULL,NULL,NULL,NULL,'201300015',NULL,'0760-8554130','陈小玲',NULL,'中山市西区金龙纺织厂','0760-8554117','528400',NULL,'金龙纺织厂','0760-8554117','http://www.gdtextiles.com/',201301000220,201301000151,'N7',201301000601);
/*!40000 ALTER TABLE `base_provider` ENABLE KEYS */;


--
-- Definition of table `base_storage`
--

DROP TABLE IF EXISTS `base_storage`;
CREATE TABLE `base_storage` (
  `id` bigint(20) NOT NULL,
  `createTime` varchar(255) NOT NULL,
  `flag` bit(1) NOT NULL,
  `status` bit(1) NOT NULL,
  `updateTime` varchar(255) NOT NULL,
  `amount` bigint(20) NOT NULL,
  `dataId` bigint(20) NOT NULL,
  `lowerlimit` bigint(20) DEFAULT NULL,
  `sort` int(11) NOT NULL,
  `upperlimit` bigint(20) DEFAULT NULL,
  `fk_store_id` bigint(20) DEFAULT NULL,
  PRIMARY KEY (`id`),
  UNIQUE KEY `id` (`id`),
  UNIQUE KEY `fk_store_id` (`fk_store_id`,`sort`,`dataId`),
  KEY `FKB4E68F0D777AEB6B` (`fk_store_id`),
  CONSTRAINT `FKB4E68F0D777AEB6B` FOREIGN KEY (`fk_store_id`) REFERENCES `base_store` (`id`)
) ENGINE=InnoDB DEFAULT CHARSET=utf8;

--
-- Dumping data for table `base_storage`
--

/*!40000 ALTER TABLE `base_storage` DISABLE KEYS */;
/*!40000 ALTER TABLE `base_storage` ENABLE KEYS */;


--
-- Definition of table `base_store`
--

DROP TABLE IF EXISTS `base_store`;
CREATE TABLE `base_store` (
  `id` bigint(20) NOT NULL,
  `createTime` varchar(255) NOT NULL,
  `flag` bit(1) NOT NULL,
  `status` bit(1) NOT NULL,
  `updateTime` varchar(255) NOT NULL,
  `address` varchar(255) DEFAULT NULL,
  `name` varchar(255) NOT NULL,
  `phone` varchar(255) DEFAULT NULL,
  `sort` varchar(255) DEFAULT NULL,
  `fk_employee_id` bigint(20) DEFAULT NULL,
  PRIMARY KEY (`id`),
  UNIQUE KEY `id` (`id`),
  KEY `FKE3AF41F34FB4DAC1` (`fk_employee_id`),
  CONSTRAINT `FKE3AF41F34FB4DAC1` FOREIGN KEY (`fk_employee_id`) REFERENCES `base_employee` (`id`)
) ENGINE=InnoDB DEFAULT CHARSET=utf8;

--
-- Dumping data for table `base_store`
--

/*!40000 ALTER TABLE `base_store` DISABLE KEYS */;
/*!40000 ALTER TABLE `base_store` ENABLE KEYS */;


--
-- Definition of table `base_work`
--

DROP TABLE IF EXISTS `base_work`;
CREATE TABLE `base_work` (
  `id` bigint(20) NOT NULL,
  `createTime` varchar(255) NOT NULL,
  `flag` bit(1) NOT NULL,
  `status` bit(1) NOT NULL,
  `updateTime` varchar(255) NOT NULL,
  `code` varchar(50) NOT NULL,
  `name` varchar(50) NOT NULL,
  `price` double NOT NULL,
  `remark` varchar(255) DEFAULT NULL,
  `fk_category_id` bigint(20) DEFAULT NULL,
  `fk_product_id` bigint(20) DEFAULT NULL,
  PRIMARY KEY (`id`),
  UNIQUE KEY `id` (`id`),
  UNIQUE KEY `code` (`code`),
  KEY `FK93BD13BFA175F55C` (`fk_category_id`),
  KEY `FK93BD13BF3F6BF6B8` (`fk_product_id`),
  CONSTRAINT `FK93BD13BF3F6BF6B8` FOREIGN KEY (`fk_product_id`) REFERENCES `base_product` (`id`),
  CONSTRAINT `FK93BD13BFA175F55C` FOREIGN KEY (`fk_category_id`) REFERENCES `base_category` (`id`)
) ENGINE=InnoDB DEFAULT CHARSET=utf8;

--
-- Dumping data for table `base_work`
--

/*!40000 ALTER TABLE `base_work` DISABLE KEYS */;
/*!40000 ALTER TABLE `base_work` ENABLE KEYS */;


--
-- Definition of table `bg_day_report`
--

DROP TABLE IF EXISTS `bg_day_report`;
CREATE TABLE `bg_day_report` (
  `id` bigint(20) NOT NULL,
  `createTime` varchar(255) NOT NULL,
  `flag` bit(1) NOT NULL,
  `status` bit(1) NOT NULL,
  `updateTime` varchar(255) NOT NULL,
  `afterEnd` varchar(255) DEFAULT NULL,
  `afterStart` varchar(255) DEFAULT NULL,
  `departId` bigint(20) NOT NULL,
  `departName` varchar(255) NOT NULL,
  `empCode` varchar(255) NOT NULL,
  `empId` bigint(20) NOT NULL,
  `empName` varchar(255) NOT NULL,
  `mornEnd` varchar(255) DEFAULT NULL,
  `mornStart` varchar(255) DEFAULT NULL,
  `nightEnd` varchar(255) DEFAULT NULL,
  `nightStart` varchar(255) DEFAULT NULL,
  `state` varchar(255) DEFAULT NULL,
  `workDate` varchar(255) DEFAULT NULL,
  PRIMARY KEY (`id`),
  UNIQUE KEY `id` (`id`)
) ENGINE=InnoDB DEFAULT CHARSET=utf8;

--
-- Dumping data for table `bg_day_report`
--

/*!40000 ALTER TABLE `bg_day_report` DISABLE KEYS */;
/*!40000 ALTER TABLE `bg_day_report` ENABLE KEYS */;


--
-- Definition of table `bg_month_report`
--

DROP TABLE IF EXISTS `bg_month_report`;
CREATE TABLE `bg_month_report` (
  `id` bigint(20) NOT NULL,
  `createTime` varchar(255) NOT NULL,
  `flag` bit(1) NOT NULL,
  `status` bit(1) NOT NULL,
  `updateTime` varchar(255) NOT NULL,
  `departId` bigint(20) NOT NULL,
  `departName` varchar(255) NOT NULL,
  `empCode` varchar(255) NOT NULL,
  `empId` bigint(20) NOT NULL,
  `empName` varchar(255) NOT NULL,
  `lateHour` decimal(10,2) DEFAULT NULL,
  `leaveHour` decimal(10,2) DEFAULT NULL,
  `noDays` decimal(10,2) DEFAULT NULL,
  `state` varchar(255) DEFAULT NULL,
  `workDate` varchar(255) DEFAULT NULL,
  `workDays` decimal(10,2) DEFAULT NULL,
  `workHour` decimal(10,2) DEFAULT NULL,
  PRIMARY KEY (`id`),
  UNIQUE KEY `id` (`id`)
) ENGINE=InnoDB DEFAULT CHARSET=utf8;

--
-- Dumping data for table `bg_month_report`
--

/*!40000 ALTER TABLE `bg_month_report` DISABLE KEYS */;
/*!40000 ALTER TABLE `bg_month_report` ENABLE KEYS */;


--
-- Definition of table `bg_produce_report`
--

DROP TABLE IF EXISTS `bg_produce_report`;
CREATE TABLE `bg_produce_report` (
  `id` bigint(20) NOT NULL,
  `createTime` varchar(255) NOT NULL,
  `flag` bit(1) NOT NULL,
  `status` bit(1) NOT NULL,
  `updateTime` varchar(255) NOT NULL,
  `amount` int(11) DEFAULT NULL,
  `departId` bigint(20) NOT NULL,
  `departName` varchar(255) NOT NULL,
  `empCode` varchar(255) NOT NULL,
  `empId` bigint(20) NOT NULL,
  `empName` varchar(255) NOT NULL,
  `orderId` bigint(20) DEFAULT NULL,
  `price` varchar(255) DEFAULT NULL,
  `proId` bigint(20) DEFAULT NULL,
  `proName` varchar(255) DEFAULT NULL,
  `state` varchar(255) DEFAULT NULL,
  `workDate` varchar(255) DEFAULT NULL,
  `workId` bigint(20) DEFAULT NULL,
  `workName` varchar(255) DEFAULT NULL,
  PRIMARY KEY (`id`),
  UNIQUE KEY `id` (`id`)
) ENGINE=InnoDB DEFAULT CHARSET=utf8;

--
-- Dumping data for table `bg_produce_report`
--

/*!40000 ALTER TABLE `bg_produce_report` DISABLE KEYS */;
/*!40000 ALTER TABLE `bg_produce_report` ENABLE KEYS */;


--
-- Definition of table `bg_wage_report`
--

DROP TABLE IF EXISTS `bg_wage_report`;
CREATE TABLE `bg_wage_report` (
  `id` bigint(20) NOT NULL,
  `createTime` varchar(255) NOT NULL,
  `flag` bit(1) NOT NULL,
  `status` bit(1) NOT NULL,
  `updateTime` varchar(255) NOT NULL,
  `allowance` decimal(10,2) DEFAULT NULL,
  `amerce` decimal(10,2) DEFAULT NULL,
  `basic` decimal(10,2) DEFAULT NULL,
  `bonus` decimal(10,2) DEFAULT NULL,
  `countwork` decimal(10,2) DEFAULT NULL,
  `departId` bigint(20) NOT NULL,
  `departName` varchar(255) NOT NULL,
  `empCode` varchar(255) NOT NULL,
  `empId` bigint(20) NOT NULL,
  `empName` varchar(255) NOT NULL,
  `fact` decimal(10,2) DEFAULT NULL,
  `insurance` decimal(10,2) DEFAULT NULL,
  `overtime` decimal(10,2) DEFAULT NULL,
  `percent` decimal(10,2) DEFAULT NULL,
  `revenue` decimal(10,2) DEFAULT NULL,
  `should` decimal(10,2) DEFAULT NULL,
  `state` varchar(255) DEFAULT NULL,
  `timework` decimal(10,2) DEFAULT NULL,
  PRIMARY KEY (`id`),
  UNIQUE KEY `id` (`id`)
) ENGINE=InnoDB DEFAULT CHARSET=utf8;

--
-- Dumping data for table `bg_wage_report`
--

/*!40000 ALTER TABLE `bg_wage_report` DISABLE KEYS */;
/*!40000 ALTER TABLE `bg_wage_report` ENABLE KEYS */;


--
-- Definition of table `sys_app_sequence`
--

DROP TABLE IF EXISTS `sys_app_sequence`;
CREATE TABLE `sys_app_sequence` (
  `id` bigint(20) unsigned NOT NULL AUTO_INCREMENT COMMENT '流水号ID',
  `createtime` varchar(20) NOT NULL COMMENT '创建时间',
  `updatetime` varchar(20) NOT NULL COMMENT '更新时间',
  `flag` tinyint(1) NOT NULL COMMENT '标记',
  `status` tinyint(1) NOT NULL COMMENT '状态',
  `enseqname` varchar(50) NOT NULL COMMENT '名称',
  `cnseqname` varchar(50) NOT NULL COMMENT '备注',
  `seqvalue` varchar(22) NOT NULL COMMENT '值',
  PRIMARY KEY (`id`),
  UNIQUE KEY `uq_sequence_id` (`enseqname`)
) ENGINE=InnoDB AUTO_INCREMENT=194 DEFAULT CHARSET=utf8;

--
-- Dumping data for table `sys_app_sequence`
--

/*!40000 ALTER TABLE `sys_app_sequence` DISABLE KEYS */;
INSERT INTO `sys_app_sequence` (`id`,`createtime`,`updatetime`,`flag`,`status`,`enseqname`,`cnseqname`,`seqvalue`) VALUES 
 (112,'2013-01-06 11:48:02','2013-01-07 17:59:38',1,1,'CATEGORY_DEPARTMENT','CATEGORY_DEPARTMENT','2'),
 (113,'2013-01-06 11:48:02','2013-01-11 21:35:22',1,1,'201301_BASE_CATEGORY','BASE_CATEGORY','601'),
 (114,'2013-01-06 15:12:46','2013-01-06 15:12:46',1,1,'CATEGORY_DEPARTMENT_01','CATEGORY_DEPARTMENT_01','1'),
 (115,'2013-01-06 15:16:58','2013-01-18 17:03:39',1,1,'201301_SYS_ROLE_MENU','SYS_ROLE_MENU','68'),
 (116,'2013-01-07 18:00:13','2013-01-07 18:00:13',1,1,'CATEGORY_DEPARTMENT_02','分类编号','1'),
 (117,'2013-01-07 18:00:49','2013-01-07 18:01:14',1,1,'CATEGORY_DUTY','分类编号','2'),
 (118,'2013-01-07 19:10:36','2013-01-08 14:59:12',1,1,'CATEGORY_AREA','分类编号','34'),
 (119,'2013-01-07 19:10:54','2013-01-08 15:08:25',1,1,'CATEGORY_AREA_01','分类编号','17'),
 (120,'2013-01-07 19:14:10','2013-01-07 19:25:57',1,1,'CATEGORY_NATION','分类编号','56'),
 (121,'2013-01-07 22:08:53','2013-01-07 22:10:54',1,1,'CATEGORY_CERTIFICATE','分类编号','8'),
 (122,'2013-01-07 22:11:30','2013-01-07 22:12:59',1,1,'CATEGORY_CUSTOMER','分类编号','7'),
 (123,'2013-01-07 22:13:54','2013-01-07 22:17:20',1,1,'CATEGORY_SELL','分类编号','8'),
 (124,'2013-01-07 22:16:52','2013-01-07 22:17:47',1,1,'CATEGORY_RECEIPT','分类编号','3'),
 (125,'2013-01-07 22:18:25','2013-01-07 22:24:02',1,1,'CATEGORY_PAY','分类编号','15'),
 (128,'2013-01-07 22:25:15','2013-01-07 22:26:18',1,1,'CATEGORY_ASK','分类编号','6'),
 (129,'2013-01-07 22:26:54','2013-01-07 22:27:24',1,1,'CATEGORY_POLITY','分类编号','3'),
 (130,'2013-01-08 14:24:09','2013-01-08 14:32:45',1,1,'CATEGORY_MATERIAL','分类编号','8'),
 (131,'2013-01-08 14:24:33','2013-01-08 14:25:44',1,1,'CATEGORY_MATERIAL_01','分类编号','5'),
 (132,'2013-01-08 14:27:25','2013-01-08 14:28:40',1,1,'CATEGORY_MATERIAL_02','分类编号','5'),
 (133,'2013-01-08 14:29:24','2013-01-08 14:31:00',1,1,'CATEGORY_MATERIAL_03','分类编号','6'),
 (134,'2013-01-08 14:32:16','2013-01-08 14:32:32',1,1,'CATEGORY_MATERIAL_07','分类编号','2'),
 (135,'2013-01-08 14:33:10','2013-01-08 14:33:42',1,1,'CATEGORY_MATERIAL_04','分类编号','2'),
 (136,'2013-01-08 14:34:04','2013-01-08 14:34:32',1,1,'CATEGORY_MATERIAL_06','分类编号','2'),
 (137,'2013-01-08 15:11:36','2013-01-08 15:18:44',1,1,'CATEGORY_AREA_04','分类编号','17'),
 (138,'2013-01-08 15:21:01','2013-01-08 15:35:02',1,1,'CATEGORY_AREA_05','分类编号','14'),
 (139,'2013-01-08 15:38:03','2013-01-08 15:47:18',1,1,'CATEGORY_AREA_06','分类编号','21'),
 (140,'2013-01-08 15:48:20','2013-01-08 15:59:37',1,1,'CATEGORY_AREA_07','分类编号','14'),
 (141,'2013-01-08 16:11:23','2013-01-08 16:14:15',1,1,'CATEGORY_AREA_08','分类编号','9'),
 (142,'2013-01-08 16:15:08','2013-01-08 16:15:52',1,1,'CATEGORY_AREA_09','分类编号','3'),
 (143,'2013-01-08 16:17:26','2013-01-08 16:22:25',1,1,'CATEGORY_AREA_10','分类编号','11'),
 (144,'2013-01-08 16:23:43','2013-01-08 16:28:11',1,1,'CATEGORY_AREA_11','分类编号','13'),
 (145,'2013-01-08 16:29:28','2013-01-08 16:35:04',1,1,'CATEGORY_AREA_12','分类编号','17'),
 (146,'2013-01-08 16:37:00','2013-01-08 16:41:31',1,1,'CATEGORY_AREA_14','分类编号','13'),
 (147,'2013-01-08 16:51:40','2013-01-08 16:58:03',1,1,'CATEGORY_AREA_15','分类编号','13'),
 (148,'2013-01-08 17:10:52','2013-01-08 17:22:49',1,1,'CATEGORY_AREA_16','分类编号','12'),
 (149,'2013-01-08 19:41:07','2013-01-08 19:44:34',1,1,'CATEGORY_AREA_17','分类编号','13'),
 (150,'2013-01-08 19:45:44','2013-01-08 19:48:45',1,1,'CATEGORY_AREA_18','分类编号','11'),
 (151,'2013-01-08 19:49:20','2013-01-08 19:52:18',1,1,'CATEGORY_AREA_19','分类编号','9'),
 (152,'2013-01-08 19:49:38','2013-01-08 20:02:47',1,1,'CATEGORY_AREA_20','分类编号','14'),
 (153,'2013-01-08 20:09:32','2013-01-08 20:10:39',1,1,'CATEGORY_AREA_22','分类编号','5'),
 (154,'2013-01-08 20:12:44','2013-01-08 20:14:42',1,1,'CATEGORY_AREA_23','分类编号','8'),
 (155,'2013-01-08 20:15:16','2013-01-08 20:17:26',1,1,'CATEGORY_AREA_24','分类编号','10'),
 (156,'2013-01-08 20:20:03','2013-01-08 20:23:59',1,1,'CATEGORY_AREA_25','分类编号','17'),
 (157,'2013-01-08 20:27:12','2013-01-08 20:29:43',1,1,'CATEGORY_AREA_27','分类编号','11'),
 (158,'2013-01-08 20:33:17','2013-01-08 20:38:20',1,1,'CATEGORY_AREA_28','分类编号','21'),
 (159,'2013-01-08 20:40:51','2013-01-08 20:42:35',1,1,'CATEGORY_AREA_29','分类编号','7'),
 (160,'2013-01-08 20:44:50','2013-01-08 20:46:17',1,1,'CATEGORY_AREA_31','分类编号','7'),
 (161,'2013-01-08 20:49:15','2013-01-08 20:52:58',1,1,'CATEGORY_AREA_32','分类编号','14'),
 (162,'2013-01-08 20:54:06','2013-01-08 20:58:10',1,1,'CATEGORY_AREA_33','分类编号','16'),
 (163,'2013-01-08 20:59:14','2013-01-08 21:02:04',1,1,'CATEGORY_AREA_34','分类编号','11'),
 (164,'2013-01-08 21:03:09','2013-01-08 21:03:09',1,1,'CATEGORY_AREA_02','分类编号','1'),
 (165,'2013-01-08 21:03:33','2013-01-08 21:03:33',1,1,'CATEGORY_AREA_30','分类编号','1'),
 (166,'2013-01-08 21:04:00','2013-01-08 21:04:00',1,1,'CATEGORY_AREA_26','分类编号','1'),
 (167,'2013-01-08 21:04:25','2013-01-08 21:04:25',1,1,'CATEGORY_AREA_03','分类编号','1'),
 (168,'2013-01-09 11:22:34','2013-01-11 21:35:21',1,1,'CATEGORY_VOCATION','分类编号','3'),
 (169,'2013-01-09 11:40:07','2013-01-18 09:46:47',1,1,'2013_CUSTOMER','客户编号','3'),
 (170,'2013-01-09 11:40:07','2013-01-18 09:46:47',1,1,'201301_BASE_CUSTOMER','BASE_CUSTOMER','3'),
 (171,'2013-01-09 14:24:52','2013-01-11 22:16:51',1,1,'2013_PROVIDER','供应商编号','15'),
 (172,'2013-01-09 14:24:52','2013-01-11 22:16:51',1,1,'201301_BASE_PROVIDER','BASE_PROVIDER','15'),
 (173,'2013-01-09 16:26:49','2013-01-11 17:49:31',1,1,'CATEGORY_UNIT','分类编号','14'),
 (174,'2013-01-10 11:02:16','2013-01-10 11:02:16',1,1,'2013_MATERIAL','物料编号','1'),
 (175,'2013-01-10 11:02:16','2013-01-10 11:02:16',1,1,'201301_BASE_MATERIAL','BASE_MATERIAL','1'),
 (176,'2013-01-10 22:13:38','2013-01-11 18:54:34',1,1,'CATEGORY_PRODUCT','分类编号','2'),
 (177,'2013-01-10 22:14:21','2013-01-11 19:20:30',1,1,'2013_PRODUCT','产品编号','36'),
 (178,'2013-01-10 22:14:21','2013-01-11 19:20:30',1,1,'201301_BASE_PRODUCT','BASE_PRODUCT','36'),
 (179,'2013-01-10 22:25:15','2013-01-11 18:43:56',1,1,'CATEGORY_PRODUCT_01','分类编号','3'),
 (180,'2013-01-10 23:18:34','2013-01-10 23:51:42',1,1,'CATEGORY_SIZE','分类编号','5'),
 (181,'2013-01-10 23:19:04','2013-01-10 23:21:43',1,1,'CATEGORY_SIZE_01','分类编号','7'),
 (182,'2013-01-10 23:23:38','2013-01-10 23:24:59',1,1,'CATEGORY_SIZE_02','分类编号','4'),
 (183,'2013-01-10 23:26:46','2013-01-10 23:37:43',1,1,'CATEGORY_SIZE_03','分类编号','17'),
 (184,'2013-01-10 23:43:48','2013-01-10 23:49:51',1,1,'CATEGORY_SIZE_04','分类编号','10'),
 (185,'2013-01-10 23:52:19','2013-01-10 23:57:23',1,1,'CATEGORY_SIZE_05','分类编号','9'),
 (186,'2013-01-11 18:44:30','2013-01-11 18:44:30',1,1,'CATEGORY_PRODUCT_0103','分类编号','1'),
 (187,'2013-01-11 18:55:05','2013-01-11 19:10:59',1,1,'CATEGORY_PRODUCT_02','分类编号','2'),
 (188,'2013-01-16 12:02:54','2013-01-18 18:38:50',1,1,'201301_SELLORDER','销售订单编号','13'),
 (189,'2013-01-16 12:02:54','2013-01-18 18:41:14',1,1,'201301_XM_SELL_ORDER','XM_SELL_ORDER','9'),
 (190,'2013-01-16 17:00:41','2013-01-18 18:41:23',1,1,'201301_XM_SELL_ORDER_LIST','XM_SELL_ORDER_LIST','98'),
 (191,'2013-01-17 11:12:59','2013-01-18 18:52:00',1,1,'201301_BASE_ACCESSORY','BASE_ACCESSORY','11'),
 (192,'2013-01-17 17:49:19','2013-01-18 18:51:17',1,1,'201301_XM_AUDIT_MIND','XM_AUDIT_MIND','13'),
 (193,'2013-01-18 16:57:41','2013-01-18 17:03:12',1,1,'201301_SYS_MENU','SYS_MENU','7');
/*!40000 ALTER TABLE `sys_app_sequence` ENABLE KEYS */;


--
-- Definition of table `sys_dict`
--

DROP TABLE IF EXISTS `sys_dict`;
CREATE TABLE `sys_dict` (
  `id` bigint(20) NOT NULL,
  `createTime` varchar(255) NOT NULL,
  `flag` bit(1) NOT NULL,
  `status` bit(1) NOT NULL,
  `updateTime` varchar(255) NOT NULL,
  `caption` varchar(255) DEFAULT NULL,
  `name` varchar(50) NOT NULL,
  `sort` varchar(20) NOT NULL,
  PRIMARY KEY (`id`),
  UNIQUE KEY `id` (`id`)
) ENGINE=InnoDB DEFAULT CHARSET=utf8;

--
-- Dumping data for table `sys_dict`
--

/*!40000 ALTER TABLE `sys_dict` DISABLE KEYS */;
INSERT INTO `sys_dict` (`id`,`createTime`,`flag`,`status`,`updateTime`,`caption`,`name`,`sort`) VALUES 
 (201209000001,'2012-09-07 23:40:07',0x01,0x01,'2012-09-08 00:14:21','','信息中心','DEPARTMENT'),
 (201209000003,'2012-09-08 00:13:11',0x01,0x01,'2012-09-08 00:19:08','','生产部','DEPARTMENT'),
 (201209000004,'2012-09-08 00:21:13',0x01,0x01,'2012-09-08 00:21:13','','业务部','DEPARTMENT'),
 (201209000005,'2012-09-08 14:45:34',0x01,0x01,'2012-09-08 14:45:34','','初次客户','CUSTOMER'),
 (201209000006,'2012-09-08 14:45:55',0x01,0x01,'2012-09-08 14:45:55','','潜在客户','CUSTOMER'),
 (201209000007,'2012-09-08 14:46:13',0x01,0x01,'2012-09-08 14:46:13','','跟单客户','CUSTOMER'),
 (201209000008,'2012-09-08 14:46:40',0x01,0x01,'2012-09-08 14:46:40','','商机客户','CUSTOMER'),
 (201209000009,'2012-09-08 14:47:07',0x01,0x01,'2012-09-08 14:47:07','','成交客户','CUSTOMER'),
 (201209000010,'2012-09-08 14:47:35',0x01,0x01,'2012-09-08 14:47:35','','储备客户','CUSTOMER'),
 (201209000011,'2012-09-08 14:47:57',0x01,0x01,'2012-09-08 14:47:57','','放弃客户','CUSTOMER'),
 (201209000012,'2012-09-08 22:48:51',0x01,0x01,'2012-09-08 22:48:51','','身份证','CERTIFICATE'),
 (201209000013,'2012-09-08 22:49:09',0x01,0x01,'2012-09-08 22:49:09','','驾驶证','CERTIFICATE'),
 (201209000014,'2012-09-08 22:49:41',0x01,0x01,'2012-09-08 22:49:41','','户口簿','CERTIFICATE'),
 (201209000015,'2012-09-08 22:49:55',0x01,0x01,'2012-09-08 22:49:55','','军人证','CERTIFICATE'),
 (201209000016,'2012-09-08 22:50:21',0x01,0x01,'2012-09-08 22:50:21','','居住证','CERTIFICATE'),
 (201209000017,'2012-09-08 22:50:52',0x01,0x01,'2012-09-08 22:50:52','','学生证','CERTIFICATE'),
 (201209000018,'2012-09-08 22:51:09',0x01,0x01,'2012-09-08 22:51:09','','护照','CERTIFICATE'),
 (201209000019,'2012-09-08 22:51:33',0x01,0x01,'2012-09-08 22:51:33','','营业执照','CERTIFICATE'),
 (201209000020,'2012-09-09 09:20:23',0x01,0x01,'2012-09-09 09:20:23','','软件工程师','DUTY'),
 (201209000029,'2012-09-15 14:07:48',0x01,0x01,'2012-09-15 14:07:48',NULL,'生产工','DUTY'),
 (201209000030,'2012-09-17 23:14:29',0x01,0x01,'2012-09-17 23:14:29',NULL,'计算机软件','VOCATION'),
 (201209000031,'2012-09-17 23:14:29',0x01,0x01,'2012-09-17 23:14:29',NULL,'计算机硬件','VOCATION'),
 (201209000032,'2012-09-17 23:14:29',0x01,0x01,'2012-09-17 23:14:29',NULL,'通信/电信/网络设备/电信运营/增值服务','VOCATION'),
 (201209000033,'2012-09-17 23:14:29',0x01,0x01,'2012-09-17 23:14:29',NULL,'电子技术/微电子/半导体/集成电路','VOCATION'),
 (201209000034,'2012-09-17 23:14:29',0x01,0x01,'2012-09-17 23:14:29',NULL,'互联网/电子商务/网络游戏/计算机服务（系统、数据服务、维修）','VOCATION'),
 (201209000035,'2012-09-17 23:14:29',0x01,0x01,'2012-09-17 23:14:29',NULL,'仪器仪表/工业自动化','VOCATION'),
 (201209000036,'2012-09-17 23:14:29',0x01,0x01,'2012-09-17 23:14:29',NULL,'会计/审计','VOCATION'),
 (201209000037,'2012-09-17 23:14:29',0x01,0x01,'2012-09-17 23:14:29',NULL,'保险/金融/投资/证券/银行','VOCATION'),
 (201209000038,'2012-09-17 23:14:29',0x01,0x01,'2012-09-17 23:14:29',NULL,'贸易/进出口/批发/零售','VOCATION'),
 (201209000039,'2012-09-17 23:14:29',0x01,0x01,'2012-09-17 23:14:29',NULL,'服装/纺织/皮革','VOCATION'),
 (201209000040,'2012-09-17 23:14:29',0x01,0x01,'2012-09-17 23:14:29',NULL,'机械/机电/设备/重工','VOCATION'),
 (201209000041,'2012-09-17 23:14:29',0x01,0x01,'2012-09-17 23:14:29',NULL,'家具/家电/家居/木材及竹、藤、棕、草制品','VOCATION'),
 (201209000042,'2012-09-17 23:14:29',0x01,0x01,'2012-09-17 23:14:29',NULL,'工艺美术/礼品/玩具/收藏品','VOCATION'),
 (201209000043,'2012-09-17 23:14:29',0x01,0x01,'2012-09-17 23:14:29',NULL,'汽车及零配件','VOCATION'),
 (201209000044,'2012-09-17 23:14:30',0x01,0x01,'2012-09-17 23:14:30',NULL,'快速消费品（食品、饮料、化妆品、烟酒等）/办公用品及设备','VOCATION'),
 (201209000045,'2012-09-17 23:14:30',0x01,0x01,'2012-09-17 23:14:30',NULL,'制药/生物工程','VOCATION'),
 (201209000046,'2012-09-17 23:14:30',0x01,0x01,'2012-09-17 23:14:30',NULL,'医疗/护理/保健/美容/卫生','VOCATION'),
 (201209000047,'2012-09-17 23:14:30',0x01,0x01,'2012-09-17 23:14:30',NULL,'医疗设备/器械','VOCATION'),
 (201209000048,'2012-09-17 23:14:30',0x01,0x01,'2012-09-17 23:14:30',NULL,'文字媒体/出版/印刷/包装/造纸','VOCATION'),
 (201209000049,'2012-09-17 23:14:30',0x01,0x01,'2012-09-17 23:14:30',NULL,'广告/公关/市场推广/会展','VOCATION'),
 (201209000050,'2012-09-17 23:14:30',0x01,0x01,'2012-09-17 23:14:30',NULL,'影视/媒体/艺术','VOCATION'),
 (201209000051,'2012-09-17 23:14:30',0x01,0x01,'2012-09-17 23:14:30',NULL,'房地产开发/建筑与工程','VOCATION'),
 (201209000052,'2012-09-17 23:14:30',0x01,0x01,'2012-09-17 23:14:30',NULL,'家居/室内设计/装潢/物业管理/商业中心','VOCATION'),
 (201209000053,'2012-09-17 23:14:30',0x01,0x01,'2012-09-17 23:14:30',NULL,'中介服务','VOCATION'),
 (201209000054,'2012-09-17 23:14:30',0x01,0x01,'2012-09-17 23:14:30',NULL,'法律/专业服务（咨询、产业管理、人力资源）','VOCATION'),
 (201209000055,'2012-09-17 23:14:30',0x01,0x01,'2012-09-17 23:14:30',NULL,'教育/培训/学术/科研','VOCATION'),
 (201209000056,'2012-09-17 23:14:30',0x01,0x01,'2012-09-17 23:14:30',NULL,'检验/检测/认证','VOCATION'),
 (201209000057,'2012-09-17 23:14:30',0x01,0x01,'2012-09-17 23:14:30',NULL,'酒店/旅游/度假/餐饮业/生活服务','VOCATION'),
 (201209000058,'2012-09-17 23:14:30',0x01,0x01,'2012-09-17 23:14:30',NULL,'娱乐/休闲/体育','VOCATION'),
 (201209000059,'2012-09-17 23:14:30',0x01,0x01,'2012-09-17 23:14:30',NULL,'交通/运输/物流','VOCATION'),
 (201209000060,'2012-09-17 23:14:30',0x01,0x01,'2012-09-17 23:14:30',NULL,'航天/航空/航天研究与制造','VOCATION'),
 (201209000061,'2012-09-17 23:14:30',0x01,0x01,'2012-09-17 23:14:30',NULL,'能源/石油/化工/矿产/地质','VOCATION'),
 (201209000062,'2012-09-17 23:14:30',0x01,0x01,'2012-09-17 23:14:30',NULL,'原材料和加工（金属、木材、橡胶、塑料、玻璃、陶瓷、建材）/模具加工','VOCATION'),
 (201209000063,'2012-09-17 23:14:30',0x01,0x01,'2012-09-17 23:14:30',NULL,'采掘业/冶炼','VOCATION'),
 (201209000064,'2012-09-17 23:14:31',0x01,0x01,'2012-09-17 23:14:31',NULL,'电气/电力/水利','VOCATION'),
 (201209000065,'2012-09-17 23:14:31',0x01,0x01,'2012-09-17 23:14:31',NULL,'政府/非赢利机构','VOCATION'),
 (201209000066,'2012-09-17 23:14:31',0x01,0x01,'2012-09-17 23:14:31',NULL,'农业/渔业/林业/牧业/环保','VOCATION'),
 (201209000067,'2012-09-17 23:14:31',0x01,0x01,'2012-09-17 23:14:31',NULL,'多元化业务集团公司/跨领域经营','VOCATION'),
 (201209000068,'2012-09-17 23:14:31',0x01,0x01,'2012-09-17 23:14:31',NULL,'灯饰照明','VOCATION'),
 (201209000069,'2012-09-17 23:14:31',0x01,0x01,'2012-09-17 23:14:31',NULL,'其他行业','VOCATION'),
 (201209000071,'2012-09-25 21:07:29',0x01,0x01,'2012-09-25 21:07:29',NULL,'箱','UNIT'),
 (201209000072,'2012-09-25 21:07:39',0x01,0x01,'2012-09-25 21:07:39',NULL,'件','UNIT'),
 (201209000073,'2012-09-25 21:07:57',0x01,0x01,'2012-09-25 21:07:57',NULL,'米','UNIT'),
 (201209000074,'2012-09-25 21:08:08',0x01,0x01,'2012-09-25 21:08:08',NULL,'颗','UNIT'),
 (201209000075,'2012-09-25 21:08:41',0x01,0x01,'2012-09-25 21:08:41',NULL,'盒','UNIT'),
 (201209000076,'2012-09-25 21:08:54',0x01,0x01,'2012-09-25 21:08:54',NULL,'袋','UNIT'),
 (201209000077,'2012-09-25 21:09:08',0x01,0x01,'2012-09-25 21:09:08',NULL,'斤','UNIT'),
 (201209000078,'2012-09-25 21:09:22',0x01,0x01,'2012-09-25 21:09:22',NULL,'个','UNIT'),
 (201209000079,'2012-09-25 21:11:28',0x01,0x01,'2012-09-25 21:11:28',NULL,'支','UNIT'),
 (201209000080,'2012-09-25 21:11:43',0x01,0x01,'2012-09-25 21:11:43',NULL,'张','UNIT'),
 (201209000081,'2012-09-25 21:15:30',0x01,0x01,'2012-09-25 21:15:30',NULL,'包','UNIT'),
 (201210000001,'2012-10-08 09:39:22',0x01,0x01,'2012-10-08 09:39:22',NULL,'套','UNIT'),
 (201210000003,'2012-10-13 08:44:36',0x01,0x01,'2012-10-13 08:44:36',NULL,'一般销售','SELL'),
 (201210000004,'2012-10-13 08:44:53',0x01,0x01,'2012-10-13 08:44:53',NULL,'大宗销售','SELL'),
 (201210000005,'2012-10-13 08:45:05',0x01,0x01,'2012-10-13 08:45:05',NULL,'分销销售','SELL'),
 (201210000006,'2012-10-13 08:45:20',0x01,0x01,'2012-10-13 08:45:20',NULL,'协议销售','SELL'),
 (201210000007,'2012-10-13 08:45:40',0x01,0x01,'2012-10-13 08:45:40',NULL,'总部直销','SELL'),
 (201210000008,'2012-10-13 08:45:57',0x01,0x01,'2012-10-13 08:45:57',NULL,'客户上门','SELL'),
 (201210000009,'2012-10-13 08:46:16',0x01,0x01,'2012-10-13 08:46:16',NULL,'本司上门','SELL'),
 (201210000010,'2012-10-13 08:46:30',0x01,0x01,'2012-10-13 08:46:30',NULL,'项目订单','SELL'),
 (201210000011,'2012-10-13 08:48:12',0x01,0x01,'2012-10-13 08:48:12',NULL,'收据','RECEIPT'),
 (201210000012,'2012-10-13 08:48:27',0x01,0x01,'2012-10-13 08:48:27',NULL,'普通发票','RECEIPT'),
 (201210000013,'2012-10-13 08:48:48',0x01,0x01,'2012-10-13 08:48:48',NULL,'增值发票','RECEIPT'),
 (201210000014,'2012-10-13 09:01:38',0x01,0x01,'2012-10-13 09:01:38',NULL,'货到付款','PAY'),
 (201210000015,'2012-10-13 09:02:20',0x01,0x01,'2012-10-13 09:02:20',NULL,'在线支付','PAY'),
 (201210000016,'2012-10-13 09:02:35',0x01,0x01,'2012-10-13 09:02:35',NULL,'银行转账','PAY'),
 (201210000017,'2012-10-13 09:02:51',0x01,0x01,'2012-10-13 09:02:51',NULL,'月结','PAY'),
 (201210000018,'2012-10-13 09:03:33',0x01,0x01,'2012-10-13 09:03:33',NULL,'信用卡支付','PAY'),
 (201210000019,'2012-10-13 09:03:54',0x01,0x01,'2012-10-13 09:03:54',NULL,'PayPal支付','PAY'),
 (201210000020,'2012-10-13 09:04:18',0x01,0x01,'2012-10-13 09:04:18',NULL,'银行电汇','PAY'),
 (201210000021,'2012-10-13 09:04:53',0x01,0x01,'2012-10-13 09:05:01',NULL,'邮政汇款','PAY'),
 (201210000022,'2012-10-13 09:05:22',0x01,0x01,'2012-10-13 09:05:22',NULL,'分期付款','PAY'),
 (201210000023,'2012-10-13 09:06:18',0x01,0x01,'2012-10-13 09:06:18',NULL,'网银支付','PAY'),
 (201210000024,'2012-10-13 09:10:04',0x01,0x01,'2012-10-13 09:10:04',NULL,'交货付款','PAY'),
 (201210000025,'2012-10-13 09:10:22',0x01,0x01,'2012-10-13 09:10:22',NULL,'交单付款','PAY'),
 (201210000026,'2012-10-13 09:10:59',0x01,0x01,'2012-10-13 09:10:59',NULL,'记账','PAY'),
 (201210000027,'2012-10-13 09:11:17',0x01,0x01,'2012-10-13 09:11:17',NULL,'托收','PAY'),
 (201210000028,'2012-10-13 09:15:43',0x01,0x01,'2012-10-13 09:15:43',NULL,'信用证','PAY'),
 (201210000029,'2012-10-13 15:55:03',0x01,0x01,'2012-10-13 15:55:03',NULL,'当面','ASK'),
 (201210000030,'2012-10-13 15:55:12',0x01,0x01,'2012-10-13 15:55:12',NULL,'电话','ASK'),
 (201210000031,'2012-10-13 15:55:28',0x01,0x01,'2012-10-13 15:55:28',NULL,'传真','ASK'),
 (201210000032,'2012-10-13 15:55:46',0x01,0x01,'2012-10-13 15:55:46',NULL,'快递','ASK'),
 (201210000033,'2012-10-13 15:56:01',0x01,0x01,'2012-10-13 15:56:01',NULL,'信函','ASK'),
 (201210000034,'2012-10-13 15:56:18',0x01,0x01,'2012-10-13 15:56:18',NULL,'邮件','ASK'),
 (201210000035,'2012-10-13 20:50:54',0x01,0x01,'2012-10-13 20:50:54',NULL,'现金支付','PAY');
/*!40000 ALTER TABLE `sys_dict` ENABLE KEYS */;


--
-- Definition of table `sys_menu`
--

DROP TABLE IF EXISTS `sys_menu`;
CREATE TABLE `sys_menu` (
  `id` bigint(20) NOT NULL,
  `createTime` varchar(255) NOT NULL,
  `flag` bit(1) NOT NULL,
  `status` bit(1) NOT NULL,
  `updateTime` varchar(255) NOT NULL,
  `chName` varchar(255) NOT NULL,
  `enName` varchar(255) NOT NULL,
  `href` varchar(255) DEFAULT NULL,
  `sort` int(11) NOT NULL,
  `parentId` bigint(20) DEFAULT NULL,
  PRIMARY KEY (`id`),
  UNIQUE KEY `id` (`id`),
  UNIQUE KEY `enName` (`enName`),
  KEY `FK74A44791C83CF32E` (`parentId`),
  CONSTRAINT `FK74A44791C83CF32E` FOREIGN KEY (`parentId`) REFERENCES `sys_menu` (`id`)
) ENGINE=InnoDB DEFAULT CHARSET=utf8;

--
-- Dumping data for table `sys_menu`
--

/*!40000 ALTER TABLE `sys_menu` DISABLE KEYS */;
INSERT INTO `sys_menu` (`id`,`createTime`,`flag`,`status`,`updateTime`,`chName`,`enName`,`href`,`sort`,`parentId`) VALUES 
 (201210000013,'2012-10-18 22:01:11',0x01,0x01,'2012-10-18 22:01:11','系统管理','XTGL',NULL,0,NULL),
 (201210000015,'2012-10-18 22:02:31',0x01,0x01,'2012-10-18 22:02:31','角色管理','XTGL_JSGL','/system/sys-role/index.jhtml',1,201210000013),
 (201210000016,'2012-10-18 22:03:14',0x01,0x01,'2012-10-18 22:03:14','用户管理','XTGL_YHGL','/system/sys-user/index.jhtml',1,201210000013),
 (201210000017,'2012-10-18 22:03:57',0x01,0x01,'2012-10-18 22:03:57','菜单管理','XTGL_CDGL','/system/sys-menu/index.jhtml',1,201210000013),
 (201210000018,'2012-10-18 22:04:51',0x01,0x01,'2012-10-18 22:04:51','基础信息管理','JCXXGL',NULL,0,NULL),
 (201210000020,'2012-10-18 22:08:36',0x01,0x01,'2012-10-18 22:08:42','员工管理','JCXXGL_YGGL','/basic/employee/index.jhtml',1,201210000018),
 (201210000021,'2012-10-18 22:10:33',0x01,0x01,'2012-10-18 22:10:33','客户管理','JCXXGL_KHGL','/basic/customer/index.jhtml',1,201210000018),
 (201210000022,'2012-10-18 22:11:06',0x01,0x01,'2012-10-18 22:11:06','供应商管理','JCXXGL_GYSGL','/basic/provider/index.jhtml',1,201210000018),
 (201210000023,'2012-10-18 22:11:38',0x01,0x01,'2012-10-18 22:11:43','物料管理','JCXXGL_WLGL','/basic/material/index.jhtml',1,201210000018),
 (201210000026,'2012-10-18 22:13:15',0x01,0x01,'2012-10-18 22:13:15','产品管理','JCXXGL_CPGL','/basic/product/index.jhtml',1,201210000018),
 (201210000028,'2012-10-18 22:15:02',0x01,0x01,'2012-10-18 22:15:02','工序管理','JCXXGL_GXGL','/basic/work/index.jhtml',1,201210000018),
 (201210000029,'2012-10-18 22:15:26',0x01,0x01,'2012-10-18 22:15:26','销售管理','XSGL',NULL,0,NULL),
 (201210000030,'2012-10-18 22:15:49',0x01,0x01,'2012-10-18 22:15:49','项目管理','XSGL_XMGL',NULL,1,201210000029),
 (201211000001,'2012-11-09 22:04:56',0x01,0x01,'2012-11-09 22:04:56','采购管理','CGGL',NULL,0,NULL),
 (201211000003,'2012-11-16 22:07:40',0x01,0x01,'2012-11-16 22:07:40','物料咨询','CGGL_WLZX',NULL,1,201211000001),
 (201211000004,'2012-11-16 22:08:20',0x01,0x01,'2012-11-16 22:08:20','采购询价','CGGL_WLZX_CGXJ','/buy/buy-price/index.jhtml',2,201211000003),
 (201211000005,'2012-11-21 13:08:24',0x01,0x01,'2012-11-21 13:08:24','询价审核','CGGL_WLZX_XJSH','/buy/buy-price-audit/index.jhtml',2,201211000003),
 (201211000006,'2012-11-21 17:59:32',0x01,0x01,'2012-11-21 17:59:32','询价管理','CGGL_WLZX_XJGL','/buy/buy-price-admin/index.jhtml',2,201211000003),
 (201211000007,'2012-11-28 16:41:30',0x01,0x01,'2012-11-28 16:41:30','分类管理','JCXXGL_FLGL','/basic/category/index.jhtml',1,201210000018),
 (201301000001,'2013-01-18 16:57:41',0x01,0x01,'2013-01-18 16:57:41','新增订单','XSGL_XMGL_XZDD','/sell/sell-order/edit.jhtml',2,201210000030),
 (201301000002,'2013-01-18 16:58:44',0x01,0x01,'2013-01-18 16:58:44','订单报价','XSGL_XMGL_DDBJ','/sell/sell-order-ask-price/index.jhtml',2,201210000030),
 (201301000003,'2013-01-18 16:59:42',0x01,0x01,'2013-01-18 16:59:42','报价审核','XSGL_XMGL_BJSH','/sell/sell-order-ask-audit/index.jhtml',2,201210000030),
 (201301000004,'2013-01-18 17:00:34',0x01,0x01,'2013-01-18 17:00:34','报价确认','XSGL_XMGL_BJQR','/sell/sell-order-ask-confirm/index.jhtml',2,201210000030),
 (201301000005,'2013-01-18 17:01:35',0x01,0x01,'2013-01-18 17:01:35','订单签约','XSGL_XMGL_DDQY','/sell/sell-order-contract/index.jhtml',2,201210000030),
 (201301000006,'2013-01-18 17:02:39',0x01,0x01,'2013-01-18 17:02:39','合同确认','XSGL_XMGL_HTQR','/sell/sell-order-contract-confirm/index.jhtml',2,201210000030),
 (201301000007,'2013-01-18 17:03:12',0x01,0x01,'2013-01-18 17:03:12','订单管理','XSGL_XMGL_DDGL','/sell/sell-order/index.jhtml',2,201210000030);
/*!40000 ALTER TABLE `sys_menu` ENABLE KEYS */;


--
-- Definition of table `sys_role`
--

DROP TABLE IF EXISTS `sys_role`;
CREATE TABLE `sys_role` (
  `id` bigint(20) NOT NULL,
  `createTime` varchar(255) NOT NULL,
  `flag` bit(1) NOT NULL,
  `status` bit(1) NOT NULL,
  `updateTime` varchar(255) NOT NULL,
  `caption` varchar(255) DEFAULT NULL,
  `code` varchar(255) NOT NULL,
  `name` varchar(255) NOT NULL,
  PRIMARY KEY (`id`),
  UNIQUE KEY `id` (`id`),
  UNIQUE KEY `code` (`code`)
) ENGINE=InnoDB DEFAULT CHARSET=utf8;

--
-- Dumping data for table `sys_role`
--

/*!40000 ALTER TABLE `sys_role` DISABLE KEYS */;
INSERT INTO `sys_role` (`id`,`createTime`,`flag`,`status`,`updateTime`,`caption`,`code`,`name`) VALUES 
 (201209000002,'2012-09-08 20:57:50',0x01,0x01,'2012-09-08 20:57:50','','ADMINISTRATOR','系统管理员');
/*!40000 ALTER TABLE `sys_role` ENABLE KEYS */;


--
-- Definition of table `sys_role_menu`
--

DROP TABLE IF EXISTS `sys_role_menu`;
CREATE TABLE `sys_role_menu` (
  `id` bigint(20) NOT NULL,
  `createTime` varchar(255) NOT NULL,
  `flag` bit(1) NOT NULL,
  `status` bit(1) NOT NULL,
  `updateTime` varchar(255) NOT NULL,
  `fk_menu_id` bigint(20) DEFAULT NULL,
  `fk_role_id` bigint(20) DEFAULT NULL,
  PRIMARY KEY (`id`),
  UNIQUE KEY `id` (`id`),
  UNIQUE KEY `fk_role_id` (`fk_role_id`,`fk_menu_id`),
  KEY `FK65D48496AEB27F0A` (`fk_role_id`),
  KEY `FK65D484969543EA6A` (`fk_menu_id`),
  CONSTRAINT `FK65D484969543EA6A` FOREIGN KEY (`fk_menu_id`) REFERENCES `sys_menu` (`id`),
  CONSTRAINT `FK65D48496AEB27F0A` FOREIGN KEY (`fk_role_id`) REFERENCES `sys_role` (`id`)
) ENGINE=InnoDB DEFAULT CHARSET=utf8;

--
-- Dumping data for table `sys_role_menu`
--

/*!40000 ALTER TABLE `sys_role_menu` DISABLE KEYS */;
INSERT INTO `sys_role_menu` (`id`,`createTime`,`flag`,`status`,`updateTime`,`fk_menu_id`,`fk_role_id`) VALUES 
 (201301000043,'2013-01-18 17:03:38',0x01,0x01,'2013-01-18 17:03:38',201211000001,201209000002),
 (201301000044,'2013-01-18 17:03:38',0x01,0x01,'2013-01-18 17:03:38',201211000003,201209000002),
 (201301000045,'2013-01-18 17:03:38',0x01,0x01,'2013-01-18 17:03:38',201211000006,201209000002),
 (201301000046,'2013-01-18 17:03:38',0x01,0x01,'2013-01-18 17:03:38',201211000005,201209000002),
 (201301000047,'2013-01-18 17:03:38',0x01,0x01,'2013-01-18 17:03:38',201211000004,201209000002),
 (201301000048,'2013-01-18 17:03:38',0x01,0x01,'2013-01-18 17:03:38',201210000029,201209000002),
 (201301000049,'2013-01-18 17:03:38',0x01,0x01,'2013-01-18 17:03:38',201210000030,201209000002),
 (201301000050,'2013-01-18 17:03:38',0x01,0x01,'2013-01-18 17:03:38',201301000007,201209000002),
 (201301000051,'2013-01-18 17:03:38',0x01,0x01,'2013-01-18 17:03:38',201301000006,201209000002),
 (201301000052,'2013-01-18 17:03:38',0x01,0x01,'2013-01-18 17:03:38',201301000005,201209000002),
 (201301000053,'2013-01-18 17:03:38',0x01,0x01,'2013-01-18 17:03:38',201301000004,201209000002),
 (201301000054,'2013-01-18 17:03:38',0x01,0x01,'2013-01-18 17:03:38',201301000003,201209000002),
 (201301000055,'2013-01-18 17:03:39',0x01,0x01,'2013-01-18 17:03:39',201301000002,201209000002),
 (201301000056,'2013-01-18 17:03:39',0x01,0x01,'2013-01-18 17:03:39',201301000001,201209000002),
 (201301000057,'2013-01-18 17:03:39',0x01,0x01,'2013-01-18 17:03:39',201210000018,201209000002),
 (201301000058,'2013-01-18 17:03:39',0x01,0x01,'2013-01-18 17:03:39',201211000007,201209000002),
 (201301000059,'2013-01-18 17:03:39',0x01,0x01,'2013-01-18 17:03:39',201210000028,201209000002),
 (201301000060,'2013-01-18 17:03:39',0x01,0x01,'2013-01-18 17:03:39',201210000026,201209000002),
 (201301000061,'2013-01-18 17:03:39',0x01,0x01,'2013-01-18 17:03:39',201210000023,201209000002),
 (201301000062,'2013-01-18 17:03:39',0x01,0x01,'2013-01-18 17:03:39',201210000022,201209000002),
 (201301000063,'2013-01-18 17:03:39',0x01,0x01,'2013-01-18 17:03:39',201210000021,201209000002),
 (201301000064,'2013-01-18 17:03:39',0x01,0x01,'2013-01-18 17:03:39',201210000020,201209000002),
 (201301000065,'2013-01-18 17:03:39',0x01,0x01,'2013-01-18 17:03:39',201210000013,201209000002),
 (201301000066,'2013-01-18 17:03:39',0x01,0x01,'2013-01-18 17:03:39',201210000017,201209000002),
 (201301000067,'2013-01-18 17:03:39',0x01,0x01,'2013-01-18 17:03:39',201210000016,201209000002),
 (201301000068,'2013-01-18 17:03:39',0x01,0x01,'2013-01-18 17:03:39',201210000015,201209000002);
/*!40000 ALTER TABLE `sys_role_menu` ENABLE KEYS */;


--
-- Definition of table `sys_role_user`
--

DROP TABLE IF EXISTS `sys_role_user`;
CREATE TABLE `sys_role_user` (
  `id` bigint(20) NOT NULL,
  `createTime` varchar(255) NOT NULL,
  `flag` bit(1) NOT NULL,
  `status` bit(1) NOT NULL,
  `updateTime` varchar(255) NOT NULL,
  `fk_role_id` bigint(20) DEFAULT NULL,
  `fk_user_id` bigint(20) DEFAULT NULL,
  PRIMARY KEY (`id`),
  UNIQUE KEY `id` (`id`),
  UNIQUE KEY `fk_role_id` (`fk_role_id`,`fk_user_id`),
  KEY `FK65D85B02AEB27F0A` (`fk_role_id`),
  KEY `FK65D85B0253DD42EA` (`fk_user_id`),
  CONSTRAINT `FK65D85B0253DD42EA` FOREIGN KEY (`fk_user_id`) REFERENCES `sys_user` (`id`),
  CONSTRAINT `FK65D85B02AEB27F0A` FOREIGN KEY (`fk_role_id`) REFERENCES `sys_role` (`id`)
) ENGINE=InnoDB DEFAULT CHARSET=utf8;

--
-- Dumping data for table `sys_role_user`
--

/*!40000 ALTER TABLE `sys_role_user` DISABLE KEYS */;
INSERT INTO `sys_role_user` (`id`,`createTime`,`flag`,`status`,`updateTime`,`fk_role_id`,`fk_user_id`) VALUES 
 (201209000001,'2012-09-15 16:28:39',0x01,0x01,'2012-09-15 16:28:39',201209000002,201209000001);
/*!40000 ALTER TABLE `sys_role_user` ENABLE KEYS */;


--
-- Definition of table `sys_user`
--

DROP TABLE IF EXISTS `sys_user`;
CREATE TABLE `sys_user` (
  `id` bigint(20) NOT NULL,
  `createTime` varchar(255) NOT NULL,
  `flag` bit(1) NOT NULL,
  `status` bit(1) NOT NULL,
  `updateTime` varchar(255) NOT NULL,
  `password` varchar(255) NOT NULL,
  `username` varchar(255) NOT NULL,
  `fk_employee_id` bigint(20) DEFAULT NULL,
  PRIMARY KEY (`id`),
  UNIQUE KEY `id` (`id`),
  UNIQUE KEY `username` (`username`),
  KEY `FK74A81DFD4FB4DAC1` (`fk_employee_id`),
  CONSTRAINT `FK74A81DFD4FB4DAC1` FOREIGN KEY (`fk_employee_id`) REFERENCES `base_employee` (`id`)
) ENGINE=InnoDB DEFAULT CHARSET=utf8;

--
-- Dumping data for table `sys_user`
--

/*!40000 ALTER TABLE `sys_user` DISABLE KEYS */;
INSERT INTO `sys_user` (`id`,`createTime`,`flag`,`status`,`updateTime`,`password`,`username`,`fk_employee_id`) VALUES 
 (201209000001,'2012-09-06 21:54:01',0x01,0x01,'2012-09-15 16:28:39','ac386807446b3fa23ae7e0a03705307a','admin',201209000001),
 (201209000005,'2012-09-15 16:12:14',0x01,0x01,'2012-09-15 16:28:49','32af94fb6210904b1e39c46512bf6fb2','LML',201209000005);
/*!40000 ALTER TABLE `sys_user` ENABLE KEYS */;


--
-- Definition of table `xm_audit_mind`
--

DROP TABLE IF EXISTS `xm_audit_mind`;
CREATE TABLE `xm_audit_mind` (
  `id` bigint(20) NOT NULL,
  `createTime` varchar(255) NOT NULL,
  `flag` bit(1) NOT NULL,
  `status` bit(1) NOT NULL,
  `updateTime` varchar(255) NOT NULL,
  `auditDate` varchar(255) NOT NULL,
  `dataId` bigint(20) NOT NULL,
  `mind` varchar(255) NOT NULL,
  `realname` varchar(255) NOT NULL,
  `sort` varchar(255) NOT NULL,
  `state` varchar(255) NOT NULL,
  PRIMARY KEY (`id`),
  UNIQUE KEY `id` (`id`)
) ENGINE=InnoDB DEFAULT CHARSET=utf8;

--
-- Dumping data for table `xm_audit_mind`
--

/*!40000 ALTER TABLE `xm_audit_mind` DISABLE KEYS */;
INSERT INTO `xm_audit_mind` (`id`,`createTime`,`flag`,`status`,`updateTime`,`auditDate`,`dataId`,`mind`,`realname`,`sort`,`state`) VALUES 
 (201301000004,'2013-01-18 17:29:04',0x01,0x01,'2013-01-18 17:29:04','2013-01-18',201301000008,'此款式的价格偏高了，请调整为210元。','杜永生','XSGL_XMGL','AUDIT_NO'),
 (201301000005,'2013-01-18 17:30:47',0x01,0x01,'2013-01-18 17:30:47','2013-01-18',201301000008,'同意此订单的报价。','杜永生','XSGL_XMGL','AUDIT_YES'),
 (201301000006,'2013-01-18 18:11:37',0x01,0x01,'2013-01-18 18:11:37','2013-01-18',201301000008,'价格有点高，客户希望我司能再降点价格。','杜永生','XSGL_XMGL','AUDIT_NO'),
 (201301000007,'2013-01-18 18:13:32',0x01,0x01,'2013-01-18 18:13:32','2013-01-18',201301000008,'同意此订单的报价。','杜永生','XSGL_XMGL','AUDIT_YES'),
 (201301000008,'2013-01-18 18:14:35',0x01,0x01,'2013-01-18 18:14:35','2013-01-18',201301000008,'客户已经满意此报价。','杜永生','XSGL_XMGL','AUDIT_YES'),
 (201301000009,'2013-01-18 18:42:45',0x01,0x01,'2013-01-18 18:42:45','2013-01-18',201301000009,'价格偏低了，请向调到90元。','杜永生','XSGL_XMGL','AUDIT_NO'),
 (201301000010,'2013-01-18 18:47:50',0x01,0x01,'2013-01-18 18:47:50','2013-01-18',201301000009,'同意此订单的报价。','杜永生','XSGL_XMGL','AUDIT_YES'),
 (201301000011,'2013-01-18 18:49:11',0x01,0x01,'2013-01-18 18:49:11','2013-01-18',201301000009,'价格偏高了，客户希望我司能调整到80元。','杜永生','XSGL_XMGL','AUDIT_NO'),
 (201301000012,'2013-01-18 18:50:36',0x01,0x01,'2013-01-18 18:50:36','2013-01-18',201301000009,'同意此订单的报价。','杜永生','XSGL_XMGL','AUDIT_YES'),
 (201301000013,'2013-01-18 18:51:17',0x01,0x01,'2013-01-18 18:51:17','2013-01-18',201301000009,'客户已经满意些订单的报价。','杜永生','XSGL_XMGL','AUDIT_YES');
/*!40000 ALTER TABLE `xm_audit_mind` ENABLE KEYS */;


--
-- Definition of table `xm_buy_order`
--

DROP TABLE IF EXISTS `xm_buy_order`;
CREATE TABLE `xm_buy_order` (
  `id` bigint(20) NOT NULL,
  `createTime` varchar(255) NOT NULL,
  `flag` bit(1) NOT NULL,
  `status` bit(1) NOT NULL,
  `updateTime` varchar(255) NOT NULL,
  `addDate` varchar(255) DEFAULT NULL,
  `addId` bigint(20) DEFAULT NULL,
  `addName` varchar(255) DEFAULT NULL,
  `address` varchar(255) DEFAULT NULL,
  `askDate` varchar(255) DEFAULT NULL,
  `askId` bigint(20) DEFAULT NULL,
  `askName` varchar(255) DEFAULT NULL,
  `askState` int(11) DEFAULT NULL,
  `auditDate` varchar(255) DEFAULT NULL,
  `auditId` bigint(20) DEFAULT NULL,
  `auditName` varchar(255) DEFAULT NULL,
  `auditState` varchar(255) DEFAULT NULL,
  `clientId` bigint(20) DEFAULT NULL,
  `code` varchar(255) NOT NULL,
  `fax` varchar(255) DEFAULT NULL,
  `followDate` varchar(255) DEFAULT NULL,
  `followId` bigint(20) DEFAULT NULL,
  `followName` varchar(255) DEFAULT NULL,
  `grade` varchar(255) DEFAULT NULL,
  `linkman` varchar(255) DEFAULT NULL,
  `mobile` varchar(255) DEFAULT NULL,
  `name` varchar(255) DEFAULT NULL,
  `nopay` double DEFAULT NULL,
  `payfor` double DEFAULT NULL,
  `payment` double DEFAULT NULL,
  `phone` varchar(255) DEFAULT NULL,
  `postcode` varchar(255) DEFAULT NULL,
  `state` varchar(255) DEFAULT NULL,
  `tel` varchar(255) DEFAULT NULL,
  `total` int(11) DEFAULT NULL,
  `deliver` varchar(255) DEFAULT NULL,
  `fk_ask_id` bigint(20) DEFAULT NULL,
  `fk_payment_id` bigint(20) DEFAULT NULL,
  `fk_ticket_id` bigint(20) DEFAULT NULL,
  `fk_order_id` bigint(20) DEFAULT NULL,
  `followState` varchar(20) DEFAULT NULL,
  PRIMARY KEY (`id`),
  UNIQUE KEY `id` (`id`),
  UNIQUE KEY `code` (`code`),
  KEY `FK8D42878B9C34A388` (`fk_payment_id`),
  KEY `FK8D42878BAB210E0E` (`fk_ticket_id`),
  KEY `FK8D42878B98C4CC42` (`fk_order_id`),
  KEY `FK8D42878B879D8F35` (`fk_ask_id`),
  CONSTRAINT `FK8D42878B879D8F35` FOREIGN KEY (`fk_ask_id`) REFERENCES `base_category` (`id`),
  CONSTRAINT `FK8D42878B98C4CC42` FOREIGN KEY (`fk_order_id`) REFERENCES `xm_sell_order` (`id`),
  CONSTRAINT `FK8D42878B9C34A388` FOREIGN KEY (`fk_payment_id`) REFERENCES `base_category` (`id`),
  CONSTRAINT `FK8D42878BAB210E0E` FOREIGN KEY (`fk_ticket_id`) REFERENCES `base_category` (`id`)
) ENGINE=InnoDB DEFAULT CHARSET=utf8;

--
-- Dumping data for table `xm_buy_order`
--

/*!40000 ALTER TABLE `xm_buy_order` DISABLE KEYS */;
/*!40000 ALTER TABLE `xm_buy_order` ENABLE KEYS */;


--
-- Definition of table `xm_buy_order_list`
--

DROP TABLE IF EXISTS `xm_buy_order_list`;
CREATE TABLE `xm_buy_order_list` (
  `id` bigint(20) NOT NULL,
  `createTime` varchar(255) NOT NULL,
  `flag` bit(1) NOT NULL,
  `status` bit(1) NOT NULL,
  `updateTime` varchar(255) NOT NULL,
  `amount` int(11) DEFAULT NULL,
  `mateId` bigint(20) DEFAULT NULL,
  `mateName` varchar(255) DEFAULT NULL,
  `price` double DEFAULT NULL,
  `unit` varchar(255) DEFAULT NULL,
  `fk_order_id` bigint(20) DEFAULT NULL,
  PRIMARY KEY (`id`),
  UNIQUE KEY `id` (`id`),
  KEY `FKBCD8E0D2CDD816D2` (`fk_order_id`),
  CONSTRAINT `FKBCD8E0D2CDD816D2` FOREIGN KEY (`fk_order_id`) REFERENCES `xm_buy_order` (`id`)
) ENGINE=InnoDB DEFAULT CHARSET=utf8;

--
-- Dumping data for table `xm_buy_order_list`
--

/*!40000 ALTER TABLE `xm_buy_order_list` DISABLE KEYS */;
/*!40000 ALTER TABLE `xm_buy_order_list` ENABLE KEYS */;


--
-- Definition of table `xm_buy_price`
--

DROP TABLE IF EXISTS `xm_buy_price`;
CREATE TABLE `xm_buy_price` (
  `id` bigint(20) NOT NULL,
  `createTime` varchar(255) NOT NULL,
  `flag` bit(1) NOT NULL,
  `status` bit(1) NOT NULL,
  `updateTime` varchar(255) NOT NULL,
  `addDate` varchar(255) DEFAULT NULL,
  `addId` bigint(20) DEFAULT NULL,
  `addName` varchar(255) DEFAULT NULL,
  `address` varchar(255) DEFAULT NULL,
  `askDate` varchar(255) DEFAULT NULL,
  `askId` bigint(20) DEFAULT NULL,
  `askName` varchar(255) DEFAULT NULL,
  `askState` int(11) DEFAULT NULL,
  `auditDate` varchar(255) DEFAULT NULL,
  `auditId` bigint(20) DEFAULT NULL,
  `auditName` varchar(255) DEFAULT NULL,
  `auditState` varchar(255) DEFAULT NULL,
  `clientId` bigint(20) DEFAULT NULL,
  `code` varchar(255) NOT NULL,
  `fax` varchar(255) DEFAULT NULL,
  `followDate` varchar(255) DEFAULT NULL,
  `followId` bigint(20) DEFAULT NULL,
  `followName` varchar(255) DEFAULT NULL,
  `grade` varchar(255) DEFAULT NULL,
  `linkman` varchar(255) DEFAULT NULL,
  `mobile` varchar(255) DEFAULT NULL,
  `name` varchar(255) DEFAULT NULL,
  `nopay` double DEFAULT NULL,
  `payfor` double DEFAULT NULL,
  `payment` double DEFAULT NULL,
  `phone` varchar(255) DEFAULT NULL,
  `postcode` varchar(255) DEFAULT NULL,
  `state` varchar(255) DEFAULT NULL,
  `tel` varchar(255) DEFAULT NULL,
  `total` int(11) DEFAULT NULL,
  `fk_ask_id` bigint(20) DEFAULT NULL,
  `fk_payment_id` bigint(20) DEFAULT NULL,
  `fk_ticket_id` bigint(20) DEFAULT NULL,
  `fk_order_id` bigint(20) DEFAULT NULL,
  `followState` varchar(20) DEFAULT NULL,
  PRIMARY KEY (`id`),
  UNIQUE KEY `id` (`id`),
  UNIQUE KEY `code` (`code`),
  KEY `FK8D50B1869C34A388` (`fk_payment_id`),
  KEY `FK8D50B186AB210E0E` (`fk_ticket_id`),
  KEY `FK8D50B18698C4CC42` (`fk_order_id`),
  KEY `FK8D50B186879D8F35` (`fk_ask_id`),
  CONSTRAINT `FK8D50B186879D8F35` FOREIGN KEY (`fk_ask_id`) REFERENCES `base_category` (`id`),
  CONSTRAINT `FK8D50B18698C4CC42` FOREIGN KEY (`fk_order_id`) REFERENCES `xm_sell_order` (`id`),
  CONSTRAINT `FK8D50B1869C34A388` FOREIGN KEY (`fk_payment_id`) REFERENCES `base_category` (`id`),
  CONSTRAINT `FK8D50B186AB210E0E` FOREIGN KEY (`fk_ticket_id`) REFERENCES `base_category` (`id`)
) ENGINE=InnoDB DEFAULT CHARSET=utf8;

--
-- Dumping data for table `xm_buy_price`
--

/*!40000 ALTER TABLE `xm_buy_price` DISABLE KEYS */;
/*!40000 ALTER TABLE `xm_buy_price` ENABLE KEYS */;


--
-- Definition of table `xm_buy_price_list`
--

DROP TABLE IF EXISTS `xm_buy_price_list`;
CREATE TABLE `xm_buy_price_list` (
  `id` bigint(20) NOT NULL,
  `createTime` varchar(255) NOT NULL,
  `flag` bit(1) NOT NULL,
  `status` bit(1) NOT NULL,
  `updateTime` varchar(255) NOT NULL,
  `amount` int(11) DEFAULT NULL,
  `mateId` bigint(20) DEFAULT NULL,
  `mateName` varchar(255) DEFAULT NULL,
  `price` double DEFAULT NULL,
  `remark` varchar(255) DEFAULT NULL,
  `unit` varchar(255) DEFAULT NULL,
  `fk_order_id` bigint(20) DEFAULT NULL,
  PRIMARY KEY (`id`),
  UNIQUE KEY `id` (`id`),
  KEY `FK388CBBB7CDE640CD` (`fk_order_id`),
  CONSTRAINT `FK388CBBB7CDE640CD` FOREIGN KEY (`fk_order_id`) REFERENCES `xm_buy_price` (`id`)
) ENGINE=InnoDB DEFAULT CHARSET=utf8;

--
-- Dumping data for table `xm_buy_price_list`
--

/*!40000 ALTER TABLE `xm_buy_price_list` DISABLE KEYS */;
/*!40000 ALTER TABLE `xm_buy_price_list` ENABLE KEYS */;


--
-- Definition of table `xm_material_enter`
--

DROP TABLE IF EXISTS `xm_material_enter`;
CREATE TABLE `xm_material_enter` (
  `id` bigint(20) NOT NULL,
  `createTime` varchar(255) NOT NULL,
  `flag` bit(1) NOT NULL,
  `status` bit(1) NOT NULL,
  `updateTime` varchar(255) NOT NULL,
  `fk_store_id` bigint(20) DEFAULT NULL,
  `fk_order_id` bigint(20) DEFAULT NULL,
  `fk_user_id` bigint(20) DEFAULT NULL,
  PRIMARY KEY (`id`),
  UNIQUE KEY `id` (`id`),
  KEY `FKE70E0C4A777AEB6B` (`fk_store_id`),
  KEY `FKE70E0C4A53DD42EA` (`fk_user_id`),
  KEY `FKE70E0C4ACDD816D2` (`fk_order_id`),
  CONSTRAINT `FKE70E0C4A53DD42EA` FOREIGN KEY (`fk_user_id`) REFERENCES `sys_user` (`id`),
  CONSTRAINT `FKE70E0C4A777AEB6B` FOREIGN KEY (`fk_store_id`) REFERENCES `base_store` (`id`),
  CONSTRAINT `FKE70E0C4ACDD816D2` FOREIGN KEY (`fk_order_id`) REFERENCES `xm_buy_order` (`id`)
) ENGINE=InnoDB DEFAULT CHARSET=utf8;

--
-- Dumping data for table `xm_material_enter`
--

/*!40000 ALTER TABLE `xm_material_enter` DISABLE KEYS */;
/*!40000 ALTER TABLE `xm_material_enter` ENABLE KEYS */;


--
-- Definition of table `xm_material_enter_list`
--

DROP TABLE IF EXISTS `xm_material_enter_list`;
CREATE TABLE `xm_material_enter_list` (
  `id` bigint(20) NOT NULL,
  `createTime` varchar(255) NOT NULL,
  `flag` bit(1) NOT NULL,
  `status` bit(1) NOT NULL,
  `updateTime` varchar(255) NOT NULL,
  `amount` int(11) DEFAULT NULL,
  `mateId` bigint(20) DEFAULT NULL,
  `mateName` varchar(255) DEFAULT NULL,
  `price` decimal(12,2) DEFAULT NULL,
  `unit` varchar(255) DEFAULT NULL,
  `fk_enter_id` bigint(20) DEFAULT NULL,
  PRIMARY KEY (`id`),
  UNIQUE KEY `id` (`id`),
  KEY `FK4F8D7B73BD58D824` (`fk_enter_id`),
  CONSTRAINT `FK4F8D7B73BD58D824` FOREIGN KEY (`fk_enter_id`) REFERENCES `xm_material_enter` (`id`)
) ENGINE=InnoDB DEFAULT CHARSET=utf8;

--
-- Dumping data for table `xm_material_enter_list`
--

/*!40000 ALTER TABLE `xm_material_enter_list` DISABLE KEYS */;
/*!40000 ALTER TABLE `xm_material_enter_list` ENABLE KEYS */;


--
-- Definition of table `xm_material_return`
--

DROP TABLE IF EXISTS `xm_material_return`;
CREATE TABLE `xm_material_return` (
  `id` bigint(20) NOT NULL,
  `createTime` varchar(255) NOT NULL,
  `flag` bit(1) NOT NULL,
  `status` bit(1) NOT NULL,
  `updateTime` varchar(255) NOT NULL,
  `addDate` varchar(255) DEFAULT NULL,
  `addId` bigint(20) DEFAULT NULL,
  `addName` varchar(255) DEFAULT NULL,
  `address` varchar(255) DEFAULT NULL,
  `askDate` varchar(255) DEFAULT NULL,
  `askId` bigint(20) DEFAULT NULL,
  `askName` varchar(255) DEFAULT NULL,
  `askState` int(11) DEFAULT NULL,
  `auditDate` varchar(255) DEFAULT NULL,
  `auditId` bigint(20) DEFAULT NULL,
  `auditName` varchar(255) DEFAULT NULL,
  `auditState` varchar(255) DEFAULT NULL,
  `clientId` bigint(20) DEFAULT NULL,
  `code` varchar(255) NOT NULL,
  `fax` varchar(255) DEFAULT NULL,
  `followDate` varchar(255) DEFAULT NULL,
  `followId` bigint(20) DEFAULT NULL,
  `followName` varchar(255) DEFAULT NULL,
  `grade` varchar(255) DEFAULT NULL,
  `linkman` varchar(255) DEFAULT NULL,
  `mobile` varchar(255) DEFAULT NULL,
  `name` varchar(255) DEFAULT NULL,
  `nopay` double DEFAULT NULL,
  `payfor` double DEFAULT NULL,
  `payment` double DEFAULT NULL,
  `phone` varchar(255) DEFAULT NULL,
  `postcode` varchar(255) DEFAULT NULL,
  `state` varchar(255) DEFAULT NULL,
  `tel` varchar(255) DEFAULT NULL,
  `total` int(11) DEFAULT NULL,
  `cause` varchar(255) DEFAULT NULL,
  `fk_ask_id` bigint(20) DEFAULT NULL,
  `fk_payment_id` bigint(20) DEFAULT NULL,
  `fk_ticket_id` bigint(20) DEFAULT NULL,
  `fk_order_id` bigint(20) DEFAULT NULL,
  `followState` varchar(20) DEFAULT NULL,
  PRIMARY KEY (`id`),
  UNIQUE KEY `id` (`id`),
  UNIQUE KEY `code` (`code`),
  KEY `FK1063E5FE9C34A388` (`fk_payment_id`),
  KEY `FK1063E5FEAB210E0E` (`fk_ticket_id`),
  KEY `FK1063E5FECDD816D2` (`fk_order_id`),
  KEY `FK1063E5FE879D8F35` (`fk_ask_id`),
  CONSTRAINT `FK1063E5FE879D8F35` FOREIGN KEY (`fk_ask_id`) REFERENCES `base_category` (`id`),
  CONSTRAINT `FK1063E5FE9C34A388` FOREIGN KEY (`fk_payment_id`) REFERENCES `base_category` (`id`),
  CONSTRAINT `FK1063E5FEAB210E0E` FOREIGN KEY (`fk_ticket_id`) REFERENCES `base_category` (`id`),
  CONSTRAINT `FK1063E5FECDD816D2` FOREIGN KEY (`fk_order_id`) REFERENCES `xm_buy_order` (`id`)
) ENGINE=InnoDB DEFAULT CHARSET=utf8;

--
-- Dumping data for table `xm_material_return`
--

/*!40000 ALTER TABLE `xm_material_return` DISABLE KEYS */;
/*!40000 ALTER TABLE `xm_material_return` ENABLE KEYS */;


--
-- Definition of table `xm_material_return_list`
--

DROP TABLE IF EXISTS `xm_material_return_list`;
CREATE TABLE `xm_material_return_list` (
  `id` bigint(20) NOT NULL,
  `createTime` varchar(255) NOT NULL,
  `flag` bit(1) NOT NULL,
  `status` bit(1) NOT NULL,
  `updateTime` varchar(255) NOT NULL,
  `amount` int(11) DEFAULT NULL,
  `mateId` bigint(20) DEFAULT NULL,
  `mateName` varchar(255) DEFAULT NULL,
  `price` decimal(12,2) DEFAULT NULL,
  `unit` varchar(255) DEFAULT NULL,
  `fk_untread_id` bigint(20) DEFAULT NULL,
  PRIMARY KEY (`id`),
  UNIQUE KEY `id` (`id`),
  KEY `FK321F923F70ABCEC3` (`fk_untread_id`),
  CONSTRAINT `FK321F923F70ABCEC3` FOREIGN KEY (`fk_untread_id`) REFERENCES `xm_material_return` (`id`)
) ENGINE=InnoDB DEFAULT CHARSET=utf8;

--
-- Dumping data for table `xm_material_return_list`
--

/*!40000 ALTER TABLE `xm_material_return_list` DISABLE KEYS */;
/*!40000 ALTER TABLE `xm_material_return_list` ENABLE KEYS */;


--
-- Definition of table `xm_order_budget`
--

DROP TABLE IF EXISTS `xm_order_budget`;
CREATE TABLE `xm_order_budget` (
  `id` bigint(20) NOT NULL,
  `createTime` varchar(255) NOT NULL,
  `flag` bit(1) NOT NULL,
  `status` bit(1) NOT NULL,
  `updateTime` varchar(255) NOT NULL,
  `amount` int(11) DEFAULT NULL,
  `name` varchar(255) DEFAULT NULL,
  `price` double DEFAULT NULL,
  `remark` varchar(255) DEFAULT NULL,
  `sort` varchar(255) DEFAULT NULL,
  `unit` varchar(255) DEFAULT NULL,
  `fk_order_id` bigint(20) DEFAULT NULL,
  PRIMARY KEY (`id`),
  UNIQUE KEY `id` (`id`),
  KEY `FKEE07026098C4CC42` (`fk_order_id`),
  CONSTRAINT `FKEE07026098C4CC42` FOREIGN KEY (`fk_order_id`) REFERENCES `xm_sell_order` (`id`)
) ENGINE=InnoDB DEFAULT CHARSET=utf8;

--
-- Dumping data for table `xm_order_budget`
--

/*!40000 ALTER TABLE `xm_order_budget` DISABLE KEYS */;
/*!40000 ALTER TABLE `xm_order_budget` ENABLE KEYS */;


--
-- Definition of table `xm_order_follow`
--

DROP TABLE IF EXISTS `xm_order_follow`;
CREATE TABLE `xm_order_follow` (
  `id` bigint(20) NOT NULL,
  `createTime` varchar(255) NOT NULL,
  `flag` bit(1) NOT NULL,
  `status` bit(1) NOT NULL,
  `updateTime` varchar(255) NOT NULL,
  `context` varchar(255) NOT NULL,
  `dataId` bigint(20) NOT NULL,
  `sort` varchar(255) DEFAULT NULL,
  PRIMARY KEY (`id`),
  UNIQUE KEY `id` (`id`)
) ENGINE=InnoDB DEFAULT CHARSET=utf8;

--
-- Dumping data for table `xm_order_follow`
--

/*!40000 ALTER TABLE `xm_order_follow` DISABLE KEYS */;
/*!40000 ALTER TABLE `xm_order_follow` ENABLE KEYS */;


--
-- Definition of table `xm_product_enter`
--

DROP TABLE IF EXISTS `xm_product_enter`;
CREATE TABLE `xm_product_enter` (
  `id` bigint(20) NOT NULL,
  `createTime` varchar(255) NOT NULL,
  `flag` bit(1) NOT NULL,
  `status` bit(1) NOT NULL,
  `updateTime` varchar(255) NOT NULL,
  `fk_store_id` bigint(20) DEFAULT NULL,
  `fk_order_id` bigint(20) DEFAULT NULL,
  `fk_user_id` bigint(20) DEFAULT NULL,
  PRIMARY KEY (`id`),
  UNIQUE KEY `id` (`id`),
  KEY `FK21EF97BE777AEB6B` (`fk_store_id`),
  KEY `FK21EF97BE53DD42EA` (`fk_user_id`),
  KEY `FK21EF97BE98C4CC42` (`fk_order_id`),
  CONSTRAINT `FK21EF97BE53DD42EA` FOREIGN KEY (`fk_user_id`) REFERENCES `sys_user` (`id`),
  CONSTRAINT `FK21EF97BE777AEB6B` FOREIGN KEY (`fk_store_id`) REFERENCES `base_store` (`id`),
  CONSTRAINT `FK21EF97BE98C4CC42` FOREIGN KEY (`fk_order_id`) REFERENCES `xm_sell_order` (`id`)
) ENGINE=InnoDB DEFAULT CHARSET=utf8;

--
-- Dumping data for table `xm_product_enter`
--

/*!40000 ALTER TABLE `xm_product_enter` DISABLE KEYS */;
/*!40000 ALTER TABLE `xm_product_enter` ENABLE KEYS */;


--
-- Definition of table `xm_product_enter_list`
--

DROP TABLE IF EXISTS `xm_product_enter_list`;
CREATE TABLE `xm_product_enter_list` (
  `id` bigint(20) NOT NULL,
  `createTime` varchar(255) NOT NULL,
  `flag` bit(1) NOT NULL,
  `status` bit(1) NOT NULL,
  `updateTime` varchar(255) NOT NULL,
  `amount` int(11) DEFAULT NULL,
  `price` decimal(22,2) DEFAULT NULL,
  `proId` bigint(20) DEFAULT NULL,
  `proName` varchar(255) DEFAULT NULL,
  `unit` varchar(255) DEFAULT NULL,
  `fk_enter_id` bigint(20) DEFAULT NULL,
  PRIMARY KEY (`id`),
  UNIQUE KEY `id` (`id`),
  KEY `FKB0DCF87F6AF83E4E` (`fk_enter_id`),
  CONSTRAINT `FKB0DCF87F6AF83E4E` FOREIGN KEY (`fk_enter_id`) REFERENCES `xm_product_enter` (`id`)
) ENGINE=InnoDB DEFAULT CHARSET=utf8;

--
-- Dumping data for table `xm_product_enter_list`
--

/*!40000 ALTER TABLE `xm_product_enter_list` DISABLE KEYS */;
/*!40000 ALTER TABLE `xm_product_enter_list` ENABLE KEYS */;


--
-- Definition of table `xm_product_out`
--

DROP TABLE IF EXISTS `xm_product_out`;
CREATE TABLE `xm_product_out` (
  `id` bigint(20) NOT NULL,
  `createTime` varchar(255) NOT NULL,
  `flag` bit(1) NOT NULL,
  `status` bit(1) NOT NULL,
  `updateTime` varchar(255) NOT NULL,
  `fk_store_id` bigint(20) DEFAULT NULL,
  `fk_order_id` bigint(20) DEFAULT NULL,
  `fk_user_id` bigint(20) DEFAULT NULL,
  PRIMARY KEY (`id`),
  UNIQUE KEY `id` (`id`),
  KEY `FKEFC941B4777AEB6B` (`fk_store_id`),
  KEY `FKEFC941B453DD42EA` (`fk_user_id`),
  KEY `FKEFC941B498C4CC42` (`fk_order_id`),
  CONSTRAINT `FKEFC941B453DD42EA` FOREIGN KEY (`fk_user_id`) REFERENCES `sys_user` (`id`),
  CONSTRAINT `FKEFC941B4777AEB6B` FOREIGN KEY (`fk_store_id`) REFERENCES `base_store` (`id`),
  CONSTRAINT `FKEFC941B498C4CC42` FOREIGN KEY (`fk_order_id`) REFERENCES `xm_sell_order` (`id`)
) ENGINE=InnoDB DEFAULT CHARSET=utf8;

--
-- Dumping data for table `xm_product_out`
--

/*!40000 ALTER TABLE `xm_product_out` DISABLE KEYS */;
/*!40000 ALTER TABLE `xm_product_out` ENABLE KEYS */;


--
-- Definition of table `xm_product_out_list`
--

DROP TABLE IF EXISTS `xm_product_out_list`;
CREATE TABLE `xm_product_out_list` (
  `id` bigint(20) NOT NULL,
  `createTime` varchar(255) NOT NULL,
  `flag` bit(1) NOT NULL,
  `status` bit(1) NOT NULL,
  `updateTime` varchar(255) NOT NULL,
  `amount` int(11) DEFAULT NULL,
  `price` decimal(22,2) DEFAULT NULL,
  `proId` bigint(20) DEFAULT NULL,
  `proName` varchar(255) DEFAULT NULL,
  `unit` varchar(255) DEFAULT NULL,
  `fk_out_id` bigint(20) DEFAULT NULL,
  PRIMARY KEY (`id`),
  UNIQUE KEY `id` (`id`),
  KEY `FKA96D18495716B78E` (`fk_out_id`),
  CONSTRAINT `FKA96D18495716B78E` FOREIGN KEY (`fk_out_id`) REFERENCES `xm_product_out` (`id`)
) ENGINE=InnoDB DEFAULT CHARSET=utf8;

--
-- Dumping data for table `xm_product_out_list`
--

/*!40000 ALTER TABLE `xm_product_out_list` DISABLE KEYS */;
/*!40000 ALTER TABLE `xm_product_out_list` ENABLE KEYS */;


--
-- Definition of table `xm_product_return`
--

DROP TABLE IF EXISTS `xm_product_return`;
CREATE TABLE `xm_product_return` (
  `id` bigint(20) NOT NULL,
  `createTime` varchar(255) NOT NULL,
  `flag` bit(1) NOT NULL,
  `status` bit(1) NOT NULL,
  `updateTime` varchar(255) NOT NULL,
  `addDate` varchar(255) DEFAULT NULL,
  `addId` bigint(20) DEFAULT NULL,
  `addName` varchar(255) DEFAULT NULL,
  `address` varchar(255) DEFAULT NULL,
  `askDate` varchar(255) DEFAULT NULL,
  `askId` bigint(20) DEFAULT NULL,
  `askName` varchar(255) DEFAULT NULL,
  `askState` int(11) DEFAULT NULL,
  `auditDate` varchar(255) DEFAULT NULL,
  `auditId` bigint(20) DEFAULT NULL,
  `auditName` varchar(255) DEFAULT NULL,
  `auditState` varchar(255) DEFAULT NULL,
  `clientId` bigint(20) DEFAULT NULL,
  `code` varchar(255) NOT NULL,
  `fax` varchar(255) DEFAULT NULL,
  `followDate` varchar(255) DEFAULT NULL,
  `followId` bigint(20) DEFAULT NULL,
  `followName` varchar(255) DEFAULT NULL,
  `grade` varchar(255) DEFAULT NULL,
  `linkman` varchar(255) DEFAULT NULL,
  `mobile` varchar(255) DEFAULT NULL,
  `name` varchar(255) DEFAULT NULL,
  `nopay` double DEFAULT NULL,
  `payfor` double DEFAULT NULL,
  `payment` double DEFAULT NULL,
  `phone` varchar(255) DEFAULT NULL,
  `postcode` varchar(255) DEFAULT NULL,
  `state` varchar(255) DEFAULT NULL,
  `tel` varchar(255) DEFAULT NULL,
  `total` int(11) DEFAULT NULL,
  `cause` varchar(255) DEFAULT NULL,
  `fk_ask_id` bigint(20) DEFAULT NULL,
  `fk_payment_id` bigint(20) DEFAULT NULL,
  `fk_ticket_id` bigint(20) DEFAULT NULL,
  `fk_store_id` bigint(20) DEFAULT NULL,
  `fk_order_id` bigint(20) DEFAULT NULL,
  `followState` varchar(20) DEFAULT NULL,
  PRIMARY KEY (`id`),
  UNIQUE KEY `id` (`id`),
  UNIQUE KEY `code` (`code`),
  KEY `FK31B3C90A777AEB6B` (`fk_store_id`),
  KEY `FK31B3C90A9C34A388` (`fk_payment_id`),
  KEY `FK31B3C90AAB210E0E` (`fk_ticket_id`),
  KEY `FK31B3C90A98C4CC42` (`fk_order_id`),
  KEY `FK31B3C90A879D8F35` (`fk_ask_id`),
  CONSTRAINT `FK31B3C90A777AEB6B` FOREIGN KEY (`fk_store_id`) REFERENCES `base_store` (`id`),
  CONSTRAINT `FK31B3C90A879D8F35` FOREIGN KEY (`fk_ask_id`) REFERENCES `base_category` (`id`),
  CONSTRAINT `FK31B3C90A98C4CC42` FOREIGN KEY (`fk_order_id`) REFERENCES `xm_sell_order` (`id`),
  CONSTRAINT `FK31B3C90A9C34A388` FOREIGN KEY (`fk_payment_id`) REFERENCES `base_category` (`id`),
  CONSTRAINT `FK31B3C90AAB210E0E` FOREIGN KEY (`fk_ticket_id`) REFERENCES `base_category` (`id`)
) ENGINE=InnoDB DEFAULT CHARSET=utf8;

--
-- Dumping data for table `xm_product_return`
--

/*!40000 ALTER TABLE `xm_product_return` DISABLE KEYS */;
/*!40000 ALTER TABLE `xm_product_return` ENABLE KEYS */;


--
-- Definition of table `xm_product_return_list`
--

DROP TABLE IF EXISTS `xm_product_return_list`;
CREATE TABLE `xm_product_return_list` (
  `id` bigint(20) NOT NULL,
  `createTime` varchar(255) NOT NULL,
  `flag` bit(1) NOT NULL,
  `status` bit(1) NOT NULL,
  `updateTime` varchar(255) NOT NULL,
  `amount` int(11) DEFAULT NULL,
  `price` decimal(22,2) DEFAULT NULL,
  `proId` bigint(20) DEFAULT NULL,
  `proName` varchar(255) DEFAULT NULL,
  `unit` varchar(255) DEFAULT NULL,
  `fk_untread_id` bigint(20) DEFAULT NULL,
  PRIMARY KEY (`id`),
  UNIQUE KEY `id` (`id`),
  KEY `FKFABFB6B376F92DD9` (`fk_untread_id`),
  CONSTRAINT `FKFABFB6B376F92DD9` FOREIGN KEY (`fk_untread_id`) REFERENCES `xm_product_return` (`id`)
) ENGINE=InnoDB DEFAULT CHARSET=utf8;

--
-- Dumping data for table `xm_product_return_list`
--

/*!40000 ALTER TABLE `xm_product_return_list` DISABLE KEYS */;
/*!40000 ALTER TABLE `xm_product_return_list` ENABLE KEYS */;


--
-- Definition of table `xm_sell_order`
--

DROP TABLE IF EXISTS `xm_sell_order`;
CREATE TABLE `xm_sell_order` (
  `id` bigint(20) NOT NULL,
  `createTime` varchar(255) NOT NULL,
  `flag` bit(1) NOT NULL,
  `status` bit(1) NOT NULL,
  `updateTime` varchar(255) NOT NULL,
  `addDate` varchar(255) DEFAULT NULL,
  `addId` bigint(20) DEFAULT NULL,
  `addName` varchar(255) DEFAULT NULL,
  `address` varchar(255) DEFAULT NULL,
  `askDate` varchar(255) DEFAULT NULL,
  `askId` bigint(20) DEFAULT NULL,
  `askName` varchar(255) DEFAULT NULL,
  `askState` varchar(20) DEFAULT NULL,
  `auditDate` varchar(255) DEFAULT NULL,
  `auditId` bigint(20) DEFAULT NULL,
  `auditName` varchar(255) DEFAULT NULL,
  `auditState` varchar(255) DEFAULT NULL,
  `clientId` bigint(20) DEFAULT NULL,
  `code` varchar(255) NOT NULL,
  `fax` varchar(255) DEFAULT NULL,
  `followDate` varchar(255) DEFAULT NULL,
  `followId` bigint(20) DEFAULT NULL,
  `followName` varchar(255) DEFAULT NULL,
  `grade` varchar(255) DEFAULT NULL,
  `linkman` varchar(255) DEFAULT NULL,
  `mobile` varchar(255) DEFAULT NULL,
  `name` varchar(255) DEFAULT NULL,
  `nopay` double DEFAULT NULL,
  `payfor` double DEFAULT NULL,
  `payment` double DEFAULT NULL,
  `phone` varchar(255) DEFAULT NULL,
  `postcode` varchar(255) DEFAULT NULL,
  `state` varchar(255) DEFAULT NULL,
  `tel` varchar(255) DEFAULT NULL,
  `total` int(11) DEFAULT NULL,
  `deliver` varchar(255) DEFAULT NULL,
  `fk_ask_id` bigint(20) DEFAULT NULL,
  `fk_payment_id` bigint(20) DEFAULT NULL,
  `fk_ticket_id` bigint(20) DEFAULT NULL,
  `fk_sort_id` bigint(20) DEFAULT NULL,
  `followState` varchar(20) DEFAULT NULL,
  `balanceState` varchar(20) DEFAULT NULL,
  `budgetState` varchar(20) DEFAULT NULL,
  `checkState` varchar(20) DEFAULT NULL,
  `outState` varchar(20) DEFAULT NULL,
  `signState` varchar(20) DEFAULT NULL,
  PRIMARY KEY (`id`),
  UNIQUE KEY `id` (`id`),
  UNIQUE KEY `code` (`code`),
  KEY `FK5D783FAB1D7F2BBC` (`fk_sort_id`),
  KEY `FK5D783FAB9C34A388` (`fk_payment_id`),
  KEY `FK5D783FABAB210E0E` (`fk_ticket_id`),
  KEY `FK5D783FAB879D8F35` (`fk_ask_id`),
  CONSTRAINT `FK5D783FAB1D7F2BBC` FOREIGN KEY (`fk_sort_id`) REFERENCES `base_category` (`id`),
  CONSTRAINT `FK5D783FAB879D8F35` FOREIGN KEY (`fk_ask_id`) REFERENCES `base_category` (`id`),
  CONSTRAINT `FK5D783FAB9C34A388` FOREIGN KEY (`fk_payment_id`) REFERENCES `base_category` (`id`),
  CONSTRAINT `FK5D783FABAB210E0E` FOREIGN KEY (`fk_ticket_id`) REFERENCES `base_category` (`id`)
) ENGINE=InnoDB DEFAULT CHARSET=utf8;

--
-- Dumping data for table `xm_sell_order`
--

/*!40000 ALTER TABLE `xm_sell_order` DISABLE KEYS */;
INSERT INTO `xm_sell_order` (`id`,`createTime`,`flag`,`status`,`updateTime`,`addDate`,`addId`,`addName`,`address`,`askDate`,`askId`,`askName`,`askState`,`auditDate`,`auditId`,`auditName`,`auditState`,`clientId`,`code`,`fax`,`followDate`,`followId`,`followName`,`grade`,`linkman`,`mobile`,`name`,`nopay`,`payfor`,`payment`,`phone`,`postcode`,`state`,`tel`,`total`,`deliver`,`fk_ask_id`,`fk_payment_id`,`fk_ticket_id`,`fk_sort_id`,`followState`,`balanceState`,`budgetState`,`checkState`,`outState`,`signState`) VALUES 
 (201301000008,'2013-01-18 17:12:20',0x01,0x01,'2013-01-18 18:38:01','2013-01-18',201209000001,'杜永生','广东省中山市中山五路57号7楼',NULL,NULL,NULL,'ASK_OK',NULL,NULL,NULL,'AUDIT_YES',201301000001,'DD20130100012','0760-88711494',NULL,NULL,NULL,'GENERAL','郭玉莲','13549862292','广东京通资讯科技有限公司',NULL,NULL,10250,'0760-23328389',NULL,'XSGL_XMGL_DDGL','0760-23328389',50,NULL,201301000110,NULL,NULL,201301000087,NULL,'BALANCE_WAIT','BUDGET_WAIT',NULL,NULL,'SIGN_OK'),
 (201301000009,'2013-01-18 18:41:14',0x01,0x01,'2013-01-18 18:52:00','2013-01-18',201209000001,'杜永生','广东省中山市西区华富道6号中山数码广场富荣阁21楼F座',NULL,NULL,NULL,'ASK_OK',NULL,NULL,NULL,'AUDIT_YES',201301000003,'DD20130100013',NULL,NULL,NULL,NULL,'GENERAL','雷丽华','13928141219','中山市网政软件有限公司',NULL,NULL,32000,'0760-88617198',NULL,'XSGL_XMGL_DDGL','0760-88617198',400,NULL,NULL,NULL,NULL,201301000085,NULL,'BALANCE_WAIT','BUDGET_WAIT',NULL,NULL,'SIGN_OK');
/*!40000 ALTER TABLE `xm_sell_order` ENABLE KEYS */;


--
-- Definition of table `xm_sell_order_list`
--

DROP TABLE IF EXISTS `xm_sell_order_list`;
CREATE TABLE `xm_sell_order_list` (
  `id` bigint(20) NOT NULL,
  `createTime` varchar(255) NOT NULL,
  `flag` bit(1) NOT NULL,
  `status` bit(1) NOT NULL,
  `updateTime` varchar(255) NOT NULL,
  `amount` int(11) DEFAULT NULL,
  `caption` varchar(255) DEFAULT NULL,
  `price` double DEFAULT NULL,
  `proId` bigint(20) DEFAULT NULL,
  `remark` varchar(255) DEFAULT NULL,
  `unit` varchar(255) DEFAULT NULL,
  `fk_order_id` bigint(20) DEFAULT NULL,
  `code` varchar(10) DEFAULT NULL,
  `color` varchar(10) DEFAULT NULL,
  `model` varchar(10) DEFAULT NULL,
  `name` varchar(50) DEFAULT NULL,
  `photo` varchar(255) DEFAULT NULL,
  `size` varchar(10) DEFAULT NULL,
  `type` int(11) DEFAULT NULL,
  PRIMARY KEY (`id`),
  UNIQUE KEY `id` (`id`),
  KEY `FKF8113CB298C4CC42` (`fk_order_id`),
  CONSTRAINT `FKF8113CB298C4CC42` FOREIGN KEY (`fk_order_id`) REFERENCES `xm_sell_order` (`id`)
) ENGINE=InnoDB DEFAULT CHARSET=utf8;

--
-- Dumping data for table `xm_sell_order_list`
--

/*!40000 ALTER TABLE `xm_sell_order_list` DISABLE KEYS */;
INSERT INTO `xm_sell_order_list` (`id`,`createTime`,`flag`,`status`,`updateTime`,`amount`,`caption`,`price`,`proId`,`remark`,`unit`,`fk_order_id`,`code`,`color`,`model`,`name`,`photo`,`size`,`type`) VALUES 
 (201301000086,'2013-01-18 17:13:38',0x01,0x01,'2013-01-18 18:13:03',10,'',205,NULL,'','件',201301000008,NULL,'黄色',NULL,'秋冬装新品韩版男装棉衣',NULL,'XXL',NULL),
 (201301000087,'2013-01-18 17:13:38',0x01,0x01,'2013-01-18 18:13:03',10,'',205,NULL,'','件',201301000008,NULL,'黄色',NULL,'秋冬装新品韩版男装棉衣',NULL,'XL',NULL),
 (201301000088,'2013-01-18 17:13:38',0x01,0x01,'2013-01-18 18:13:03',10,'',205,NULL,'','件',201301000008,NULL,'黄色',NULL,'秋冬装新品韩版男装棉衣',NULL,'L',NULL),
 (201301000089,'2013-01-18 17:13:38',0x01,0x01,'2013-01-18 18:13:03',10,'',205,NULL,'','件',201301000008,NULL,'黄色',NULL,'秋冬装新品韩版男装棉衣',NULL,'M',NULL),
 (201301000090,'2013-01-18 17:13:38',0x01,0x01,'2013-01-18 18:13:03',10,'',205,NULL,'','件',201301000008,NULL,'黄色',NULL,'秋冬装新品韩版男装棉衣',NULL,'S',NULL),
 (201301000095,'2013-01-18 18:41:23',0x01,0x01,'2013-01-18 18:50:02',100,'',80,201301000027,'','件',201301000009,NULL,'',NULL,'AMPM女腰部系带格仔短袖连衣裙',NULL,'XL',NULL),
 (201301000096,'2013-01-18 18:41:23',0x01,0x01,'2013-01-18 18:50:02',100,'',80,201301000027,'','件',201301000009,NULL,'',NULL,'AMPM女腰部系带格仔短袖连衣裙',NULL,'L',NULL),
 (201301000097,'2013-01-18 18:41:23',0x01,0x01,'2013-01-18 18:50:02',100,'',80,201301000027,'','件',201301000009,NULL,'',NULL,'AMPM女腰部系带格仔短袖连衣裙',NULL,'M',NULL),
 (201301000098,'2013-01-18 18:41:23',0x01,0x01,'2013-01-18 18:50:02',100,'',80,201301000027,'','件',201301000009,NULL,'',NULL,'AMPM女腰部系带格仔短袖连衣裙',NULL,'S',NULL);
/*!40000 ALTER TABLE `xm_sell_order_list` ENABLE KEYS */;


--
-- Definition of table `xm_sell_price`
--

DROP TABLE IF EXISTS `xm_sell_price`;
CREATE TABLE `xm_sell_price` (
  `id` bigint(20) NOT NULL,
  `createTime` varchar(255) NOT NULL,
  `flag` bit(1) NOT NULL,
  `status` bit(1) NOT NULL,
  `updateTime` varchar(255) NOT NULL,
  `state` varchar(255) DEFAULT NULL,
  `tellId` bigint(20) DEFAULT NULL,
  `tellName` varchar(255) DEFAULT NULL,
  `title` varchar(255) DEFAULT NULL,
  `fk_mode_id` bigint(20) DEFAULT NULL,
  `fk_order_id` bigint(20) DEFAULT NULL,
  PRIMARY KEY (`id`),
  UNIQUE KEY `id` (`id`),
  KEY `FK5D8669A6DF4DAD97` (`fk_mode_id`),
  KEY `FK5D8669A698C4CC42` (`fk_order_id`),
  CONSTRAINT `FK5D8669A698C4CC42` FOREIGN KEY (`fk_order_id`) REFERENCES `xm_sell_order` (`id`),
  CONSTRAINT `FK5D8669A6DF4DAD97` FOREIGN KEY (`fk_mode_id`) REFERENCES `base_category` (`id`)
) ENGINE=InnoDB DEFAULT CHARSET=utf8;

--
-- Dumping data for table `xm_sell_price`
--

/*!40000 ALTER TABLE `xm_sell_price` DISABLE KEYS */;
/*!40000 ALTER TABLE `xm_sell_price` ENABLE KEYS */;


--
-- Definition of table `xm_sell_price_list`
--

DROP TABLE IF EXISTS `xm_sell_price_list`;
CREATE TABLE `xm_sell_price_list` (
  `id` bigint(20) NOT NULL,
  `createTime` varchar(255) NOT NULL,
  `flag` bit(1) NOT NULL,
  `status` bit(1) NOT NULL,
  `updateTime` varchar(255) NOT NULL,
  `amount` int(11) DEFAULT NULL,
  `price` decimal(22,2) DEFAULT NULL,
  `proId` bigint(20) DEFAULT NULL,
  `proName` varchar(255) DEFAULT NULL,
  `unit` varchar(255) DEFAULT NULL,
  `fk_order_id` bigint(20) DEFAULT NULL,
  PRIMARY KEY (`id`),
  UNIQUE KEY `id` (`id`),
  KEY `FK73C5179798D2F63D` (`fk_order_id`),
  CONSTRAINT `FK73C5179798D2F63D` FOREIGN KEY (`fk_order_id`) REFERENCES `xm_sell_price` (`id`)
) ENGINE=InnoDB DEFAULT CHARSET=utf8;

--
-- Dumping data for table `xm_sell_price_list`
--

/*!40000 ALTER TABLE `xm_sell_price_list` DISABLE KEYS */;
/*!40000 ALTER TABLE `xm_sell_price_list` ENABLE KEYS */;


--
-- Definition of table `xm_store_check`
--

DROP TABLE IF EXISTS `xm_store_check`;
CREATE TABLE `xm_store_check` (
  `id` bigint(20) NOT NULL,
  `createTime` varchar(255) NOT NULL,
  `flag` bit(1) NOT NULL,
  `status` bit(1) NOT NULL,
  `updateTime` varchar(255) NOT NULL,
  `sort` varchar(255) DEFAULT NULL,
  `storeId` bigint(20) DEFAULT NULL,
  `storeName` varchar(255) DEFAULT NULL,
  `fk_employee_id` bigint(20) DEFAULT NULL,
  PRIMARY KEY (`id`),
  UNIQUE KEY `id` (`id`),
  KEY `FKEF37F9E04FB4DAC1` (`fk_employee_id`),
  CONSTRAINT `FKEF37F9E04FB4DAC1` FOREIGN KEY (`fk_employee_id`) REFERENCES `base_employee` (`id`)
) ENGINE=InnoDB DEFAULT CHARSET=utf8;

--
-- Dumping data for table `xm_store_check`
--

/*!40000 ALTER TABLE `xm_store_check` DISABLE KEYS */;
/*!40000 ALTER TABLE `xm_store_check` ENABLE KEYS */;


--
-- Definition of table `xm_store_check_list`
--

DROP TABLE IF EXISTS `xm_store_check_list`;
CREATE TABLE `xm_store_check_list` (
  `id` bigint(20) NOT NULL,
  `createTime` varchar(255) NOT NULL,
  `flag` bit(1) NOT NULL,
  `status` bit(1) NOT NULL,
  `updateTime` varchar(255) NOT NULL,
  `destAmount` int(11) DEFAULT NULL,
  `proId` bigint(20) DEFAULT NULL,
  `proName` varchar(255) DEFAULT NULL,
  `srcAmount` int(11) DEFAULT NULL,
  `unit` varchar(255) DEFAULT NULL,
  `fk_check_id` bigint(20) DEFAULT NULL,
  PRIMARY KEY (`id`),
  UNIQUE KEY `id` (`id`),
  KEY `FK65869B9DEEC79DC` (`fk_check_id`),
  CONSTRAINT `FK65869B9DEEC79DC` FOREIGN KEY (`fk_check_id`) REFERENCES `xm_store_check` (`id`)
) ENGINE=InnoDB DEFAULT CHARSET=utf8;

--
-- Dumping data for table `xm_store_check_list`
--

/*!40000 ALTER TABLE `xm_store_check_list` DISABLE KEYS */;
/*!40000 ALTER TABLE `xm_store_check_list` ENABLE KEYS */;


--
-- Definition of table `xm_store_move`
--

DROP TABLE IF EXISTS `xm_store_move`;
CREATE TABLE `xm_store_move` (
  `id` bigint(20) NOT NULL,
  `createTime` varchar(255) NOT NULL,
  `flag` bit(1) NOT NULL,
  `status` bit(1) NOT NULL,
  `updateTime` varchar(255) NOT NULL,
  `destId` bigint(20) DEFAULT NULL,
  `destName` varchar(255) DEFAULT NULL,
  `sort` varchar(255) DEFAULT NULL,
  `srcId` bigint(20) DEFAULT NULL,
  `srcName` varchar(255) DEFAULT NULL,
  `fk_employee_id` bigint(20) DEFAULT NULL,
  PRIMARY KEY (`id`),
  UNIQUE KEY `id` (`id`),
  KEY `FK8BDD2BF94FB4DAC1` (`fk_employee_id`),
  CONSTRAINT `FK8BDD2BF94FB4DAC1` FOREIGN KEY (`fk_employee_id`) REFERENCES `base_employee` (`id`)
) ENGINE=InnoDB DEFAULT CHARSET=utf8;

--
-- Dumping data for table `xm_store_move`
--

/*!40000 ALTER TABLE `xm_store_move` DISABLE KEYS */;
/*!40000 ALTER TABLE `xm_store_move` ENABLE KEYS */;


--
-- Definition of table `xm_store_move_list`
--

DROP TABLE IF EXISTS `xm_store_move_list`;
CREATE TABLE `xm_store_move_list` (
  `id` bigint(20) NOT NULL,
  `createTime` varchar(255) NOT NULL,
  `flag` bit(1) NOT NULL,
  `status` bit(1) NOT NULL,
  `updateTime` varchar(255) NOT NULL,
  `destAmount` int(11) DEFAULT NULL,
  `proId` bigint(20) DEFAULT NULL,
  `proName` varchar(255) DEFAULT NULL,
  `srcAmount` int(11) DEFAULT NULL,
  `unit` varchar(255) DEFAULT NULL,
  `fk_move_id` bigint(20) DEFAULT NULL,
  PRIMARY KEY (`id`),
  UNIQUE KEY `id` (`id`),
  KEY `FK64F9D124582EE2B8` (`fk_move_id`),
  CONSTRAINT `FK64F9D124582EE2B8` FOREIGN KEY (`fk_move_id`) REFERENCES `xm_store_move` (`id`)
) ENGINE=InnoDB DEFAULT CHARSET=utf8;

--
-- Dumping data for table `xm_store_move_list`
--

/*!40000 ALTER TABLE `xm_store_move_list` DISABLE KEYS */;
/*!40000 ALTER TABLE `xm_store_move_list` ENABLE KEYS */;


--
-- Definition of table `xm_visit_plan`
--

DROP TABLE IF EXISTS `xm_visit_plan`;
CREATE TABLE `xm_visit_plan` (
  `id` bigint(20) NOT NULL,
  `createTime` varchar(255) NOT NULL,
  `flag` bit(1) NOT NULL,
  `status` bit(1) NOT NULL,
  `updateTime` varchar(255) NOT NULL,
  `comId` bigint(20) DEFAULT NULL,
  `comName` bigint(20) DEFAULT NULL,
  `context` varchar(255) NOT NULL,
  `sort` varchar(255) DEFAULT NULL,
  `title` varchar(255) DEFAULT NULL,
  `fk_contact_id` bigint(20) DEFAULT NULL,
  `fk_employee_id` bigint(20) DEFAULT NULL,
  `fk_ploy_id` bigint(20) DEFAULT NULL,
  PRIMARY KEY (`id`),
  UNIQUE KEY `id` (`id`),
  KEY `FKE6CF59274468432E` (`fk_contact_id`),
  KEY `FKE6CF59277985EF74` (`fk_ploy_id`),
  KEY `FKE6CF59274FB4DAC1` (`fk_employee_id`),
  CONSTRAINT `FKE6CF59274468432E` FOREIGN KEY (`fk_contact_id`) REFERENCES `base_category` (`id`),
  CONSTRAINT `FKE6CF59274FB4DAC1` FOREIGN KEY (`fk_employee_id`) REFERENCES `base_employee` (`id`),
  CONSTRAINT `FKE6CF59277985EF74` FOREIGN KEY (`fk_ploy_id`) REFERENCES `base_category` (`id`)
) ENGINE=InnoDB DEFAULT CHARSET=utf8;

--
-- Dumping data for table `xm_visit_plan`
--

/*!40000 ALTER TABLE `xm_visit_plan` DISABLE KEYS */;
/*!40000 ALTER TABLE `xm_visit_plan` ENABLE KEYS */;




/*!40101 SET SQL_MODE=@OLD_SQL_MODE */;
/*!40014 SET FOREIGN_KEY_CHECKS=@OLD_FOREIGN_KEY_CHECKS */;
/*!40014 SET UNIQUE_CHECKS=@OLD_UNIQUE_CHECKS */;
/*!40101 SET CHARACTER_SET_CLIENT=@OLD_CHARACTER_SET_CLIENT */;
/*!40101 SET CHARACTER_SET_RESULTS=@OLD_CHARACTER_SET_RESULTS */;
/*!40101 SET COLLATION_CONNECTION=@OLD_COLLATION_CONNECTION */;
/*!40101 SET CHARACTER_SET_CLIENT=@OLD_CHARACTER_SET_CLIENT */;
