-- MySQL Administrator dump 1.4
--
-- ------------------------------------------------------
-- Server version	5.1.49-community


/*!40101 SET @OLD_CHARACTER_SET_CLIENT=@@CHARACTER_SET_CLIENT */;
/*!40101 SET @OLD_CHARACTER_SET_RESULTS=@@CHARACTER_SET_RESULTS */;
/*!40101 SET @OLD_COLLATION_CONNECTION=@@COLLATION_CONNECTION */;
/*!40101 SET NAMES utf8 */;

/*!40014 SET @OLD_UNIQUE_CHECKS=@@UNIQUE_CHECKS, UNIQUE_CHECKS=0 */;
/*!40014 SET @OLD_FOREIGN_KEY_CHECKS=@@FOREIGN_KEY_CHECKS, FOREIGN_KEY_CHECKS=0 */;
/*!40101 SET @OLD_SQL_MODE=@@SQL_MODE, SQL_MODE='NO_AUTO_VALUE_ON_ZERO' */;


--
-- Create schema ducrm
--

CREATE DATABASE IF NOT EXISTS ducrm;
USE ducrm;

--
-- Definition of table `base_accessory`
--

DROP TABLE IF EXISTS `base_accessory`;
CREATE TABLE `base_accessory` (
  `id` bigint(20) NOT NULL,
  `createTime` varchar(255) NOT NULL,
  `flag` bit(1) NOT NULL,
  `status` bit(1) NOT NULL,
  `updateTime` varchar(255) NOT NULL,
  `dataId` bigint(20) NOT NULL,
  `name` varchar(255) NOT NULL,
  `path` varchar(255) NOT NULL,
  `realname` varchar(255) NOT NULL,
  `sort` varchar(255) NOT NULL,
  `userid` bigint(20) NOT NULL,
  PRIMARY KEY (`id`),
  UNIQUE KEY `id` (`id`)
) ENGINE=InnoDB DEFAULT CHARSET=utf8;

--
-- Dumping data for table `base_accessory`
--

/*!40000 ALTER TABLE `base_accessory` DISABLE KEYS */;
/*!40000 ALTER TABLE `base_accessory` ENABLE KEYS */;


--
-- Definition of table `base_area`
--

DROP TABLE IF EXISTS `base_area`;
CREATE TABLE `base_area` (
  `id` bigint(20) NOT NULL,
  `createTime` varchar(255) NOT NULL,
  `flag` bit(1) NOT NULL,
  `status` bit(1) NOT NULL,
  `updateTime` varchar(255) NOT NULL,
  `code` varchar(255) NOT NULL,
  `name` varchar(255) NOT NULL,
  `fk_area_id` bigint(20) DEFAULT NULL,
  PRIMARY KEY (`id`),
  UNIQUE KEY `id` (`id`),
  UNIQUE KEY `code` (`code`),
  KEY `FK93B31D3B93E397FC` (`fk_area_id`),
  CONSTRAINT `FK93B31D3B93E397FC` FOREIGN KEY (`fk_area_id`) REFERENCES `base_area` (`id`)
) ENGINE=InnoDB DEFAULT CHARSET=utf8;

--
-- Dumping data for table `base_area`
--

/*!40000 ALTER TABLE `base_area` DISABLE KEYS */;
INSERT INTO `base_area` (`id`,`createTime`,`flag`,`status`,`updateTime`,`code`,`name`,`fk_area_id`) VALUES 
 (201209000001,'2012-09-17 20:25:03',0x01,0x01,'2012-09-17 20:25:03','01','安徽省',NULL),
 (201209000002,'2012-09-17 20:25:03',0x01,0x01,'2012-09-17 20:25:03','02','北京市',NULL),
 (201209000003,'2012-09-17 20:25:03',0x01,0x01,'2012-09-17 20:25:03','03','重庆市',NULL),
 (201209000004,'2012-09-17 20:25:03',0x01,0x01,'2012-09-17 20:25:03','04','福建省',NULL),
 (201209000005,'2012-09-17 20:25:03',0x01,0x01,'2012-09-17 20:25:03','05','甘肃省',NULL),
 (201209000006,'2012-09-17 20:25:03',0x01,0x01,'2012-09-17 20:25:03','06','广东省',NULL),
 (201209000007,'2012-09-17 20:25:03',0x01,0x01,'2012-09-17 20:25:03','07','广西壮族自治区',NULL),
 (201209000008,'2012-09-17 20:25:03',0x01,0x01,'2012-09-17 20:25:03','08','贵州省',NULL),
 (201209000009,'2012-09-17 20:25:04',0x01,0x01,'2012-09-17 20:25:04','09','海南省',NULL),
 (201209000010,'2012-09-17 20:25:04',0x01,0x01,'2012-09-17 20:25:04','10','河北省',NULL),
 (201209000011,'2012-09-17 20:25:04',0x01,0x01,'2012-09-17 20:25:04','11','黑龙江',NULL),
 (201209000012,'2012-09-17 20:25:04',0x01,0x01,'2012-09-17 20:25:04','12','河南省',NULL),
 (201209000013,'2012-09-17 20:25:04',0x01,0x01,'2012-09-17 20:25:04','13','香港特别行政区',NULL),
 (201209000014,'2012-09-17 20:25:04',0x01,0x01,'2012-09-17 20:25:04','14','湖北省',NULL),
 (201209000015,'2012-09-17 20:25:04',0x01,0x01,'2012-09-17 20:25:04','15','湖南省',NULL),
 (201209000016,'2012-09-17 20:25:04',0x01,0x01,'2012-09-17 20:25:04','16','内蒙古自治区',NULL),
 (201209000017,'2012-09-17 20:25:04',0x01,0x01,'2012-09-17 20:25:04','17','江苏省',NULL),
 (201209000018,'2012-09-17 20:25:04',0x01,0x01,'2012-09-17 20:25:04','18','江西省',NULL),
 (201209000019,'2012-09-17 20:25:04',0x01,0x01,'2012-09-17 20:25:04','19','吉林省',NULL),
 (201209000020,'2012-09-17 20:25:04',0x01,0x01,'2012-09-17 20:25:04','20','辽宁省',NULL),
 (201209000021,'2012-09-17 20:25:04',0x01,0x01,'2012-09-17 20:25:04','21','澳门特别行政区',NULL),
 (201209000022,'2012-09-17 20:25:04',0x01,0x01,'2012-09-17 20:25:04','22','宁夏回族自治区',NULL),
 (201209000023,'2012-09-17 20:25:04',0x01,0x01,'2012-09-17 20:25:04','23','青海省',NULL),
 (201209000024,'2012-09-17 20:25:04',0x01,0x01,'2012-09-17 20:25:04','24','陕西省',NULL),
 (201209000025,'2012-09-17 20:25:04',0x01,0x01,'2012-09-17 20:25:04','25','山东省',NULL),
 (201209000026,'2012-09-17 20:25:05',0x01,0x01,'2012-09-17 20:25:05','26','上海市',NULL),
 (201209000027,'2012-09-17 20:25:05',0x01,0x01,'2012-09-17 20:25:05','27','山西省',NULL),
 (201209000028,'2012-09-17 20:25:05',0x01,0x01,'2012-09-17 20:25:05','28','四川省',NULL),
 (201209000029,'2012-09-17 20:25:05',0x01,0x01,'2012-09-17 20:25:05','29','台湾省',NULL),
 (201209000030,'2012-09-17 20:25:05',0x01,0x01,'2012-09-17 20:25:05','30','天津市',NULL),
 (201209000031,'2012-09-17 20:25:05',0x01,0x01,'2012-09-17 20:25:05','31','西藏自治区',NULL),
 (201209000032,'2012-09-17 20:25:05',0x01,0x01,'2012-09-17 20:25:05','32','新疆维吾尔自治区',NULL),
 (201209000033,'2012-09-17 20:25:05',0x01,0x01,'2012-09-17 20:25:05','33','云南省',NULL),
 (201209000034,'2012-09-17 20:25:05',0x01,0x01,'2012-09-17 20:25:05','34','浙江省',NULL),
 (201209000035,'2012-09-17 20:32:26',0x01,0x01,'2012-09-17 20:32:26','0101','安庆市',201209000001),
 (201209000036,'2012-09-17 20:32:26',0x01,0x01,'2012-09-17 20:32:26','0102','蚌埠市',201209000001),
 (201209000037,'2012-09-17 20:32:26',0x01,0x01,'2012-09-17 20:32:26','0103','巢湖市',201209000001),
 (201209000038,'2012-09-17 20:32:26',0x01,0x01,'2012-09-17 20:32:26','0104','池州市',201209000001),
 (201209000039,'2012-09-17 20:32:26',0x01,0x01,'2012-09-17 20:32:26','0105','滁州市',201209000001),
 (201209000040,'2012-09-17 20:32:26',0x01,0x01,'2012-09-17 20:32:26','0106','阜阳市',201209000001),
 (201209000041,'2012-09-17 20:32:26',0x01,0x01,'2012-09-17 20:32:26','0107','亳州市',201209000001),
 (201209000042,'2012-09-17 20:32:26',0x01,0x01,'2012-09-17 20:32:26','0108','合肥市',201209000001),
 (201209000043,'2012-09-17 20:32:26',0x01,0x01,'2012-09-17 20:32:26','0109','淮北市',201209000001),
 (201209000044,'2012-09-17 20:32:26',0x01,0x01,'2012-09-17 20:32:26','0110','淮南市',201209000001),
 (201209000045,'2012-09-17 20:32:26',0x01,0x01,'2012-09-17 20:32:26','0111','黄山市',201209000001),
 (201209000046,'2012-09-17 20:32:26',0x01,0x01,'2012-09-17 20:32:26','0112','六安市',201209000001),
 (201209000047,'2012-09-17 20:32:26',0x01,0x01,'2012-09-17 20:32:26','0113','马鞍山市',201209000001),
 (201209000048,'2012-09-17 20:32:26',0x01,0x01,'2012-09-17 20:32:26','0114','宿州市',201209000001),
 (201209000049,'2012-09-17 20:32:26',0x01,0x01,'2012-09-17 20:32:26','0115','铜陵市',201209000001),
 (201209000050,'2012-09-17 20:32:26',0x01,0x01,'2012-09-17 20:32:26','0116','芜湖市',201209000001),
 (201209000051,'2012-09-17 20:32:26',0x01,0x01,'2012-09-17 20:32:26','0117','宣城市',201209000001),
 (201209000052,'2012-09-17 20:38:25',0x01,0x01,'2012-09-17 20:38:25','0401','福州市',201209000004),
 (201209000053,'2012-09-17 20:38:25',0x01,0x01,'2012-09-17 20:38:25','0402','龙岩市',201209000004),
 (201209000054,'2012-09-17 20:38:25',0x01,0x01,'2012-09-17 20:38:25','0403','南平市',201209000004),
 (201209000055,'2012-09-17 20:38:25',0x01,0x01,'2012-09-17 20:38:25','0404','宁德市',201209000004),
 (201209000056,'2012-09-17 20:38:25',0x01,0x01,'2012-09-17 20:38:25','0405','莆田市',201209000004),
 (201209000057,'2012-09-17 20:38:25',0x01,0x01,'2012-09-17 20:38:25','0406','泉州市',201209000004),
 (201209000058,'2012-09-17 20:38:25',0x01,0x01,'2012-09-17 20:38:25','0407','三明市',201209000004),
 (201209000059,'2012-09-17 20:38:25',0x01,0x01,'2012-09-17 20:38:25','0408','厦门市',201209000004),
 (201209000060,'2012-09-17 20:38:25',0x01,0x01,'2012-09-17 20:38:25','0409','漳州市',201209000004),
 (201209000061,'2012-09-17 20:46:26',0x01,0x01,'2012-09-17 20:46:26','0501','白银市',201209000005),
 (201209000062,'2012-09-17 20:46:26',0x01,0x01,'2012-09-17 20:46:26','0502','定西市',201209000005),
 (201209000063,'2012-09-17 20:46:26',0x01,0x01,'2012-09-17 20:46:26','0503','甘南州',201209000005),
 (201209000064,'2012-09-17 20:46:26',0x01,0x01,'2012-09-17 20:46:26','0504','嘉峪关市',201209000005),
 (201209000065,'2012-09-17 20:46:26',0x01,0x01,'2012-09-17 20:46:26','0505','金昌市',201209000005),
 (201209000066,'2012-09-17 20:46:26',0x01,0x01,'2012-09-17 20:46:26','0506','酒泉市',201209000005),
 (201209000067,'2012-09-17 20:46:26',0x01,0x01,'2012-09-17 20:46:26','0507','兰州市',201209000005),
 (201209000068,'2012-09-17 20:46:26',0x01,0x01,'2012-09-17 20:46:26','0508','临夏州',201209000005),
 (201209000069,'2012-09-17 20:46:26',0x01,0x01,'2012-09-17 20:46:26','0509','陇南市',201209000005),
 (201209000070,'2012-09-17 20:46:26',0x01,0x01,'2012-09-17 20:46:26','0510','平凉市',201209000005),
 (201209000071,'2012-09-17 20:46:26',0x01,0x01,'2012-09-17 20:46:26','0511','庆阳市',201209000005),
 (201209000072,'2012-09-17 20:46:26',0x01,0x01,'2012-09-17 20:46:26','0512','天水市',201209000005),
 (201209000073,'2012-09-17 20:46:27',0x01,0x01,'2012-09-17 20:46:27','0513','武威市',201209000005),
 (201209000074,'2012-09-17 20:46:27',0x01,0x01,'2012-09-17 20:46:27','0514','张掖市',201209000005),
 (201209000075,'2012-09-17 20:51:37',0x01,0x01,'2012-09-17 20:51:37','0601','中山市',201209000006),
 (201209000076,'2012-09-17 20:51:37',0x01,0x01,'2012-09-17 20:51:37','0602','佛山市',201209000006),
 (201209000077,'2012-09-17 20:51:37',0x01,0x01,'2012-09-17 20:51:37','0603','东莞市',201209000006),
 (201209000078,'2012-09-17 20:51:37',0x01,0x01,'2012-09-17 20:51:37','0604','江门市',201209000006),
 (201209000079,'2012-09-17 20:51:37',0x01,0x01,'2012-09-17 20:51:37','0605','珠海市',201209000006),
 (201209000080,'2012-09-17 20:51:37',0x01,0x01,'2012-09-17 20:51:37','0606','广州市',201209000006),
 (201209000081,'2012-09-17 20:51:37',0x01,0x01,'2012-09-17 20:51:37','0607','深圳市',201209000006),
 (201209000082,'2012-09-17 20:51:37',0x01,0x01,'2012-09-17 20:51:37','0608','惠州市',201209000006),
 (201209000083,'2012-09-17 20:51:37',0x01,0x01,'2012-09-17 20:51:37','0609','汕头市',201209000006),
 (201209000084,'2012-09-17 20:51:37',0x01,0x01,'2012-09-17 20:51:37','0610','潮州市',201209000006),
 (201209000085,'2012-09-17 20:51:37',0x01,0x01,'2012-09-17 20:51:37','0611','河源市',201209000006),
 (201209000086,'2012-09-17 20:51:37',0x01,0x01,'2012-09-17 20:51:37','0612','揭阳市',201209000006),
 (201209000087,'2012-09-17 20:51:37',0x01,0x01,'2012-09-17 20:51:37','0613','茂名市',201209000006),
 (201209000088,'2012-09-17 20:51:37',0x01,0x01,'2012-09-17 20:51:37','0614','梅州市',201209000006),
 (201209000089,'2012-09-17 20:51:37',0x01,0x01,'2012-09-17 20:51:37','0615','清远市',201209000006),
 (201209000090,'2012-09-17 20:51:37',0x01,0x01,'2012-09-17 20:51:37','0616','汕尾市',201209000006),
 (201209000091,'2012-09-17 20:51:37',0x01,0x01,'2012-09-17 20:51:37','0617','韶关市',201209000006),
 (201209000092,'2012-09-17 20:51:38',0x01,0x01,'2012-09-17 20:51:38','0618','阳江市',201209000006),
 (201209000093,'2012-09-17 20:51:38',0x01,0x01,'2012-09-17 20:51:38','0619','云浮市',201209000006),
 (201209000094,'2012-09-17 20:51:38',0x01,0x01,'2012-09-17 20:51:38','0620','湛江市',201209000006),
 (201209000095,'2012-09-17 20:51:38',0x01,0x01,'2012-09-17 20:51:38','0621','肇庆市',201209000006),
 (201209000096,'2012-09-17 20:55:41',0x01,0x01,'2012-09-17 20:55:41','0701','百色市',201209000007),
 (201209000097,'2012-09-17 20:55:41',0x01,0x01,'2012-09-17 20:55:41','0702','北海市',201209000007),
 (201209000098,'2012-09-17 20:55:41',0x01,0x01,'2012-09-17 20:55:41','0703','崇左市',201209000007),
 (201209000099,'2012-09-17 20:55:42',0x01,0x01,'2012-09-17 20:55:42','0704','防城港市',201209000007),
 (201209000100,'2012-09-17 20:55:42',0x01,0x01,'2012-09-17 20:55:42','0705','贵港市',201209000007),
 (201209000101,'2012-09-17 20:55:42',0x01,0x01,'2012-09-17 20:55:42','0706','桂林市',201209000007),
 (201209000102,'2012-09-17 20:55:42',0x01,0x01,'2012-09-17 20:55:42','0707','河池市',201209000007),
 (201209000103,'2012-09-17 20:55:42',0x01,0x01,'2012-09-17 20:55:42','0708','贺州市',201209000007),
 (201209000104,'2012-09-17 20:55:42',0x01,0x01,'2012-09-17 20:55:42','0709','来宾市',201209000007),
 (201209000105,'2012-09-17 20:55:42',0x01,0x01,'2012-09-17 20:55:42','0710','柳州市',201209000007),
 (201209000106,'2012-09-17 20:55:42',0x01,0x01,'2012-09-17 20:55:42','0711','南宁市',201209000007),
 (201209000107,'2012-09-17 20:55:42',0x01,0x01,'2012-09-17 20:55:42','0712','钦州市',201209000007),
 (201209000108,'2012-09-17 20:55:42',0x01,0x01,'2012-09-17 20:55:42','0713','梧州市',201209000007),
 (201209000109,'2012-09-17 20:55:42',0x01,0x01,'2012-09-17 20:55:42','0714','玉林市',201209000007),
 (201209000110,'2012-09-17 20:58:49',0x01,0x01,'2012-09-17 20:58:49','0801','安顺市',201209000008),
 (201209000111,'2012-09-17 20:58:49',0x01,0x01,'2012-09-17 20:58:49','0802','毕节地区',201209000008),
 (201209000112,'2012-09-17 20:58:49',0x01,0x01,'2012-09-17 20:58:49','0803','贵阳市',201209000008),
 (201209000113,'2012-09-17 20:58:49',0x01,0x01,'2012-09-17 20:58:49','0804','六盘水市',201209000008),
 (201209000114,'2012-09-17 20:58:49',0x01,0x01,'2012-09-17 20:58:49','0805','黔东南州',201209000008),
 (201209000115,'2012-09-17 20:58:49',0x01,0x01,'2012-09-17 20:58:49','0806','黔南州',201209000008),
 (201209000116,'2012-09-17 20:58:49',0x01,0x01,'2012-09-17 20:58:49','0807','黔西南州',201209000008),
 (201209000117,'2012-09-17 20:58:49',0x01,0x01,'2012-09-17 20:58:49','0808','铜仁地区',201209000008),
 (201209000118,'2012-09-17 20:58:49',0x01,0x01,'2012-09-17 20:58:49','0809','遵义市',201209000008),
 (201209000119,'2012-09-17 21:01:26',0x01,0x01,'2012-09-17 21:01:26','0901','海口市',201209000009),
 (201209000120,'2012-09-17 21:01:26',0x01,0x01,'2012-09-17 21:01:26','0902','省直辖行政单位',201209000009),
 (201209000121,'2012-09-17 21:01:26',0x01,0x01,'2012-09-17 21:01:26','0903','三亚市',201209000009),
 (201209000122,'2012-09-17 21:04:17',0x01,0x01,'2012-09-17 21:04:17','1001','保定市',201209000010),
 (201209000123,'2012-09-17 21:04:17',0x01,0x01,'2012-09-17 21:04:17','1002','沧州市',201209000010),
 (201209000124,'2012-09-17 21:04:17',0x01,0x01,'2012-09-17 21:04:17','1003','承德市',201209000010),
 (201209000125,'2012-09-17 21:04:17',0x01,0x01,'2012-09-17 21:04:17','1004','邯郸市',201209000010),
 (201209000126,'2012-09-17 21:04:17',0x01,0x01,'2012-09-17 21:04:17','1005','衡水市',201209000010),
 (201209000127,'2012-09-17 21:04:17',0x01,0x01,'2012-09-17 21:04:17','1006','廊坊市',201209000010),
 (201209000128,'2012-09-17 21:04:17',0x01,0x01,'2012-09-17 21:04:17','1007','秦皇岛市',201209000010),
 (201209000129,'2012-09-17 21:04:17',0x01,0x01,'2012-09-17 21:04:17','1008','石家庄市',201209000010),
 (201209000130,'2012-09-17 21:04:17',0x01,0x01,'2012-09-17 21:04:17','1009','唐山市',201209000010),
 (201209000131,'2012-09-17 21:04:17',0x01,0x01,'2012-09-17 21:04:17','1010','邢台市',201209000010),
 (201209000132,'2012-09-17 21:04:17',0x01,0x01,'2012-09-17 21:04:17','1011','张家口市',201209000010),
 (201209000133,'2012-09-17 21:08:09',0x01,0x01,'2012-09-17 21:08:09','1101','大庆市',201209000011),
 (201209000134,'2012-09-17 21:08:09',0x01,0x01,'2012-09-17 21:08:09','1102','大兴安岭地区',201209000011),
 (201209000135,'2012-09-17 21:08:09',0x01,0x01,'2012-09-17 21:08:09','1103','哈尔滨市',201209000011),
 (201209000136,'2012-09-17 21:08:09',0x01,0x01,'2012-09-17 21:08:09','1104','鹤岗市',201209000011),
 (201209000137,'2012-09-17 21:08:09',0x01,0x01,'2012-09-17 21:08:09','1105','黑河市',201209000011),
 (201209000138,'2012-09-17 21:08:09',0x01,0x01,'2012-09-17 21:08:09','1106','佳木斯市',201209000011),
 (201209000139,'2012-09-17 21:08:09',0x01,0x01,'2012-09-17 21:08:09','1107','鸡西市',201209000011),
 (201209000140,'2012-09-17 21:08:09',0x01,0x01,'2012-09-17 21:08:09','1108','牡丹江市',201209000011),
 (201209000141,'2012-09-17 21:08:09',0x01,0x01,'2012-09-17 21:08:09','1109','齐齐哈尔市',201209000011),
 (201209000142,'2012-09-17 21:08:09',0x01,0x01,'2012-09-17 21:08:09','1110','七台河市',201209000011),
 (201209000143,'2012-09-17 21:08:09',0x01,0x01,'2012-09-17 21:08:09','1111','双鸭山市',201209000011),
 (201209000144,'2012-09-17 21:08:09',0x01,0x01,'2012-09-17 21:08:09','1112','绥化市',201209000011),
 (201209000145,'2012-09-17 21:08:09',0x01,0x01,'2012-09-17 21:08:09','1113','伊春市',201209000011),
 (201209000146,'2012-09-17 21:11:33',0x01,0x01,'2012-09-17 21:11:33','1201','安阳市',201209000012),
 (201209000147,'2012-09-17 21:11:33',0x01,0x01,'2012-09-17 21:11:33','1202','鹤壁市',201209000012),
 (201209000148,'2012-09-17 21:11:33',0x01,0x01,'2012-09-17 21:11:33','1203','焦作市',201209000012),
 (201209000149,'2012-09-17 21:11:33',0x01,0x01,'2012-09-17 21:11:33','1204','开封市',201209000012),
 (201209000150,'2012-09-17 21:11:33',0x01,0x01,'2012-09-17 21:11:33','1205','漯河市',201209000012),
 (201209000151,'2012-09-17 21:11:33',0x01,0x01,'2012-09-17 21:11:33','1206','洛阳市',201209000012),
 (201209000152,'2012-09-17 21:11:33',0x01,0x01,'2012-09-17 21:11:33','1207','南阳市',201209000012),
 (201209000153,'2012-09-17 21:11:33',0x01,0x01,'2012-09-17 21:11:33','1208','平顶山市',201209000012),
 (201209000154,'2012-09-17 21:11:33',0x01,0x01,'2012-09-17 21:11:33','1209','濮阳市',201209000012),
 (201209000155,'2012-09-17 21:11:33',0x01,0x01,'2012-09-17 21:11:33','1210','三门峡市',201209000012),
 (201209000156,'2012-09-17 21:11:33',0x01,0x01,'2012-09-17 21:11:33','1211','商丘市',201209000012),
 (201209000157,'2012-09-17 21:11:34',0x01,0x01,'2012-09-17 21:11:34','1212','新乡市',201209000012),
 (201209000158,'2012-09-17 21:11:34',0x01,0x01,'2012-09-17 21:11:34','1213','信阳市',201209000012),
 (201209000159,'2012-09-17 21:11:34',0x01,0x01,'2012-09-17 21:11:34','1214','许昌市',201209000012),
 (201209000160,'2012-09-17 21:11:34',0x01,0x01,'2012-09-17 21:11:34','1215','郑州市',201209000012),
 (201209000161,'2012-09-17 21:11:34',0x01,0x01,'2012-09-17 21:11:34','1216','周口市',201209000012),
 (201209000162,'2012-09-17 21:11:34',0x01,0x01,'2012-09-17 21:11:34','1217','驻马店市',201209000012),
 (201209000163,'2012-09-17 21:14:32',0x01,0x01,'2012-09-17 21:14:32','1401','恩施州',201209000014),
 (201209000164,'2012-09-17 21:14:32',0x01,0x01,'2012-09-17 21:14:32','1402','鄂州市',201209000014),
 (201209000165,'2012-09-17 21:14:32',0x01,0x01,'2012-09-17 21:14:32','1403','黄冈市',201209000014),
 (201209000166,'2012-09-17 21:14:32',0x01,0x01,'2012-09-17 21:14:32','1404','黄石市',201209000014),
 (201209000167,'2012-09-17 21:14:32',0x01,0x01,'2012-09-17 21:14:32','1405','荆门市',201209000014),
 (201209000168,'2012-09-17 21:14:32',0x01,0x01,'2012-09-17 21:14:32','1406','荆州市',201209000014),
 (201209000169,'2012-09-17 21:14:32',0x01,0x01,'2012-09-17 21:14:32','1407','十堰市',201209000014),
 (201209000170,'2012-09-17 21:14:32',0x01,0x01,'2012-09-17 21:14:32','1408','随州市',201209000014),
 (201209000171,'2012-09-17 21:14:32',0x01,0x01,'2012-09-17 21:14:32','1409','武汉市',201209000014),
 (201209000172,'2012-09-17 21:14:32',0x01,0x01,'2012-09-17 21:14:32','1410','襄樊市',201209000014),
 (201209000173,'2012-09-17 21:14:32',0x01,0x01,'2012-09-17 21:14:32','1411','咸宁市',201209000014),
 (201209000174,'2012-09-17 21:14:33',0x01,0x01,'2012-09-17 21:14:33','1412','孝感市',201209000014),
 (201209000175,'2012-09-17 21:14:33',0x01,0x01,'2012-09-17 21:14:33','1413','宜昌市',201209000014),
 (201209000176,'2012-09-17 21:17:17',0x01,0x01,'2012-09-17 21:17:17','1501','常德市',201209000015),
 (201209000177,'2012-09-17 21:17:17',0x01,0x01,'2012-09-17 21:17:17','1502','长沙市',201209000015),
 (201209000178,'2012-09-17 21:17:17',0x01,0x01,'2012-09-17 21:17:17','1503','郴州市',201209000015),
 (201209000179,'2012-09-17 21:17:17',0x01,0x01,'2012-09-17 21:17:17','1504','衡阳市',201209000015),
 (201209000180,'2012-09-17 21:17:17',0x01,0x01,'2012-09-17 21:17:17','1505','怀化市',201209000015),
 (201209000181,'2012-09-17 21:17:17',0x01,0x01,'2012-09-17 21:17:17','1506','娄底市',201209000015),
 (201209000182,'2012-09-17 21:17:17',0x01,0x01,'2012-09-17 21:17:17','1507','邵阳市',201209000015),
 (201209000183,'2012-09-17 21:17:17',0x01,0x01,'2012-09-17 21:17:17','1508','湘潭市',201209000015),
 (201209000184,'2012-09-17 21:17:18',0x01,0x01,'2012-09-17 21:17:18','1509','湘西州',201209000015),
 (201209000185,'2012-09-17 21:17:18',0x01,0x01,'2012-09-17 21:17:18','1510','益阳市',201209000015),
 (201209000186,'2012-09-17 21:17:18',0x01,0x01,'2012-09-17 21:17:18','1511','永州市',201209000015),
 (201209000187,'2012-09-17 21:17:18',0x01,0x01,'2012-09-17 21:17:18','1512','岳阳市',201209000015),
 (201209000188,'2012-09-17 21:17:18',0x01,0x01,'2012-09-17 21:17:18','1513','张家界市',201209000015),
 (201209000189,'2012-09-17 21:17:18',0x01,0x01,'2012-09-17 21:17:18','1514','株洲市',201209000015),
 (201209000190,'2012-09-17 21:19:52',0x01,0x01,'2012-09-17 21:19:52','1601','阿拉善盟',201209000016),
 (201209000191,'2012-09-17 21:19:52',0x01,0x01,'2012-09-17 21:19:52','1602','包头市',201209000016),
 (201209000192,'2012-09-17 21:19:52',0x01,0x01,'2012-09-17 21:19:52','1603','巴彦淖尔市',201209000016),
 (201209000193,'2012-09-17 21:19:52',0x01,0x01,'2012-09-17 21:19:52','1604','赤峰市',201209000016),
 (201209000194,'2012-09-17 21:19:52',0x01,0x01,'2012-09-17 21:19:52','1605','呼和浩特市',201209000016),
 (201209000195,'2012-09-17 21:19:52',0x01,0x01,'2012-09-17 21:19:52','1606','呼伦贝尔市',201209000016),
 (201209000196,'2012-09-17 21:19:52',0x01,0x01,'2012-09-17 21:19:52','1607','鄂尔多斯市',201209000016),
 (201209000197,'2012-09-17 21:19:52',0x01,0x01,'2012-09-17 21:19:52','1608','通辽市',201209000016),
 (201209000198,'2012-09-17 21:19:52',0x01,0x01,'2012-09-17 21:19:52','1609','乌海市',201209000016),
 (201209000199,'2012-09-17 21:19:52',0x01,0x01,'2012-09-17 21:19:52','1610','乌兰察布市',201209000016),
 (201209000200,'2012-09-17 21:19:52',0x01,0x01,'2012-09-17 21:19:52','1611','锡林郭勒盟',201209000016),
 (201209000201,'2012-09-17 21:19:52',0x01,0x01,'2012-09-17 21:19:52','1612','兴安盟',201209000016),
 (201209000202,'2012-09-17 21:22:30',0x01,0x01,'2012-09-17 21:22:30','1701','常州市',201209000017),
 (201209000203,'2012-09-17 21:22:30',0x01,0x01,'2012-09-17 21:22:30','1702','淮安市',201209000017),
 (201209000204,'2012-09-17 21:22:30',0x01,0x01,'2012-09-17 21:22:30','1703','连云港',201209000017),
 (201209000205,'2012-09-17 21:22:30',0x01,0x01,'2012-09-17 21:22:30','1704','南京市',201209000017),
 (201209000206,'2012-09-17 21:22:30',0x01,0x01,'2012-09-17 21:22:30','1705','南通市',201209000017),
 (201209000207,'2012-09-17 21:22:31',0x01,0x01,'2012-09-17 21:22:31','1706','宿迁市',201209000017),
 (201209000208,'2012-09-17 21:22:31',0x01,0x01,'2012-09-17 21:22:31','1707','苏州市',201209000017),
 (201209000209,'2012-09-17 21:22:31',0x01,0x01,'2012-09-17 21:22:31','1708','泰州市',201209000017),
 (201209000210,'2012-09-17 21:22:31',0x01,0x01,'2012-09-17 21:22:31','1709','无锡市',201209000017),
 (201209000211,'2012-09-17 21:22:31',0x01,0x01,'2012-09-17 21:22:31','1710','徐州市',201209000017),
 (201209000212,'2012-09-17 21:22:31',0x01,0x01,'2012-09-17 21:22:31','1711','盐城市',201209000017),
 (201209000213,'2012-09-17 21:22:31',0x01,0x01,'2012-09-17 21:22:31','1712','扬州市',201209000017),
 (201209000214,'2012-09-17 21:22:31',0x01,0x01,'2012-09-17 21:22:31','1713','镇江市',201209000017),
 (201209000215,'2012-09-17 21:25:30',0x01,0x01,'2012-09-17 21:25:30','1801','南昌市',201209000018),
 (201209000216,'2012-09-17 21:25:30',0x01,0x01,'2012-09-17 21:25:30','1802','景德镇市',201209000018),
 (201209000217,'2012-09-17 21:25:30',0x01,0x01,'2012-09-17 21:25:30','1803','萍乡市',201209000018),
 (201209000218,'2012-09-17 21:25:30',0x01,0x01,'2012-09-17 21:25:30','1804','九江市',201209000018),
 (201209000219,'2012-09-17 21:25:30',0x01,0x01,'2012-09-17 21:25:30','1805','新余市',201209000018),
 (201209000220,'2012-09-17 21:25:30',0x01,0x01,'2012-09-17 21:25:30','1806','鹰潭市',201209000018),
 (201209000221,'2012-09-17 21:25:30',0x01,0x01,'2012-09-17 21:25:30','1807','赣州市',201209000018),
 (201209000222,'2012-09-17 21:25:30',0x01,0x01,'2012-09-17 21:25:30','1808','吉安市',201209000018),
 (201209000223,'2012-09-17 21:25:30',0x01,0x01,'2012-09-17 21:25:30','1809','宜春市',201209000018),
 (201209000224,'2012-09-17 21:25:31',0x01,0x01,'2012-09-17 21:25:31','1810','抚州市',201209000018),
 (201209000225,'2012-09-17 21:25:31',0x01,0x01,'2012-09-17 21:25:31','1811','上饶市',201209000018),
 (201209000226,'2012-09-17 21:28:22',0x01,0x01,'2012-09-17 21:28:22','1901','白城市',201209000019),
 (201209000227,'2012-09-17 21:28:23',0x01,0x01,'2012-09-17 21:28:23','1902','白山市',201209000019),
 (201209000228,'2012-09-17 21:28:23',0x01,0x01,'2012-09-17 21:28:23','1903','长春市',201209000019),
 (201209000229,'2012-09-17 21:28:23',0x01,0x01,'2012-09-17 21:28:23','1904','吉林市',201209000019),
 (201209000230,'2012-09-17 21:28:23',0x01,0x01,'2012-09-17 21:28:23','1905','辽源市',201209000019),
 (201209000231,'2012-09-17 21:28:23',0x01,0x01,'2012-09-17 21:28:23','1906','四平市',201209000019),
 (201209000232,'2012-09-17 21:28:23',0x01,0x01,'2012-09-17 21:28:23','1907','松原市',201209000019),
 (201209000233,'2012-09-17 21:28:23',0x01,0x01,'2012-09-17 21:28:23','1908','通化市',201209000019),
 (201209000234,'2012-09-17 21:28:23',0x01,0x01,'2012-09-17 21:28:23','1909','延边朝鲜族自治州',201209000019),
 (201209000235,'2012-09-17 21:37:41',0x01,0x01,'2012-09-17 21:37:41','2001','鞍山市',201209000020),
 (201209000236,'2012-09-17 21:37:41',0x01,0x01,'2012-09-17 21:37:41','2002','本溪市',201209000020),
 (201209000237,'2012-09-17 21:37:41',0x01,0x01,'2012-09-17 21:37:41','2003','朝阳市',201209000020),
 (201209000238,'2012-09-17 21:37:41',0x01,0x01,'2012-09-17 21:37:41','2004','大连市',201209000020),
 (201209000239,'2012-09-17 21:37:41',0x01,0x01,'2012-09-17 21:37:41','2005','丹东市',201209000020),
 (201209000240,'2012-09-17 21:37:41',0x01,0x01,'2012-09-17 21:37:41','2006','抚顺市',201209000020),
 (201209000241,'2012-09-17 21:37:41',0x01,0x01,'2012-09-17 21:37:41','2007','阜新市',201209000020),
 (201209000242,'2012-09-17 21:37:41',0x01,0x01,'2012-09-17 21:37:41','2008','葫芦岛市',201209000020),
 (201209000243,'2012-09-17 21:37:41',0x01,0x01,'2012-09-17 21:37:41','2009','锦州市',201209000020),
 (201209000244,'2012-09-17 21:37:42',0x01,0x01,'2012-09-17 21:37:42','2010','辽阳市',201209000020),
 (201209000245,'2012-09-17 21:37:42',0x01,0x01,'2012-09-17 21:37:42','2011','盘锦市',201209000020),
 (201209000246,'2012-09-17 21:37:42',0x01,0x01,'2012-09-17 21:37:42','2012','沈阳市',201209000020),
 (201209000247,'2012-09-17 21:37:42',0x01,0x01,'2012-09-17 21:37:42','2013','铁岭市',201209000020),
 (201209000248,'2012-09-17 21:37:42',0x01,0x01,'2012-09-17 21:37:42','2014','营口市',201209000020),
 (201209000249,'2012-09-17 21:38:46',0x01,0x01,'2012-09-17 21:38:46','2201','固原市',201209000022),
 (201209000250,'2012-09-17 21:38:46',0x01,0x01,'2012-09-17 21:38:46','2202','石嘴山市',201209000022),
 (201209000251,'2012-09-17 21:38:46',0x01,0x01,'2012-09-17 21:38:46','2203','吴忠市',201209000022),
 (201209000252,'2012-09-17 21:38:46',0x01,0x01,'2012-09-17 21:38:46','2204','银川市',201209000022),
 (201209000253,'2012-09-17 21:38:46',0x01,0x01,'2012-09-17 21:38:46','2205','中卫市',201209000022),
 (201209000254,'2012-09-17 21:41:38',0x01,0x01,'2012-09-17 21:41:38','2301','果洛州',201209000023),
 (201209000255,'2012-09-17 21:41:39',0x01,0x01,'2012-09-17 21:41:39','2302','海北州',201209000023),
 (201209000256,'2012-09-17 21:41:39',0x01,0x01,'2012-09-17 21:41:39','2303','海东地区',201209000023),
 (201209000257,'2012-09-17 21:41:39',0x01,0x01,'2012-09-17 21:41:39','2304','海南州',201209000023),
 (201209000258,'2012-09-17 21:41:39',0x01,0x01,'2012-09-17 21:41:39','2305','海西州',201209000023),
 (201209000259,'2012-09-17 21:41:39',0x01,0x01,'2012-09-17 21:41:39','2306','黄南州',201209000023),
 (201209000260,'2012-09-17 21:41:39',0x01,0x01,'2012-09-17 21:41:39','2307','西宁市',201209000023),
 (201209000261,'2012-09-17 21:41:39',0x01,0x01,'2012-09-17 21:41:39','2308','玉树州',201209000023),
 (201209000262,'2012-09-17 21:44:28',0x01,0x01,'2012-09-17 21:44:28','2401','安康市',201209000024),
 (201209000263,'2012-09-17 21:44:28',0x01,0x01,'2012-09-17 21:44:28','2402','宝鸡市',201209000024),
 (201209000264,'2012-09-17 21:44:28',0x01,0x01,'2012-09-17 21:44:28','2403','汉中市',201209000024),
 (201209000265,'2012-09-17 21:44:28',0x01,0x01,'2012-09-17 21:44:28','2404','商洛市',201209000024),
 (201209000266,'2012-09-17 21:44:28',0x01,0x01,'2012-09-17 21:44:28','2405','铜川市',201209000024),
 (201209000267,'2012-09-17 21:44:29',0x01,0x01,'2012-09-17 21:44:29','2406','渭南市',201209000024),
 (201209000268,'2012-09-17 21:44:29',0x01,0x01,'2012-09-17 21:44:29','2407','西安市',201209000024),
 (201209000269,'2012-09-17 21:44:29',0x01,0x01,'2012-09-17 21:44:29','2408','咸阳市',201209000024),
 (201209000270,'2012-09-17 21:44:29',0x01,0x01,'2012-09-17 21:44:29','2409','延安市',201209000024),
 (201209000271,'2012-09-17 21:44:29',0x01,0x01,'2012-09-17 21:44:29','2410','榆林市',201209000024),
 (201209000272,'2012-09-17 21:47:28',0x01,0x01,'2012-09-17 21:47:28','2501','滨州市',201209000025),
 (201209000273,'2012-09-17 21:47:29',0x01,0x01,'2012-09-17 21:47:29','2502','德州市',201209000025),
 (201209000274,'2012-09-17 21:47:29',0x01,0x01,'2012-09-17 21:47:29','2503','东营市',201209000025),
 (201209000275,'2012-09-17 21:47:29',0x01,0x01,'2012-09-17 21:47:29','2504','菏泽市',201209000025),
 (201209000276,'2012-09-17 21:47:29',0x01,0x01,'2012-09-17 21:47:29','2505','济南市',201209000025),
 (201209000277,'2012-09-17 21:47:29',0x01,0x01,'2012-09-17 21:47:29','2506','济宁市',201209000025),
 (201209000278,'2012-09-17 21:47:29',0x01,0x01,'2012-09-17 21:47:29','2507','莱芜市',201209000025),
 (201209000279,'2012-09-17 21:47:29',0x01,0x01,'2012-09-17 21:47:29','2508','聊城市',201209000025),
 (201209000280,'2012-09-17 21:47:29',0x01,0x01,'2012-09-17 21:47:29','2509','临沂市',201209000025),
 (201209000281,'2012-09-17 21:47:29',0x01,0x01,'2012-09-17 21:47:29','2510','青岛市',201209000025),
 (201209000282,'2012-09-17 21:47:29',0x01,0x01,'2012-09-17 21:47:29','2511','日照市',201209000025),
 (201209000283,'2012-09-17 21:47:29',0x01,0x01,'2012-09-17 21:47:29','2512','泰安市',201209000025),
 (201209000284,'2012-09-17 21:47:29',0x01,0x01,'2012-09-17 21:47:29','2513','潍坊市',201209000025),
 (201209000285,'2012-09-17 21:47:29',0x01,0x01,'2012-09-17 21:47:29','2514','威海市',201209000025),
 (201209000286,'2012-09-17 21:47:29',0x01,0x01,'2012-09-17 21:47:29','2515','烟台市',201209000025),
 (201209000287,'2012-09-17 21:47:29',0x01,0x01,'2012-09-17 21:47:29','2516','枣庄市',201209000025),
 (201209000288,'2012-09-17 21:47:29',0x01,0x01,'2012-09-17 21:47:29','2517','淄博市',201209000025),
 (201209000289,'2012-09-17 21:50:27',0x01,0x01,'2012-09-17 21:50:27','2701','长治市',201209000027),
 (201209000290,'2012-09-17 21:50:27',0x01,0x01,'2012-09-17 21:50:27','2702','大同市',201209000027),
 (201209000291,'2012-09-17 21:50:27',0x01,0x01,'2012-09-17 21:50:27','2703','晋城市',201209000027),
 (201209000292,'2012-09-17 21:50:28',0x01,0x01,'2012-09-17 21:50:28','2704','晋中市',201209000027),
 (201209000293,'2012-09-17 21:50:28',0x01,0x01,'2012-09-17 21:50:28','2705','临汾市',201209000027),
 (201209000294,'2012-09-17 21:50:28',0x01,0x01,'2012-09-17 21:50:28','2706','吕梁市',201209000027),
 (201209000295,'2012-09-17 21:50:28',0x01,0x01,'2012-09-17 21:50:28','2707','朔州市',201209000027),
 (201209000296,'2012-09-17 21:50:28',0x01,0x01,'2012-09-17 21:50:28','2708','太原市',201209000027),
 (201209000297,'2012-09-17 21:50:28',0x01,0x01,'2012-09-17 21:50:28','2709','阳泉市',201209000027),
 (201209000298,'2012-09-17 21:50:28',0x01,0x01,'2012-09-17 21:50:28','2710','忻州市',201209000027),
 (201209000299,'2012-09-17 21:50:28',0x01,0x01,'2012-09-17 21:50:28','2711','运城市',201209000027),
 (201209000300,'2012-09-17 22:10:36',0x01,0x01,'2012-09-17 22:10:36','2801','阿坝州',201209000028),
 (201209000301,'2012-09-17 22:10:36',0x01,0x01,'2012-09-17 22:10:36','2802','巴中市',201209000028),
 (201209000302,'2012-09-17 22:10:36',0x01,0x01,'2012-09-17 22:10:36','2803','成都市',201209000028),
 (201209000303,'2012-09-17 22:10:36',0x01,0x01,'2012-09-17 22:10:36','2804','达州市',201209000028),
 (201209000304,'2012-09-17 22:10:37',0x01,0x01,'2012-09-17 22:10:37','2805','德阳市',201209000028),
 (201209000305,'2012-09-17 22:10:37',0x01,0x01,'2012-09-17 22:10:37','2806','甘孜州',201209000028),
 (201209000306,'2012-09-17 22:10:37',0x01,0x01,'2012-09-17 22:10:37','2807','广安市',201209000028),
 (201209000307,'2012-09-17 22:10:37',0x01,0x01,'2012-09-17 22:10:37','2808','广元市',201209000028),
 (201209000308,'2012-09-17 22:10:37',0x01,0x01,'2012-09-17 22:10:37','2809','乐山市',201209000028),
 (201209000309,'2012-09-17 22:10:37',0x01,0x01,'2012-09-17 22:10:37','2810','凉山州',201209000028),
 (201209000310,'2012-09-17 22:10:37',0x01,0x01,'2012-09-17 22:10:37','2811','泸州市',201209000028),
 (201209000311,'2012-09-17 22:10:37',0x01,0x01,'2012-09-17 22:10:37','2812','眉山市',201209000028),
 (201209000312,'2012-09-17 22:10:37',0x01,0x01,'2012-09-17 22:10:37','2813','绵阳市',201209000028),
 (201209000313,'2012-09-17 22:10:37',0x01,0x01,'2012-09-17 22:10:37','2814','南充市',201209000028),
 (201209000314,'2012-09-17 22:10:37',0x01,0x01,'2012-09-17 22:10:37','2815','内江市',201209000028),
 (201209000315,'2012-09-17 22:10:37',0x01,0x01,'2012-09-17 22:10:37','2816','攀枝花市',201209000028),
 (201209000316,'2012-09-17 22:10:37',0x01,0x01,'2012-09-17 22:10:37','2817','遂宁市',201209000028),
 (201209000317,'2012-09-17 22:10:37',0x01,0x01,'2012-09-17 22:10:37','2818','雅安市',201209000028),
 (201209000318,'2012-09-17 22:10:37',0x01,0x01,'2012-09-17 22:10:37','2819','宜宾市',201209000028),
 (201209000319,'2012-09-17 22:10:37',0x01,0x01,'2012-09-17 22:10:37','2820','自贡市',201209000028),
 (201209000320,'2012-09-17 22:10:37',0x01,0x01,'2012-09-17 22:10:37','2821','资阳市',201209000028),
 (201209000321,'2012-09-17 22:21:06',0x01,0x01,'2012-09-17 22:21:06','2901','嘉义市',201209000029),
 (201209000322,'2012-09-17 22:21:06',0x01,0x01,'2012-09-17 22:21:06','2902','新竹市',201209000029),
 (201209000323,'2012-09-17 22:21:06',0x01,0x01,'2012-09-17 22:21:06','2903','高雄市',201209000029),
 (201209000324,'2012-09-17 22:21:07',0x01,0x01,'2012-09-17 22:21:07','2904','基隆市',201209000029),
 (201209000325,'2012-09-17 22:21:07',0x01,0x01,'2012-09-17 22:21:07','2905','台中市',201209000029),
 (201209000326,'2012-09-17 22:21:07',0x01,0x01,'2012-09-17 22:21:07','2906','台南市',201209000029),
 (201209000327,'2012-09-17 22:21:07',0x01,0x01,'2012-09-17 22:21:07','2907','台北市',201209000029),
 (201209000328,'2012-09-17 22:23:20',0x01,0x01,'2012-09-17 22:23:20','3101','拉萨市',201209000031),
 (201209000329,'2012-09-17 22:23:20',0x01,0x01,'2012-09-17 22:23:20','3102','那曲地区',201209000031),
 (201209000330,'2012-09-17 22:23:21',0x01,0x01,'2012-09-17 22:23:21','3103','阿里地区',201209000031),
 (201209000331,'2012-09-17 22:23:21',0x01,0x01,'2012-09-17 22:23:21','3104','林芝地区',201209000031),
 (201209000332,'2012-09-17 22:23:21',0x01,0x01,'2012-09-17 22:23:21','3105','昌都地区',201209000031),
 (201209000333,'2012-09-17 22:23:21',0x01,0x01,'2012-09-17 22:23:21','3106','日喀则地区',201209000031),
 (201209000334,'2012-09-17 22:23:21',0x01,0x01,'2012-09-17 22:23:21','3107','山南地区',201209000031),
 (201209000335,'2012-09-17 22:27:06',0x01,0x01,'2012-09-17 22:27:06','3201','阿克苏地区',201209000032),
 (201209000336,'2012-09-17 22:27:06',0x01,0x01,'2012-09-17 22:27:06','3202','阿勒泰地区',201209000032),
 (201209000337,'2012-09-17 22:27:06',0x01,0x01,'2012-09-17 22:27:06','3203','博尔塔拉蒙古自治州',201209000032),
 (201209000338,'2012-09-17 22:27:06',0x01,0x01,'2012-09-17 22:27:06','3204','昌吉回族自治州',201209000032),
 (201209000339,'2012-09-17 22:27:06',0x01,0x01,'2012-09-17 22:27:06','3205','哈密地区',201209000032),
 (201209000340,'2012-09-17 22:27:06',0x01,0x01,'2012-09-17 22:27:06','3206','和田地区',201209000032),
 (201209000341,'2012-09-17 22:27:06',0x01,0x01,'2012-09-17 22:27:06','3207','伊犁哈萨克自治州',201209000032),
 (201209000342,'2012-09-17 22:27:06',0x01,0x01,'2012-09-17 22:27:06','3208','克拉玛依市',201209000032),
 (201209000343,'2012-09-17 22:27:06',0x01,0x01,'2012-09-17 22:27:06','3209','喀什地区',201209000032),
 (201209000344,'2012-09-17 22:27:06',0x01,0x01,'2012-09-17 22:27:06','3210','克孜勒苏柯尔克孜自治',201209000032),
 (201209000345,'2012-09-17 22:27:07',0x01,0x01,'2012-09-17 22:27:07','3211','巴音郭楞蒙古自治州',201209000032),
 (201209000346,'2012-09-17 22:27:07',0x01,0x01,'2012-09-17 22:27:07','3212','塔城地区',201209000032),
 (201209000347,'2012-09-17 22:27:07',0x01,0x01,'2012-09-17 22:27:07','3213','吐鲁番地区',201209000032),
 (201209000348,'2012-09-17 22:27:07',0x01,0x01,'2012-09-17 22:27:07','3214','乌鲁木齐市',201209000032),
 (201209000349,'2012-09-17 22:30:07',0x01,0x01,'2012-09-17 22:30:07','3301','保山市',201209000033),
 (201209000350,'2012-09-17 22:30:07',0x01,0x01,'2012-09-17 22:30:07','3302','楚雄州',201209000033),
 (201209000351,'2012-09-17 22:30:07',0x01,0x01,'2012-09-17 22:30:07','3303','大理州',201209000033),
 (201209000352,'2012-09-17 22:30:07',0x01,0x01,'2012-09-17 22:30:07','3304','德宏州',201209000033),
 (201209000353,'2012-09-17 22:30:07',0x01,0x01,'2012-09-17 22:30:07','3305','迪庆州',201209000033),
 (201209000354,'2012-09-17 22:30:07',0x01,0x01,'2012-09-17 22:30:07','3306','红河州',201209000033),
 (201209000355,'2012-09-17 22:30:07',0x01,0x01,'2012-09-17 22:30:07','3307','昆明市',201209000033),
 (201209000356,'2012-09-17 22:30:07',0x01,0x01,'2012-09-17 22:30:07','3308','丽江市',201209000033),
 (201209000357,'2012-09-17 22:30:07',0x01,0x01,'2012-09-17 22:30:07','3309','临沧市',201209000033),
 (201209000358,'2012-09-17 22:30:07',0x01,0x01,'2012-09-17 22:30:07','3310','怒江州',201209000033),
 (201209000359,'2012-09-17 22:30:07',0x01,0x01,'2012-09-17 22:30:07','3311','普洱市',201209000033),
 (201209000360,'2012-09-17 22:30:07',0x01,0x01,'2012-09-17 22:30:07','3312','曲靖市',201209000033),
 (201209000361,'2012-09-17 22:30:07',0x01,0x01,'2012-09-17 22:30:07','3313','昭通市',201209000033),
 (201209000362,'2012-09-17 22:30:07',0x01,0x01,'2012-09-17 22:30:07','3314','文山州',201209000033),
 (201209000363,'2012-09-17 22:30:07',0x01,0x01,'2012-09-17 22:30:07','3315','西双版纳州',201209000033),
 (201209000364,'2012-09-17 22:30:07',0x01,0x01,'2012-09-17 22:30:07','3316','玉溪市',201209000033),
 (201209000365,'2012-09-17 22:33:00',0x01,0x01,'2012-09-17 22:33:00','3401','杭州市',201209000034),
 (201209000366,'2012-09-17 22:33:00',0x01,0x01,'2012-09-17 22:33:00','3402','湖州市',201209000034),
 (201209000367,'2012-09-17 22:33:00',0x01,0x01,'2012-09-17 22:33:00','3403','嘉兴市',201209000034),
 (201209000368,'2012-09-17 22:33:00',0x01,0x01,'2012-09-17 22:33:00','3404','金华市',201209000034),
 (201209000369,'2012-09-17 22:33:00',0x01,0x01,'2012-09-17 22:33:00','3405','丽水市',201209000034),
 (201209000370,'2012-09-17 22:33:00',0x01,0x01,'2012-09-17 22:33:00','3406','宁波市',201209000034),
 (201209000371,'2012-09-17 22:33:00',0x01,0x01,'2012-09-17 22:33:00','3407','衢州市',201209000034),
 (201209000372,'2012-09-17 22:33:00',0x01,0x01,'2012-09-17 22:33:00','3408','绍兴市',201209000034),
 (201209000373,'2012-09-17 22:33:00',0x01,0x01,'2012-09-17 22:33:00','3409','台州市',201209000034),
 (201209000374,'2012-09-17 22:33:01',0x01,0x01,'2012-09-17 22:33:01','3410','温州市',201209000034),
 (201209000375,'2012-09-17 22:33:01',0x01,0x01,'2012-09-17 22:33:01','3411','舟山市',201209000034),
 (201209000376,'2012-09-17 22:42:12',0x01,0x01,'2012-09-17 22:42:12','0201','北京市',201209000002),
 (201209000377,'2012-09-17 22:42:12',0x01,0x01,'2012-09-17 22:42:12','3001','天津市',201209000030),
 (201209000378,'2012-09-17 22:43:36',0x01,0x01,'2012-09-17 22:43:36','2601','上海市',201209000026),
 (201209000379,'2012-09-17 22:42:12',0x01,0x01,'2012-09-17 22:42:12','0301','重庆市',201209000003),
 (201209000380,'2012-09-17 22:48:32',0x01,0x01,'2012-09-17 22:48:32','060101','市区',201209000075),
 (201209000381,'2012-09-17 22:48:33',0x01,0x01,'2012-09-17 22:48:33','060102','东区',201209000075),
 (201209000382,'2012-09-17 22:48:33',0x01,0x01,'2012-09-17 22:48:33','060103','南区',201209000075),
 (201209000383,'2012-09-17 22:48:33',0x01,0x01,'2012-09-17 22:48:33','060104','西区',201209000075),
 (201209000384,'2012-09-17 22:48:33',0x01,0x01,'2012-09-17 22:48:33','060105','火炬区',201209000075),
 (201209000385,'2012-09-17 22:48:33',0x01,0x01,'2012-09-17 22:48:33','060106','石岐区',201209000075),
 (201209000386,'2012-09-17 22:48:33',0x01,0x01,'2012-09-17 22:48:33','060107','古镇',201209000075),
 (201209000387,'2012-09-17 22:48:33',0x01,0x01,'2012-09-17 22:48:33','060108','板芙镇',201209000075),
 (201209000388,'2012-09-17 22:48:33',0x01,0x01,'2012-09-17 22:48:33','060109','东凤镇',201209000075),
 (201209000389,'2012-09-17 22:48:33',0x01,0x01,'2012-09-17 22:48:33','060110','东升镇',201209000075),
 (201209000390,'2012-09-17 22:48:33',0x01,0x01,'2012-09-17 22:48:33','060111','阜沙镇',201209000075),
 (201209000391,'2012-09-17 22:48:33',0x01,0x01,'2012-09-17 22:48:33','060112','港口镇',201209000075),
 (201209000392,'2012-09-17 22:48:33',0x01,0x01,'2012-09-17 22:48:33','060113','横栏镇',201209000075),
 (201209000393,'2012-09-17 22:48:33',0x01,0x01,'2012-09-17 22:48:33','060114','黄圃镇',201209000075),
 (201209000394,'2012-09-17 22:48:33',0x01,0x01,'2012-09-17 22:48:33','060115','民众镇',201209000075),
 (201209000395,'2012-09-17 22:48:33',0x01,0x01,'2012-09-17 22:48:33','060116','南朗镇',201209000075),
 (201209000396,'2012-09-17 22:48:33',0x01,0x01,'2012-09-17 22:48:33','060117','南头镇',201209000075),
 (201209000397,'2012-09-17 22:48:33',0x01,0x01,'2012-09-17 22:48:33','060118','三角镇',201209000075),
 (201209000398,'2012-09-17 22:48:33',0x01,0x01,'2012-09-17 22:48:33','060119','三乡镇',201209000075),
 (201209000399,'2012-09-17 22:48:34',0x01,0x01,'2012-09-17 22:48:34','060120','沙溪镇',201209000075),
 (201209000400,'2012-09-17 22:48:34',0x01,0x01,'2012-09-17 22:48:34','060121','神湾镇',201209000075),
 (201209000401,'2012-09-17 22:48:34',0x01,0x01,'2012-09-17 22:48:34','060122','大涌镇',201209000075),
 (201209000402,'2012-09-17 22:48:34',0x01,0x01,'2012-09-17 22:48:34','060123','坦洲镇',201209000075),
 (201209000403,'2012-09-17 22:48:34',0x01,0x01,'2012-09-17 22:48:34','060124','五桂山',201209000075),
 (201209000404,'2012-09-17 22:52:16',0x01,0x01,'2012-09-17 22:52:16','060501','斗门区',201209000079),
 (201209000405,'2012-09-17 22:52:16',0x01,0x01,'2012-09-17 22:52:16','060502','金湾区',201209000079),
 (201209000406,'2012-09-17 22:52:16',0x01,0x01,'2012-09-17 22:52:16','060503','香洲区',201209000079),
 (201209000407,'2012-09-17 22:55:37',0x01,0x01,'2012-09-17 22:55:37','060401','恩平市',201209000078),
 (201209000408,'2012-09-17 22:55:37',0x01,0x01,'2012-09-17 22:55:37','060402','鹤山市',201209000078),
 (201209000409,'2012-09-17 22:55:37',0x01,0x01,'2012-09-17 22:55:37','060403','江海区',201209000078),
 (201209000410,'2012-09-17 22:55:37',0x01,0x01,'2012-09-17 22:55:37','060404','开平市',201209000078),
 (201209000411,'2012-09-17 22:55:37',0x01,0x01,'2012-09-17 22:55:37','060405','蓬江区',201209000078),
 (201209000412,'2012-09-17 22:55:37',0x01,0x01,'2012-09-17 22:55:37','060406','台山市',201209000078),
 (201209000413,'2012-09-17 22:55:37',0x01,0x01,'2012-09-17 22:55:37','060407','新会区',201209000078),
 (201209000414,'2012-09-17 22:58:17',0x01,0x01,'2012-09-17 22:58:17','060201','禅城区',201209000076),
 (201209000415,'2012-09-17 22:58:17',0x01,0x01,'2012-09-17 22:58:17','060202','高明区',201209000076),
 (201209000416,'2012-09-17 22:58:17',0x01,0x01,'2012-09-17 22:58:17','060203','南海区',201209000076),
 (201209000417,'2012-09-17 22:58:17',0x01,0x01,'2012-09-17 22:58:17','060204','三水区',201209000076),
 (201209000418,'2012-09-17 22:58:17',0x01,0x01,'2012-09-17 22:58:17','060205','顺德区',201209000076);
/*!40000 ALTER TABLE `base_area` ENABLE KEYS */;


--
-- Definition of table `base_company`
--

DROP TABLE IF EXISTS `base_company`;
CREATE TABLE `base_company` (
  `id` bigint(20) NOT NULL,
  `createTime` varchar(255) NOT NULL,
  `flag` bit(1) NOT NULL,
  `status` bit(1) NOT NULL,
  `updateTime` varchar(255) NOT NULL,
  `address` varchar(255) DEFAULT NULL,
  `city` varchar(255) DEFAULT NULL,
  `code` varchar(255) NOT NULL,
  `email` varchar(255) DEFAULT NULL,
  `fax` varchar(255) DEFAULT NULL,
  `linkman` varchar(255) DEFAULT NULL,
  `mobile` varchar(255) DEFAULT NULL,
  `name` varchar(255) NOT NULL,
  `phone` varchar(255) DEFAULT NULL,
  `postcode` varchar(255) DEFAULT NULL,
  `province` varchar(255) DEFAULT NULL,
  `qq` varchar(255) DEFAULT NULL,
  `tel` varchar(255) DEFAULT NULL,
  `fk_industry_id` bigint(20) DEFAULT NULL,
  `fk_company_id` bigint(20) DEFAULT NULL,
  PRIMARY KEY (`id`),
  UNIQUE KEY `id` (`id`),
  UNIQUE KEY `code` (`code`),
  KEY `FK5DDD890FA1A3CE2` (`fk_industry_id`),
  KEY `FK5DDD890F46B61FF3` (`fk_company_id`),
  CONSTRAINT `FK5DDD890F46B61FF3` FOREIGN KEY (`fk_company_id`) REFERENCES `base_company` (`id`),
  CONSTRAINT `FK5DDD890FA1A3CE2` FOREIGN KEY (`fk_industry_id`) REFERENCES `sys_dict` (`id`)
) ENGINE=InnoDB DEFAULT CHARSET=utf8;

--
-- Dumping data for table `base_company`
--

/*!40000 ALTER TABLE `base_company` DISABLE KEYS */;
/*!40000 ALTER TABLE `base_company` ENABLE KEYS */;


--
-- Definition of table `base_customer`
--

DROP TABLE IF EXISTS `base_customer`;
CREATE TABLE `base_customer` (
  `id` bigint(20) NOT NULL,
  `createTime` varchar(255) NOT NULL,
  `flag` bit(1) NOT NULL,
  `status` bit(1) NOT NULL,
  `updateTime` varchar(255) NOT NULL,
  `address` varchar(255) DEFAULT NULL,
  `city` varchar(255) DEFAULT NULL,
  `code` varchar(255) NOT NULL,
  `email` varchar(255) DEFAULT NULL,
  `fax` varchar(255) DEFAULT NULL,
  `linkman` varchar(255) DEFAULT NULL,
  `mobile` varchar(255) DEFAULT NULL,
  `name` varchar(255) NOT NULL,
  `phone` varchar(255) DEFAULT NULL,
  `postcode` varchar(255) DEFAULT NULL,
  `province` varchar(255) DEFAULT NULL,
  `qq` varchar(255) DEFAULT NULL,
  `tel` varchar(255) DEFAULT NULL,
  `fk_industry_id` bigint(20) DEFAULT NULL,
  `fk_sort_id` bigint(20) DEFAULT NULL,
  PRIMARY KEY (`id`),
  UNIQUE KEY `id` (`id`),
  UNIQUE KEY `code` (`code`),
  KEY `FKA5B4C58CE3EDA422` (`fk_sort_id`),
  KEY `FKA5B4C58CA1A3CE2` (`fk_industry_id`),
  CONSTRAINT `FKA5B4C58CA1A3CE2` FOREIGN KEY (`fk_industry_id`) REFERENCES `sys_dict` (`id`),
  CONSTRAINT `FKA5B4C58CE3EDA422` FOREIGN KEY (`fk_sort_id`) REFERENCES `sys_dict` (`id`)
) ENGINE=InnoDB DEFAULT CHARSET=utf8;

--
-- Dumping data for table `base_customer`
--

/*!40000 ALTER TABLE `base_customer` DISABLE KEYS */;
/*!40000 ALTER TABLE `base_customer` ENABLE KEYS */;


--
-- Definition of table `base_customer_log`
--

DROP TABLE IF EXISTS `base_customer_log`;
CREATE TABLE `base_customer_log` (
  `id` bigint(20) NOT NULL,
  `createTime` varchar(255) NOT NULL,
  `flag` bit(1) NOT NULL,
  `status` bit(1) NOT NULL,
  `updateTime` varchar(255) NOT NULL,
  `context` varchar(255) NOT NULL,
  `fk_customer_id` bigint(20) DEFAULT NULL,
  `fk_employee_id` bigint(20) DEFAULT NULL,
  PRIMARY KEY (`id`),
  UNIQUE KEY `id` (`id`),
  KEY `FK8BABF2118C980CC1` (`fk_customer_id`),
  KEY `FK8BABF2114FB4DAC1` (`fk_employee_id`),
  CONSTRAINT `FK8BABF2114FB4DAC1` FOREIGN KEY (`fk_employee_id`) REFERENCES `base_employee` (`id`),
  CONSTRAINT `FK8BABF2118C980CC1` FOREIGN KEY (`fk_customer_id`) REFERENCES `base_customer` (`id`)
) ENGINE=InnoDB DEFAULT CHARSET=utf8;

--
-- Dumping data for table `base_customer_log`
--

/*!40000 ALTER TABLE `base_customer_log` DISABLE KEYS */;
/*!40000 ALTER TABLE `base_customer_log` ENABLE KEYS */;


--
-- Definition of table `base_customer_plan`
--

DROP TABLE IF EXISTS `base_customer_plan`;
CREATE TABLE `base_customer_plan` (
  `id` bigint(20) NOT NULL,
  `createTime` varchar(255) NOT NULL,
  `flag` bit(1) NOT NULL,
  `status` bit(1) NOT NULL,
  `updateTime` varchar(255) NOT NULL,
  `context` varchar(255) NOT NULL,
  `sort` varchar(255) NOT NULL,
  `fk_customer_id` bigint(20) DEFAULT NULL,
  `fk_employee_id` bigint(20) DEFAULT NULL,
  PRIMARY KEY (`id`),
  UNIQUE KEY `id` (`id`),
  KEY `FKE9D415FC8C980CC1` (`fk_customer_id`),
  KEY `FKE9D415FC4FB4DAC1` (`fk_employee_id`),
  CONSTRAINT `FKE9D415FC4FB4DAC1` FOREIGN KEY (`fk_employee_id`) REFERENCES `base_employee` (`id`),
  CONSTRAINT `FKE9D415FC8C980CC1` FOREIGN KEY (`fk_customer_id`) REFERENCES `base_customer` (`id`)
) ENGINE=InnoDB DEFAULT CHARSET=utf8;

--
-- Dumping data for table `base_customer_plan`
--

/*!40000 ALTER TABLE `base_customer_plan` DISABLE KEYS */;
/*!40000 ALTER TABLE `base_customer_plan` ENABLE KEYS */;


--
-- Definition of table `base_employee`
--

DROP TABLE IF EXISTS `base_employee`;
CREATE TABLE `base_employee` (
  `id` bigint(20) NOT NULL,
  `createTime` varchar(255) NOT NULL,
  `flag` bit(1) NOT NULL,
  `status` bit(1) NOT NULL,
  `updateTime` varchar(255) NOT NULL,
  `blood` varchar(255) DEFAULT NULL,
  `born` varchar(255) DEFAULT NULL,
  `email` varchar(255) DEFAULT NULL,
  `height` varchar(255) DEFAULT NULL,
  `love` varchar(255) DEFAULT NULL,
  `mobile` varchar(255) DEFAULT NULL,
  `name` varchar(255) DEFAULT NULL,
  `phone` varchar(255) DEFAULT NULL,
  `postcode` varchar(255) DEFAULT NULL,
  `qq` varchar(255) DEFAULT NULL,
  `sex` varchar(255) NOT NULL,
  `weight` varchar(255) DEFAULT NULL,
  `code` varchar(255) NOT NULL,
  `idcard` varchar(255) NOT NULL,
  `fk_department_id` bigint(20) DEFAULT NULL,
  `fk_duty_id` bigint(20) DEFAULT NULL,
  `fk_idtype_id` bigint(20) DEFAULT NULL,
  PRIMARY KEY (`id`),
  UNIQUE KEY `id` (`id`),
  UNIQUE KEY `code` (`code`),
  UNIQUE KEY `idcard` (`idcard`),
  KEY `FKC8B62C5CA6FADA0B` (`fk_idtype_id`),
  KEY `FKC8B62C5CD4CBB3EA` (`fk_duty_id`),
  KEY `FKC8B62C5CFB9C8D6E` (`fk_department_id`),
  CONSTRAINT `FKC8B62C5CA6FADA0B` FOREIGN KEY (`fk_idtype_id`) REFERENCES `sys_dict` (`id`),
  CONSTRAINT `FKC8B62C5CD4CBB3EA` FOREIGN KEY (`fk_duty_id`) REFERENCES `sys_dict` (`id`),
  CONSTRAINT `FKC8B62C5CFB9C8D6E` FOREIGN KEY (`fk_department_id`) REFERENCES `sys_dict` (`id`)
) ENGINE=InnoDB DEFAULT CHARSET=utf8;

--
-- Dumping data for table `base_employee`
--

/*!40000 ALTER TABLE `base_employee` DISABLE KEYS */;
INSERT INTO `base_employee` (`id`,`createTime`,`flag`,`status`,`updateTime`,`blood`,`born`,`email`,`height`,`love`,`mobile`,`name`,`phone`,`postcode`,`qq`,`sex`,`weight`,`code`,`idcard`,`fk_department_id`,`fk_duty_id`,`fk_idtype_id`) VALUES 
 (201209000001,'2012-09-09 09:30:39',0x01,0x01,'2012-09-09 09:35:48','O','1985-10-10','duloveping@qq.com',NULL,NULL,'13652220051','杜永生','18924518080','528403','419116736','MALE',NULL,'1001','441621198510082231',201209000001,201209000020,201209000012),
 (201209000005,'2012-09-15 14:34:56',0x01,0x01,'2012-09-15 14:35:01','A','1991-10-01','lml@kt.com',NULL,NULL,'13579944633','刘美玲','13543803864','528403','845203969','FEMALE',NULL,'1002','442121199110012231',201209000003,201209000029,201209000012);
/*!40000 ALTER TABLE `base_employee` ENABLE KEYS */;


--
-- Definition of table `base_linkman`
--

DROP TABLE IF EXISTS `base_linkman`;
CREATE TABLE `base_linkman` (
  `id` bigint(20) NOT NULL,
  `createTime` varchar(255) NOT NULL,
  `flag` bit(1) NOT NULL,
  `status` bit(1) NOT NULL,
  `updateTime` varchar(255) NOT NULL,
  `blood` varchar(255) DEFAULT NULL,
  `born` varchar(255) DEFAULT NULL,
  `email` varchar(255) DEFAULT NULL,
  `height` varchar(255) DEFAULT NULL,
  `love` varchar(255) DEFAULT NULL,
  `mobile` varchar(255) DEFAULT NULL,
  `name` varchar(255) DEFAULT NULL,
  `phone` varchar(255) DEFAULT NULL,
  `postcode` varchar(255) DEFAULT NULL,
  `qq` varchar(255) DEFAULT NULL,
  `sex` varchar(255) NOT NULL,
  `weight` varchar(255) DEFAULT NULL,
  `dataId` bigint(20) NOT NULL,
  `sort` int(11) NOT NULL,
  PRIMARY KEY (`id`),
  UNIQUE KEY `id` (`id`),
  UNIQUE KEY `sort` (`sort`,`dataId`)
) ENGINE=InnoDB DEFAULT CHARSET=utf8;

--
-- Dumping data for table `base_linkman`
--

/*!40000 ALTER TABLE `base_linkman` DISABLE KEYS */;
/*!40000 ALTER TABLE `base_linkman` ENABLE KEYS */;


--
-- Definition of table `base_material`
--

DROP TABLE IF EXISTS `base_material`;
CREATE TABLE `base_material` (
  `id` bigint(20) NOT NULL,
  `createTime` varchar(255) NOT NULL,
  `flag` bit(1) NOT NULL,
  `status` bit(1) NOT NULL,
  `updateTime` varchar(255) NOT NULL,
  `code` varchar(255) NOT NULL,
  `lowerPrice` decimal(22,2) DEFAULT NULL,
  `name` varchar(255) NOT NULL,
  `price` decimal(22,2) NOT NULL,
  `upperPrice` decimal(22,2) DEFAULT NULL,
  `fk_provider_id` bigint(20) DEFAULT NULL,
  `fk_unit_id` bigint(20) DEFAULT NULL,
  PRIMARY KEY (`id`),
  UNIQUE KEY `id` (`id`),
  UNIQUE KEY `code` (`code`),
  KEY `FK9366AAD5124AEFE1` (`fk_provider_id`),
  KEY `FK9366AAD54B866E7C` (`fk_unit_id`),
  CONSTRAINT `FK9366AAD5124AEFE1` FOREIGN KEY (`fk_provider_id`) REFERENCES `base_provider` (`id`),
  CONSTRAINT `FK9366AAD54B866E7C` FOREIGN KEY (`fk_unit_id`) REFERENCES `sys_dict` (`id`)
) ENGINE=InnoDB DEFAULT CHARSET=utf8;

--
-- Dumping data for table `base_material`
--

/*!40000 ALTER TABLE `base_material` DISABLE KEYS */;
/*!40000 ALTER TABLE `base_material` ENABLE KEYS */;


--
-- Definition of table `base_product`
--

DROP TABLE IF EXISTS `base_product`;
CREATE TABLE `base_product` (
  `id` bigint(20) NOT NULL,
  `createTime` varchar(255) NOT NULL,
  `flag` bit(1) NOT NULL,
  `status` bit(1) NOT NULL,
  `updateTime` varchar(255) NOT NULL,
  `code` varchar(255) NOT NULL,
  `lowerPrice` decimal(22,2) DEFAULT NULL,
  `name` varchar(255) NOT NULL,
  `price` decimal(22,2) NOT NULL,
  `upperPrice` decimal(22,2) DEFAULT NULL,
  `fk_unit_id` bigint(20) DEFAULT NULL,
  PRIMARY KEY (`id`),
  UNIQUE KEY `id` (`id`),
  UNIQUE KEY `code` (`code`),
  KEY `FK12C419814B866E7C` (`fk_unit_id`),
  CONSTRAINT `FK12C419814B866E7C` FOREIGN KEY (`fk_unit_id`) REFERENCES `sys_dict` (`id`)
) ENGINE=InnoDB DEFAULT CHARSET=utf8;

--
-- Dumping data for table `base_product`
--

/*!40000 ALTER TABLE `base_product` DISABLE KEYS */;
/*!40000 ALTER TABLE `base_product` ENABLE KEYS */;


--
-- Definition of table `base_product_config`
--

DROP TABLE IF EXISTS `base_product_config`;
CREATE TABLE `base_product_config` (
  `id` bigint(20) NOT NULL,
  `createTime` varchar(255) NOT NULL,
  `flag` bit(1) NOT NULL,
  `status` bit(1) NOT NULL,
  `updateTime` varchar(255) NOT NULL,
  `fk_product_id` bigint(20) DEFAULT NULL,
  `fk_work_id` bigint(20) DEFAULT NULL,
  PRIMARY KEY (`id`),
  UNIQUE KEY `id` (`id`),
  KEY `FKAF44E3C0DBCAD761` (`fk_work_id`),
  KEY `FKAF44E3C0969FF2B3` (`fk_product_id`),
  CONSTRAINT `FKAF44E3C0969FF2B3` FOREIGN KEY (`fk_product_id`) REFERENCES `base_product` (`id`),
  CONSTRAINT `FKAF44E3C0DBCAD761` FOREIGN KEY (`fk_work_id`) REFERENCES `base_work` (`id`)
) ENGINE=InnoDB DEFAULT CHARSET=utf8;

--
-- Dumping data for table `base_product_config`
--

/*!40000 ALTER TABLE `base_product_config` DISABLE KEYS */;
/*!40000 ALTER TABLE `base_product_config` ENABLE KEYS */;


--
-- Definition of table `base_provider`
--

DROP TABLE IF EXISTS `base_provider`;
CREATE TABLE `base_provider` (
  `id` bigint(20) NOT NULL,
  `createTime` varchar(255) NOT NULL,
  `flag` bit(1) NOT NULL,
  `status` bit(1) NOT NULL,
  `updateTime` varchar(255) NOT NULL,
  `address` varchar(255) DEFAULT NULL,
  `city` varchar(255) DEFAULT NULL,
  `code` varchar(255) NOT NULL,
  `email` varchar(255) DEFAULT NULL,
  `fax` varchar(255) DEFAULT NULL,
  `linkman` varchar(255) DEFAULT NULL,
  `mobile` varchar(255) DEFAULT NULL,
  `name` varchar(255) NOT NULL,
  `phone` varchar(255) DEFAULT NULL,
  `postcode` varchar(255) DEFAULT NULL,
  `province` varchar(255) DEFAULT NULL,
  `qq` varchar(255) DEFAULT NULL,
  `tel` varchar(255) DEFAULT NULL,
  `fk_industry_id` bigint(20) DEFAULT NULL,
  PRIMARY KEY (`id`),
  UNIQUE KEY `id` (`id`),
  UNIQUE KEY `code` (`code`),
  KEY `FK46B74B9FA1A3CE2` (`fk_industry_id`),
  CONSTRAINT `FK46B74B9FA1A3CE2` FOREIGN KEY (`fk_industry_id`) REFERENCES `sys_dict` (`id`)
) ENGINE=InnoDB DEFAULT CHARSET=utf8;

--
-- Dumping data for table `base_provider`
--

/*!40000 ALTER TABLE `base_provider` DISABLE KEYS */;
/*!40000 ALTER TABLE `base_provider` ENABLE KEYS */;


--
-- Definition of table `base_storage`
--

DROP TABLE IF EXISTS `base_storage`;
CREATE TABLE `base_storage` (
  `id` bigint(20) NOT NULL,
  `createTime` varchar(255) NOT NULL,
  `flag` bit(1) NOT NULL,
  `status` bit(1) NOT NULL,
  `updateTime` varchar(255) NOT NULL,
  `amount` bigint(20) NOT NULL,
  `dataId` bigint(20) NOT NULL,
  `lowerlimit` bigint(20) DEFAULT NULL,
  `sort` int(11) NOT NULL,
  `upperlimit` bigint(20) DEFAULT NULL,
  `fk_store_id` bigint(20) DEFAULT NULL,
  PRIMARY KEY (`id`),
  UNIQUE KEY `id` (`id`),
  UNIQUE KEY `fk_store_id` (`fk_store_id`,`sort`,`dataId`),
  KEY `FKB4E68F0D777AEB6B` (`fk_store_id`),
  CONSTRAINT `FKB4E68F0D777AEB6B` FOREIGN KEY (`fk_store_id`) REFERENCES `base_store` (`id`)
) ENGINE=InnoDB DEFAULT CHARSET=utf8;

--
-- Dumping data for table `base_storage`
--

/*!40000 ALTER TABLE `base_storage` DISABLE KEYS */;
/*!40000 ALTER TABLE `base_storage` ENABLE KEYS */;


--
-- Definition of table `base_store`
--

DROP TABLE IF EXISTS `base_store`;
CREATE TABLE `base_store` (
  `id` bigint(20) NOT NULL,
  `createTime` varchar(255) NOT NULL,
  `flag` bit(1) NOT NULL,
  `status` bit(1) NOT NULL,
  `updateTime` varchar(255) NOT NULL,
  `address` varchar(255) DEFAULT NULL,
  `name` varchar(255) NOT NULL,
  `phone` varchar(255) DEFAULT NULL,
  `sort` varchar(255) DEFAULT NULL,
  `fk_employee_id` bigint(20) DEFAULT NULL,
  PRIMARY KEY (`id`),
  UNIQUE KEY `id` (`id`),
  KEY `FKE3AF41F34FB4DAC1` (`fk_employee_id`),
  CONSTRAINT `FKE3AF41F34FB4DAC1` FOREIGN KEY (`fk_employee_id`) REFERENCES `base_employee` (`id`)
) ENGINE=InnoDB DEFAULT CHARSET=utf8;

--
-- Dumping data for table `base_store`
--

/*!40000 ALTER TABLE `base_store` DISABLE KEYS */;
/*!40000 ALTER TABLE `base_store` ENABLE KEYS */;


--
-- Definition of table `base_work`
--

DROP TABLE IF EXISTS `base_work`;
CREATE TABLE `base_work` (
  `id` bigint(20) NOT NULL,
  `createTime` varchar(255) NOT NULL,
  `flag` bit(1) NOT NULL,
  `status` bit(1) NOT NULL,
  `updateTime` varchar(255) NOT NULL,
  `name` varchar(255) DEFAULT NULL,
  `price` decimal(10,2) DEFAULT NULL,
  `fk_product_id` bigint(20) DEFAULT NULL,
  PRIMARY KEY (`id`),
  UNIQUE KEY `id` (`id`),
  KEY `FK93BD13BF6AFD2C65` (`fk_product_id`),
  CONSTRAINT `FK93BD13BF6AFD2C65` FOREIGN KEY (`fk_product_id`) REFERENCES `sys_dict` (`id`)
) ENGINE=InnoDB DEFAULT CHARSET=utf8;

--
-- Dumping data for table `base_work`
--

/*!40000 ALTER TABLE `base_work` DISABLE KEYS */;
/*!40000 ALTER TABLE `base_work` ENABLE KEYS */;


--
-- Definition of table `bg_day_report`
--

DROP TABLE IF EXISTS `bg_day_report`;
CREATE TABLE `bg_day_report` (
  `id` bigint(20) NOT NULL,
  `createTime` varchar(255) NOT NULL,
  `flag` bit(1) NOT NULL,
  `status` bit(1) NOT NULL,
  `updateTime` varchar(255) NOT NULL,
  `afterEnd` varchar(255) DEFAULT NULL,
  `afterStart` varchar(255) DEFAULT NULL,
  `departId` bigint(20) NOT NULL,
  `departName` varchar(255) NOT NULL,
  `empCode` varchar(255) NOT NULL,
  `empId` bigint(20) NOT NULL,
  `empName` varchar(255) NOT NULL,
  `mornEnd` varchar(255) DEFAULT NULL,
  `mornStart` varchar(255) DEFAULT NULL,
  `nightEnd` varchar(255) DEFAULT NULL,
  `nightStart` varchar(255) DEFAULT NULL,
  `state` varchar(255) DEFAULT NULL,
  `workDate` varchar(255) DEFAULT NULL,
  PRIMARY KEY (`id`),
  UNIQUE KEY `id` (`id`)
) ENGINE=InnoDB DEFAULT CHARSET=utf8;

--
-- Dumping data for table `bg_day_report`
--

/*!40000 ALTER TABLE `bg_day_report` DISABLE KEYS */;
/*!40000 ALTER TABLE `bg_day_report` ENABLE KEYS */;


--
-- Definition of table `bg_month_report`
--

DROP TABLE IF EXISTS `bg_month_report`;
CREATE TABLE `bg_month_report` (
  `id` bigint(20) NOT NULL,
  `createTime` varchar(255) NOT NULL,
  `flag` bit(1) NOT NULL,
  `status` bit(1) NOT NULL,
  `updateTime` varchar(255) NOT NULL,
  `departId` bigint(20) NOT NULL,
  `departName` varchar(255) NOT NULL,
  `empCode` varchar(255) NOT NULL,
  `empId` bigint(20) NOT NULL,
  `empName` varchar(255) NOT NULL,
  `lateHour` decimal(10,2) DEFAULT NULL,
  `leaveHour` decimal(10,2) DEFAULT NULL,
  `noDays` decimal(10,2) DEFAULT NULL,
  `state` varchar(255) DEFAULT NULL,
  `workDate` varchar(255) DEFAULT NULL,
  `workDays` decimal(10,2) DEFAULT NULL,
  `workHour` decimal(10,2) DEFAULT NULL,
  PRIMARY KEY (`id`),
  UNIQUE KEY `id` (`id`)
) ENGINE=InnoDB DEFAULT CHARSET=utf8;

--
-- Dumping data for table `bg_month_report`
--

/*!40000 ALTER TABLE `bg_month_report` DISABLE KEYS */;
/*!40000 ALTER TABLE `bg_month_report` ENABLE KEYS */;


--
-- Definition of table `bg_produce_report`
--

DROP TABLE IF EXISTS `bg_produce_report`;
CREATE TABLE `bg_produce_report` (
  `id` bigint(20) NOT NULL,
  `createTime` varchar(255) NOT NULL,
  `flag` bit(1) NOT NULL,
  `status` bit(1) NOT NULL,
  `updateTime` varchar(255) NOT NULL,
  `amount` int(11) DEFAULT NULL,
  `departId` bigint(20) NOT NULL,
  `departName` varchar(255) NOT NULL,
  `empCode` varchar(255) NOT NULL,
  `empId` bigint(20) NOT NULL,
  `empName` varchar(255) NOT NULL,
  `orderId` bigint(20) DEFAULT NULL,
  `price` varchar(255) DEFAULT NULL,
  `proId` bigint(20) DEFAULT NULL,
  `proName` varchar(255) DEFAULT NULL,
  `state` varchar(255) DEFAULT NULL,
  `workDate` varchar(255) DEFAULT NULL,
  `workId` bigint(20) DEFAULT NULL,
  `workName` varchar(255) DEFAULT NULL,
  PRIMARY KEY (`id`),
  UNIQUE KEY `id` (`id`)
) ENGINE=InnoDB DEFAULT CHARSET=utf8;

--
-- Dumping data for table `bg_produce_report`
--

/*!40000 ALTER TABLE `bg_produce_report` DISABLE KEYS */;
/*!40000 ALTER TABLE `bg_produce_report` ENABLE KEYS */;


--
-- Definition of table `bg_wage_report`
--

DROP TABLE IF EXISTS `bg_wage_report`;
CREATE TABLE `bg_wage_report` (
  `id` bigint(20) NOT NULL,
  `createTime` varchar(255) NOT NULL,
  `flag` bit(1) NOT NULL,
  `status` bit(1) NOT NULL,
  `updateTime` varchar(255) NOT NULL,
  `allowance` decimal(10,2) DEFAULT NULL,
  `amerce` decimal(10,2) DEFAULT NULL,
  `basic` decimal(10,2) DEFAULT NULL,
  `bonus` decimal(10,2) DEFAULT NULL,
  `countwork` decimal(10,2) DEFAULT NULL,
  `departId` bigint(20) NOT NULL,
  `departName` varchar(255) NOT NULL,
  `empCode` varchar(255) NOT NULL,
  `empId` bigint(20) NOT NULL,
  `empName` varchar(255) NOT NULL,
  `fact` decimal(10,2) DEFAULT NULL,
  `insurance` decimal(10,2) DEFAULT NULL,
  `overtime` decimal(10,2) DEFAULT NULL,
  `percent` decimal(10,2) DEFAULT NULL,
  `revenue` decimal(10,2) DEFAULT NULL,
  `should` decimal(10,2) DEFAULT NULL,
  `state` varchar(255) DEFAULT NULL,
  `timework` decimal(10,2) DEFAULT NULL,
  PRIMARY KEY (`id`),
  UNIQUE KEY `id` (`id`)
) ENGINE=InnoDB DEFAULT CHARSET=utf8;

--
-- Dumping data for table `bg_wage_report`
--

/*!40000 ALTER TABLE `bg_wage_report` DISABLE KEYS */;
/*!40000 ALTER TABLE `bg_wage_report` ENABLE KEYS */;


--
-- Definition of table `department`
--

DROP TABLE IF EXISTS `department`;
CREATE TABLE `department` (
  `id` bigint(20) unsigned NOT NULL COMMENT '流水号id',
  `createtime` varchar(20) NOT NULL COMMENT '创建时间',
  `updatetime` varchar(20) NOT NULL COMMENT '更新时间',
  `flag` tinyint(1) NOT NULL COMMENT '标记',
  `status` tinyint(1) NOT NULL COMMENT '状态',
  `num` varchar(50) NOT NULL COMMENT '编号',
  `name` varchar(50) NOT NULL COMMENT '名称',
  PRIMARY KEY (`id`),
  UNIQUE KEY `uq_sequence_id` (`num`)
) ENGINE=InnoDB DEFAULT CHARSET=utf8;

--
-- Dumping data for table `department`
--

/*!40000 ALTER TABLE `department` DISABLE KEYS */;
INSERT INTO `department` (`id`,`createtime`,`updatetime`,`flag`,`status`,`num`,`name`) VALUES 
 (201207000010,'2012-07-28 00:45:30','2012-07-28 00:45:30',1,1,'1001','行政部');
/*!40000 ALTER TABLE `department` ENABLE KEYS */;


--
-- Definition of table `sys_app_sequence`
--

DROP TABLE IF EXISTS `sys_app_sequence`;
CREATE TABLE `sys_app_sequence` (
  `id` bigint(20) unsigned NOT NULL AUTO_INCREMENT COMMENT '流水号ID',
  `createtime` varchar(20) NOT NULL COMMENT '创建时间',
  `updatetime` varchar(20) NOT NULL COMMENT '更新时间',
  `flag` tinyint(1) NOT NULL COMMENT '标记',
  `status` tinyint(1) NOT NULL COMMENT '状态',
  `enseqname` varchar(50) NOT NULL COMMENT '名称',
  `cnseqname` varchar(50) NOT NULL COMMENT '备注',
  `seqvalue` varchar(22) NOT NULL COMMENT '值',
  PRIMARY KEY (`id`),
  UNIQUE KEY `uq_sequence_id` (`enseqname`)
) ENGINE=InnoDB AUTO_INCREMENT=10 DEFAULT CHARSET=utf8;

--
-- Dumping data for table `sys_app_sequence`
--

/*!40000 ALTER TABLE `sys_app_sequence` DISABLE KEYS */;
INSERT INTO `sys_app_sequence` (`id`,`createtime`,`updatetime`,`flag`,`status`,`enseqname`,`cnseqname`,`seqvalue`) VALUES 
 (1,'2012-07-28 00:24:47','2012-07-28 00:45:30',1,1,'201207_DEPARTMENT','DEPARTMENT','10'),
 (2,'2012-09-06 21:54:01','2012-09-15 16:12:14',1,1,'201209_SYS_USER','SYS_USER','5'),
 (3,'2012-09-07 23:40:07','2012-09-15 14:07:48',1,1,'201209_SYS_DICT','SYS_DICT','70'),
 (4,'2012-09-08 20:20:56','2012-09-13 20:14:05',1,1,'201209_SYS_ROLE','SYS_ROLE','5'),
 (5,'2012-09-09 09:30:39','2012-09-15 14:34:56',1,1,'201209_BASE_EMPLOYEE','BASE_EMPLOYEE','5'),
 (6,'2012-09-10 21:59:17','2012-09-17 19:46:04',1,1,'201209_SYS_MENU','SYS_MENU','17'),
 (7,'2012-09-11 21:03:33','2012-09-17 19:46:35',1,1,'201209_SYS_ROLE_MENU','SYS_ROLE_MENU','42'),
 (8,'2012-09-15 16:28:39','2012-09-15 16:28:49',1,1,'201209_SYS_ROLE_USER','SYS_ROLE_USER','2'),
 (9,'2012-09-16 14:54:21','2012-09-16 15:27:15',1,1,'201209_BASE_AREA','BASE_AREA','6');
/*!40000 ALTER TABLE `sys_app_sequence` ENABLE KEYS */;


--
-- Definition of table `sys_dict`
--

DROP TABLE IF EXISTS `sys_dict`;
CREATE TABLE `sys_dict` (
  `id` bigint(20) NOT NULL,
  `createTime` varchar(255) NOT NULL,
  `flag` bit(1) NOT NULL,
  `status` bit(1) NOT NULL,
  `updateTime` varchar(255) NOT NULL,
  `caption` varchar(255) DEFAULT NULL,
  `name` varchar(50) NOT NULL,
  `sort` varchar(20) NOT NULL,
  PRIMARY KEY (`id`),
  UNIQUE KEY `id` (`id`)
) ENGINE=InnoDB DEFAULT CHARSET=utf8;

--
-- Dumping data for table `sys_dict`
--

/*!40000 ALTER TABLE `sys_dict` DISABLE KEYS */;
INSERT INTO `sys_dict` (`id`,`createTime`,`flag`,`status`,`updateTime`,`caption`,`name`,`sort`) VALUES 
 (201209000001,'2012-09-07 23:40:07',0x01,0x01,'2012-09-08 00:14:21','','信息中心','DEPARTMENT'),
 (201209000003,'2012-09-08 00:13:11',0x01,0x01,'2012-09-08 00:19:08','','生产部','DEPARTMENT'),
 (201209000004,'2012-09-08 00:21:13',0x01,0x01,'2012-09-08 00:21:13','','业务部','DEPARTMENT'),
 (201209000005,'2012-09-08 14:45:34',0x01,0x01,'2012-09-08 14:45:34','','初次客户','CUSTOMER'),
 (201209000006,'2012-09-08 14:45:55',0x01,0x01,'2012-09-08 14:45:55','','潜在客户','CUSTOMER'),
 (201209000007,'2012-09-08 14:46:13',0x01,0x01,'2012-09-08 14:46:13','','跟单客户','CUSTOMER'),
 (201209000008,'2012-09-08 14:46:40',0x01,0x01,'2012-09-08 14:46:40','','商机客户','CUSTOMER'),
 (201209000009,'2012-09-08 14:47:07',0x01,0x01,'2012-09-08 14:47:07','','成交客户','CUSTOMER'),
 (201209000010,'2012-09-08 14:47:35',0x01,0x01,'2012-09-08 14:47:35','','储备客户','CUSTOMER'),
 (201209000011,'2012-09-08 14:47:57',0x01,0x01,'2012-09-08 14:47:57','','放弃客户','CUSTOMER'),
 (201209000012,'2012-09-08 22:48:51',0x01,0x01,'2012-09-08 22:48:51','','身份证','CERTIFICATE'),
 (201209000013,'2012-09-08 22:49:09',0x01,0x01,'2012-09-08 22:49:09','','驾驶证','CERTIFICATE'),
 (201209000014,'2012-09-08 22:49:41',0x01,0x01,'2012-09-08 22:49:41','','户口簿','CERTIFICATE'),
 (201209000015,'2012-09-08 22:49:55',0x01,0x01,'2012-09-08 22:49:55','','军人证','CERTIFICATE'),
 (201209000016,'2012-09-08 22:50:21',0x01,0x01,'2012-09-08 22:50:21','','居住证','CERTIFICATE'),
 (201209000017,'2012-09-08 22:50:52',0x01,0x01,'2012-09-08 22:50:52','','学生证','CERTIFICATE'),
 (201209000018,'2012-09-08 22:51:09',0x01,0x01,'2012-09-08 22:51:09','','护照','CERTIFICATE'),
 (201209000019,'2012-09-08 22:51:33',0x01,0x01,'2012-09-08 22:51:33','','营业执照','CERTIFICATE'),
 (201209000020,'2012-09-09 09:20:23',0x01,0x01,'2012-09-09 09:20:23','','软件工程师','DUTY'),
 (201209000029,'2012-09-15 14:07:48',0x01,0x01,'2012-09-15 14:07:48',NULL,'生产工','DUTY'),
 (201209000030,'2012-09-17 23:14:29',0x01,0x01,'2012-09-17 23:14:29',NULL,'计算机软件','VOCATION'),
 (201209000031,'2012-09-17 23:14:29',0x01,0x01,'2012-09-17 23:14:29',NULL,'计算机硬件','VOCATION'),
 (201209000032,'2012-09-17 23:14:29',0x01,0x01,'2012-09-17 23:14:29',NULL,'通信/电信/网络设备/电信运营/增值服务','VOCATION'),
 (201209000033,'2012-09-17 23:14:29',0x01,0x01,'2012-09-17 23:14:29',NULL,'电子技术/微电子/半导体/集成电路','VOCATION'),
 (201209000034,'2012-09-17 23:14:29',0x01,0x01,'2012-09-17 23:14:29',NULL,'互联网/电子商务/网络游戏/计算机服务（系统、数据服务、维修）','VOCATION'),
 (201209000035,'2012-09-17 23:14:29',0x01,0x01,'2012-09-17 23:14:29',NULL,'仪器仪表/工业自动化','VOCATION'),
 (201209000036,'2012-09-17 23:14:29',0x01,0x01,'2012-09-17 23:14:29',NULL,'会计/审计','VOCATION'),
 (201209000037,'2012-09-17 23:14:29',0x01,0x01,'2012-09-17 23:14:29',NULL,'保险/金融/投资/证券/银行','VOCATION'),
 (201209000038,'2012-09-17 23:14:29',0x01,0x01,'2012-09-17 23:14:29',NULL,'贸易/进出口/批发/零售','VOCATION'),
 (201209000039,'2012-09-17 23:14:29',0x01,0x01,'2012-09-17 23:14:29',NULL,'服装/纺织/皮革','VOCATION'),
 (201209000040,'2012-09-17 23:14:29',0x01,0x01,'2012-09-17 23:14:29',NULL,'机械/机电/设备/重工','VOCATION'),
 (201209000041,'2012-09-17 23:14:29',0x01,0x01,'2012-09-17 23:14:29',NULL,'家具/家电/家居/木材及竹、藤、棕、草制品','VOCATION'),
 (201209000042,'2012-09-17 23:14:29',0x01,0x01,'2012-09-17 23:14:29',NULL,'工艺美术/礼品/玩具/收藏品','VOCATION'),
 (201209000043,'2012-09-17 23:14:29',0x01,0x01,'2012-09-17 23:14:29',NULL,'汽车及零配件','VOCATION'),
 (201209000044,'2012-09-17 23:14:30',0x01,0x01,'2012-09-17 23:14:30',NULL,'快速消费品（食品、饮料、化妆品、烟酒等）/办公用品及设备','VOCATION'),
 (201209000045,'2012-09-17 23:14:30',0x01,0x01,'2012-09-17 23:14:30',NULL,'制药/生物工程','VOCATION'),
 (201209000046,'2012-09-17 23:14:30',0x01,0x01,'2012-09-17 23:14:30',NULL,'医疗/护理/保健/美容/卫生','VOCATION'),
 (201209000047,'2012-09-17 23:14:30',0x01,0x01,'2012-09-17 23:14:30',NULL,'医疗设备/器械','VOCATION'),
 (201209000048,'2012-09-17 23:14:30',0x01,0x01,'2012-09-17 23:14:30',NULL,'文字媒体/出版/印刷/包装/造纸','VOCATION'),
 (201209000049,'2012-09-17 23:14:30',0x01,0x01,'2012-09-17 23:14:30',NULL,'广告/公关/市场推广/会展','VOCATION'),
 (201209000050,'2012-09-17 23:14:30',0x01,0x01,'2012-09-17 23:14:30',NULL,'影视/媒体/艺术','VOCATION'),
 (201209000051,'2012-09-17 23:14:30',0x01,0x01,'2012-09-17 23:14:30',NULL,'房地产开发/建筑与工程','VOCATION'),
 (201209000052,'2012-09-17 23:14:30',0x01,0x01,'2012-09-17 23:14:30',NULL,'家居/室内设计/装潢/物业管理/商业中心','VOCATION'),
 (201209000053,'2012-09-17 23:14:30',0x01,0x01,'2012-09-17 23:14:30',NULL,'中介服务','VOCATION'),
 (201209000054,'2012-09-17 23:14:30',0x01,0x01,'2012-09-17 23:14:30',NULL,'法律/专业服务（咨询、产业管理、人力资源）','VOCATION'),
 (201209000055,'2012-09-17 23:14:30',0x01,0x01,'2012-09-17 23:14:30',NULL,'教育/培训/学术/科研','VOCATION'),
 (201209000056,'2012-09-17 23:14:30',0x01,0x01,'2012-09-17 23:14:30',NULL,'检验/检测/认证','VOCATION'),
 (201209000057,'2012-09-17 23:14:30',0x01,0x01,'2012-09-17 23:14:30',NULL,'酒店/旅游/度假/餐饮业/生活服务','VOCATION'),
 (201209000058,'2012-09-17 23:14:30',0x01,0x01,'2012-09-17 23:14:30',NULL,'娱乐/休闲/体育','VOCATION'),
 (201209000059,'2012-09-17 23:14:30',0x01,0x01,'2012-09-17 23:14:30',NULL,'交通/运输/物流','VOCATION'),
 (201209000060,'2012-09-17 23:14:30',0x01,0x01,'2012-09-17 23:14:30',NULL,'航天/航空/航天研究与制造','VOCATION'),
 (201209000061,'2012-09-17 23:14:30',0x01,0x01,'2012-09-17 23:14:30',NULL,'能源/石油/化工/矿产/地质','VOCATION'),
 (201209000062,'2012-09-17 23:14:30',0x01,0x01,'2012-09-17 23:14:30',NULL,'原材料和加工（金属、木材、橡胶、塑料、玻璃、陶瓷、建材）/模具加工','VOCATION'),
 (201209000063,'2012-09-17 23:14:30',0x01,0x01,'2012-09-17 23:14:30',NULL,'采掘业/冶炼','VOCATION'),
 (201209000064,'2012-09-17 23:14:31',0x01,0x01,'2012-09-17 23:14:31',NULL,'电气/电力/水利','VOCATION'),
 (201209000065,'2012-09-17 23:14:31',0x01,0x01,'2012-09-17 23:14:31',NULL,'政府/非赢利机构','VOCATION'),
 (201209000066,'2012-09-17 23:14:31',0x01,0x01,'2012-09-17 23:14:31',NULL,'农业/渔业/林业/牧业/环保','VOCATION'),
 (201209000067,'2012-09-17 23:14:31',0x01,0x01,'2012-09-17 23:14:31',NULL,'多元化业务集团公司/跨领域经营','VOCATION'),
 (201209000068,'2012-09-17 23:14:31',0x01,0x01,'2012-09-17 23:14:31',NULL,'灯饰照明','VOCATION'),
 (201209000069,'2012-09-17 23:14:31',0x01,0x01,'2012-09-17 23:14:31',NULL,'其他行业','VOCATION');
/*!40000 ALTER TABLE `sys_dict` ENABLE KEYS */;


--
-- Definition of table `sys_menu`
--

DROP TABLE IF EXISTS `sys_menu`;
CREATE TABLE `sys_menu` (
  `id` bigint(20) NOT NULL,
  `createTime` varchar(255) NOT NULL,
  `flag` bit(1) NOT NULL,
  `status` bit(1) NOT NULL,
  `updateTime` varchar(255) NOT NULL,
  `chName` varchar(255) NOT NULL,
  `enName` varchar(255) NOT NULL,
  `href` varchar(255) DEFAULT NULL,
  `sort` int(11) NOT NULL,
  `parentId` bigint(20) DEFAULT NULL,
  PRIMARY KEY (`id`),
  UNIQUE KEY `id` (`id`),
  UNIQUE KEY `enName` (`enName`),
  KEY `FK74A44791C83CF32E` (`parentId`),
  CONSTRAINT `FK74A44791C83CF32E` FOREIGN KEY (`parentId`) REFERENCES `sys_menu` (`id`)
) ENGINE=InnoDB DEFAULT CHARSET=utf8;

--
-- Dumping data for table `sys_menu`
--

/*!40000 ALTER TABLE `sys_menu` DISABLE KEYS */;
INSERT INTO `sys_menu` (`id`,`createTime`,`flag`,`status`,`updateTime`,`chName`,`enName`,`href`,`sort`,`parentId`) VALUES 
 (201209000009,'2012-09-15 22:45:25',0x01,0x01,'2012-09-15 22:45:25','系统管理','XTGL',NULL,0,NULL),
 (201209000010,'2012-09-15 22:46:15',0x01,0x01,'2012-09-15 22:46:15','字典管理','XTGL_ZDGL','/system/sys-dict/index.jhtml',1,201209000009),
 (201209000011,'2012-09-15 22:46:59',0x01,0x01,'2012-09-15 22:46:59','角色管理','XTGL_JSGL','/system/sys-role/index.jhtml',1,201209000009),
 (201209000012,'2012-09-15 22:47:36',0x01,0x01,'2012-09-15 22:47:36','用户管理','XTGL_YHGL','/system/sys-menu/index.jhtml',1,201209000009),
 (201209000013,'2012-09-15 22:48:26',0x01,0x01,'2012-09-15 22:48:26','菜单管理','XTGL_CDGL','/system/sys-menu/index.jhtml',1,201209000009),
 (201209000014,'2012-09-16 14:48:54',0x01,0x01,'2012-09-16 14:48:54','基础信息管理','JCXXGL',NULL,0,NULL),
 (201209000015,'2012-09-16 14:50:01',0x01,0x01,'2012-09-16 14:50:01','地区管理','JCXXGL_DQGL','/basic/area/index.jhtml',1,201209000014),
 (201209000017,'2012-09-17 19:46:04',0x01,0x01,'2012-09-17 19:46:04','员工管理','JCXXGL_YGGL','/basic/employee/index.jhtml',1,201209000014);
/*!40000 ALTER TABLE `sys_menu` ENABLE KEYS */;


--
-- Definition of table `sys_role`
--

DROP TABLE IF EXISTS `sys_role`;
CREATE TABLE `sys_role` (
  `id` bigint(20) NOT NULL,
  `createTime` varchar(255) NOT NULL,
  `flag` bit(1) NOT NULL,
  `status` bit(1) NOT NULL,
  `updateTime` varchar(255) NOT NULL,
  `caption` varchar(255) DEFAULT NULL,
  `code` varchar(255) NOT NULL,
  `name` varchar(255) NOT NULL,
  PRIMARY KEY (`id`),
  UNIQUE KEY `id` (`id`),
  UNIQUE KEY `code` (`code`)
) ENGINE=InnoDB DEFAULT CHARSET=utf8;

--
-- Dumping data for table `sys_role`
--

/*!40000 ALTER TABLE `sys_role` DISABLE KEYS */;
INSERT INTO `sys_role` (`id`,`createTime`,`flag`,`status`,`updateTime`,`caption`,`code`,`name`) VALUES 
 (201209000002,'2012-09-08 20:57:50',0x01,0x01,'2012-09-08 20:57:50','','ADMINISTRATOR','系统管理员'),
 (201209000003,'2012-09-11 20:49:23',0x01,0x01,'2012-09-11 20:49:23','','SYSTEMUSER','系统用户');
/*!40000 ALTER TABLE `sys_role` ENABLE KEYS */;


--
-- Definition of table `sys_role_menu`
--

DROP TABLE IF EXISTS `sys_role_menu`;
CREATE TABLE `sys_role_menu` (
  `id` bigint(20) NOT NULL,
  `createTime` varchar(255) NOT NULL,
  `flag` bit(1) NOT NULL,
  `status` bit(1) NOT NULL,
  `updateTime` varchar(255) NOT NULL,
  `fk_menu_id` bigint(20) DEFAULT NULL,
  `fk_role_id` bigint(20) DEFAULT NULL,
  PRIMARY KEY (`id`),
  UNIQUE KEY `id` (`id`),
  UNIQUE KEY `fk_role_id` (`fk_role_id`,`fk_menu_id`),
  KEY `FK65D48496AEB27F0A` (`fk_role_id`),
  KEY `FK65D484969543EA6A` (`fk_menu_id`),
  CONSTRAINT `FK65D484969543EA6A` FOREIGN KEY (`fk_menu_id`) REFERENCES `sys_menu` (`id`),
  CONSTRAINT `FK65D48496AEB27F0A` FOREIGN KEY (`fk_role_id`) REFERENCES `sys_role` (`id`)
) ENGINE=InnoDB DEFAULT CHARSET=utf8;

--
-- Dumping data for table `sys_role_menu`
--

/*!40000 ALTER TABLE `sys_role_menu` DISABLE KEYS */;
INSERT INTO `sys_role_menu` (`id`,`createTime`,`flag`,`status`,`updateTime`,`fk_menu_id`,`fk_role_id`) VALUES 
 (201209000035,'2012-09-17 19:46:35',0x01,0x01,'2012-09-17 19:46:35',201209000014,201209000002),
 (201209000036,'2012-09-17 19:46:35',0x01,0x01,'2012-09-17 19:46:35',201209000017,201209000002),
 (201209000037,'2012-09-17 19:46:35',0x01,0x01,'2012-09-17 19:46:35',201209000015,201209000002),
 (201209000038,'2012-09-17 19:46:35',0x01,0x01,'2012-09-17 19:46:35',201209000009,201209000002),
 (201209000039,'2012-09-17 19:46:35',0x01,0x01,'2012-09-17 19:46:35',201209000013,201209000002),
 (201209000040,'2012-09-17 19:46:35',0x01,0x01,'2012-09-17 19:46:35',201209000012,201209000002),
 (201209000041,'2012-09-17 19:46:35',0x01,0x01,'2012-09-17 19:46:35',201209000011,201209000002),
 (201209000042,'2012-09-17 19:46:35',0x01,0x01,'2012-09-17 19:46:35',201209000010,201209000002);
/*!40000 ALTER TABLE `sys_role_menu` ENABLE KEYS */;


--
-- Definition of table `sys_role_user`
--

DROP TABLE IF EXISTS `sys_role_user`;
CREATE TABLE `sys_role_user` (
  `id` bigint(20) NOT NULL,
  `createTime` varchar(255) NOT NULL,
  `flag` bit(1) NOT NULL,
  `status` bit(1) NOT NULL,
  `updateTime` varchar(255) NOT NULL,
  `fk_role_id` bigint(20) DEFAULT NULL,
  `fk_user_id` bigint(20) DEFAULT NULL,
  PRIMARY KEY (`id`),
  UNIQUE KEY `id` (`id`),
  UNIQUE KEY `fk_role_id` (`fk_role_id`,`fk_user_id`),
  KEY `FK65D85B02AEB27F0A` (`fk_role_id`),
  KEY `FK65D85B0253DD42EA` (`fk_user_id`),
  CONSTRAINT `FK65D85B0253DD42EA` FOREIGN KEY (`fk_user_id`) REFERENCES `sys_user` (`id`),
  CONSTRAINT `FK65D85B02AEB27F0A` FOREIGN KEY (`fk_role_id`) REFERENCES `sys_role` (`id`)
) ENGINE=InnoDB DEFAULT CHARSET=utf8;

--
-- Dumping data for table `sys_role_user`
--

/*!40000 ALTER TABLE `sys_role_user` DISABLE KEYS */;
INSERT INTO `sys_role_user` (`id`,`createTime`,`flag`,`status`,`updateTime`,`fk_role_id`,`fk_user_id`) VALUES 
 (201209000001,'2012-09-15 16:28:39',0x01,0x01,'2012-09-15 16:28:39',201209000002,201209000001),
 (201209000002,'2012-09-15 16:28:49',0x01,0x01,'2012-09-15 16:28:49',201209000003,201209000005);
/*!40000 ALTER TABLE `sys_role_user` ENABLE KEYS */;


--
-- Definition of table `sys_user`
--

DROP TABLE IF EXISTS `sys_user`;
CREATE TABLE `sys_user` (
  `id` bigint(20) NOT NULL,
  `createTime` varchar(255) NOT NULL,
  `flag` bit(1) NOT NULL,
  `status` bit(1) NOT NULL,
  `updateTime` varchar(255) NOT NULL,
  `password` varchar(255) NOT NULL,
  `username` varchar(255) NOT NULL,
  `fk_employee_id` bigint(20) DEFAULT NULL,
  PRIMARY KEY (`id`),
  UNIQUE KEY `id` (`id`),
  UNIQUE KEY `username` (`username`),
  KEY `FK74A81DFD4FB4DAC1` (`fk_employee_id`),
  CONSTRAINT `FK74A81DFD4FB4DAC1` FOREIGN KEY (`fk_employee_id`) REFERENCES `base_employee` (`id`)
) ENGINE=InnoDB DEFAULT CHARSET=utf8;

--
-- Dumping data for table `sys_user`
--

/*!40000 ALTER TABLE `sys_user` DISABLE KEYS */;
INSERT INTO `sys_user` (`id`,`createTime`,`flag`,`status`,`updateTime`,`password`,`username`,`fk_employee_id`) VALUES 
 (201209000001,'2012-09-06 21:54:01',0x01,0x01,'2012-09-15 16:28:39','ac386807446b3fa23ae7e0a03705307a','admin',201209000001),
 (201209000005,'2012-09-15 16:12:14',0x01,0x01,'2012-09-15 16:28:49','32af94fb6210904b1e39c46512bf6fb2','LML',201209000005);
/*!40000 ALTER TABLE `sys_user` ENABLE KEYS */;


--
-- Definition of table `xm_buy_order`
--

DROP TABLE IF EXISTS `xm_buy_order`;
CREATE TABLE `xm_buy_order` (
  `id` bigint(20) NOT NULL,
  `createTime` varchar(255) NOT NULL,
  `flag` bit(1) NOT NULL,
  `status` bit(1) NOT NULL,
  `updateTime` varchar(255) NOT NULL,
  `addId` bigint(20) DEFAULT NULL,
  `addName` varchar(255) DEFAULT NULL,
  `address` varchar(255) NOT NULL,
  `auditId` bigint(20) DEFAULT NULL,
  `auditName` varchar(255) DEFAULT NULL,
  `auditStatus` varchar(255) DEFAULT NULL,
  `contractStatus` varchar(255) DEFAULT NULL,
  `fax` varchar(255) DEFAULT NULL,
  `followId` bigint(20) DEFAULT NULL,
  `followName` varchar(255) DEFAULT NULL,
  `grade` varchar(255) DEFAULT NULL,
  `linkman` varchar(255) DEFAULT NULL,
  `mobile` varchar(255) DEFAULT NULL,
  `name` varchar(255) NOT NULL,
  `payfor` decimal(22,2) DEFAULT NULL,
  `phone` varchar(255) DEFAULT NULL,
  `postcode` varchar(255) DEFAULT NULL,
  `priceStatus` varchar(255) DEFAULT NULL,
  `signStatus` varchar(255) DEFAULT NULL,
  `deliver` varchar(255) DEFAULT NULL,
  `fk_payment_id` bigint(20) DEFAULT NULL,
  `fk_ticket_id` bigint(20) DEFAULT NULL,
  `fk_order_id` bigint(20) DEFAULT NULL,
  PRIMARY KEY (`id`),
  UNIQUE KEY `id` (`id`),
  KEY `FK8D42878B62A31BEE` (`fk_payment_id`),
  KEY `FK8D42878B718F8674` (`fk_ticket_id`),
  KEY `FK8D42878B30245899` (`fk_order_id`),
  CONSTRAINT `FK8D42878B30245899` FOREIGN KEY (`fk_order_id`) REFERENCES `xm_sell_order` (`id`),
  CONSTRAINT `FK8D42878B62A31BEE` FOREIGN KEY (`fk_payment_id`) REFERENCES `sys_dict` (`id`),
  CONSTRAINT `FK8D42878B718F8674` FOREIGN KEY (`fk_ticket_id`) REFERENCES `sys_dict` (`id`)
) ENGINE=InnoDB DEFAULT CHARSET=utf8;

--
-- Dumping data for table `xm_buy_order`
--

/*!40000 ALTER TABLE `xm_buy_order` DISABLE KEYS */;
/*!40000 ALTER TABLE `xm_buy_order` ENABLE KEYS */;


--
-- Definition of table `xm_buy_order_list`
--

DROP TABLE IF EXISTS `xm_buy_order_list`;
CREATE TABLE `xm_buy_order_list` (
  `id` bigint(20) NOT NULL,
  `createTime` varchar(255) NOT NULL,
  `flag` bit(1) NOT NULL,
  `status` bit(1) NOT NULL,
  `updateTime` varchar(255) NOT NULL,
  `amount` int(11) DEFAULT NULL,
  `mateId` bigint(20) DEFAULT NULL,
  `mateName` varchar(255) DEFAULT NULL,
  `price` decimal(22,2) DEFAULT NULL,
  `unit` varchar(255) DEFAULT NULL,
  `fk_order_id` bigint(20) DEFAULT NULL,
  PRIMARY KEY (`id`),
  UNIQUE KEY `id` (`id`),
  KEY `FKBCD8E0D2F34483D7` (`fk_order_id`),
  CONSTRAINT `FKBCD8E0D2F34483D7` FOREIGN KEY (`fk_order_id`) REFERENCES `xm_buy_order` (`id`)
) ENGINE=InnoDB DEFAULT CHARSET=utf8;

--
-- Dumping data for table `xm_buy_order_list`
--

/*!40000 ALTER TABLE `xm_buy_order_list` DISABLE KEYS */;
/*!40000 ALTER TABLE `xm_buy_order_list` ENABLE KEYS */;


--
-- Definition of table `xm_buy_price`
--

DROP TABLE IF EXISTS `xm_buy_price`;
CREATE TABLE `xm_buy_price` (
  `id` bigint(20) NOT NULL,
  `createTime` varchar(255) NOT NULL,
  `flag` bit(1) NOT NULL,
  `status` bit(1) NOT NULL,
  `updateTime` varchar(255) NOT NULL,
  `state` varchar(255) DEFAULT NULL,
  `tellId` bigint(20) DEFAULT NULL,
  `tellName` varchar(255) DEFAULT NULL,
  `title` varchar(255) DEFAULT NULL,
  `fk_mode_id` bigint(20) DEFAULT NULL,
  `fk_order_id` bigint(20) DEFAULT NULL,
  PRIMARY KEY (`id`),
  UNIQUE KEY `id` (`id`),
  KEY `FK8D50B186A5BC25FD` (`fk_mode_id`),
  KEY `FK8D50B18630245899` (`fk_order_id`),
  CONSTRAINT `FK8D50B18630245899` FOREIGN KEY (`fk_order_id`) REFERENCES `xm_sell_order` (`id`),
  CONSTRAINT `FK8D50B186A5BC25FD` FOREIGN KEY (`fk_mode_id`) REFERENCES `sys_dict` (`id`)
) ENGINE=InnoDB DEFAULT CHARSET=utf8;

--
-- Dumping data for table `xm_buy_price`
--

/*!40000 ALTER TABLE `xm_buy_price` DISABLE KEYS */;
/*!40000 ALTER TABLE `xm_buy_price` ENABLE KEYS */;


--
-- Definition of table `xm_buy_price_list`
--

DROP TABLE IF EXISTS `xm_buy_price_list`;
CREATE TABLE `xm_buy_price_list` (
  `id` bigint(20) NOT NULL,
  `createTime` varchar(255) NOT NULL,
  `flag` bit(1) NOT NULL,
  `status` bit(1) NOT NULL,
  `updateTime` varchar(255) NOT NULL,
  `amount` int(11) DEFAULT NULL,
  `mateId` bigint(20) DEFAULT NULL,
  `mateName` varchar(255) DEFAULT NULL,
  `price` decimal(22,2) DEFAULT NULL,
  `unit` varchar(255) DEFAULT NULL,
  `fk_order_id` bigint(20) DEFAULT NULL,
  PRIMARY KEY (`id`),
  UNIQUE KEY `id` (`id`),
  KEY `FK388CBBB7F352ADD2` (`fk_order_id`),
  CONSTRAINT `FK388CBBB7F352ADD2` FOREIGN KEY (`fk_order_id`) REFERENCES `xm_buy_price` (`id`)
) ENGINE=InnoDB DEFAULT CHARSET=utf8;

--
-- Dumping data for table `xm_buy_price_list`
--

/*!40000 ALTER TABLE `xm_buy_price_list` DISABLE KEYS */;
/*!40000 ALTER TABLE `xm_buy_price_list` ENABLE KEYS */;


--
-- Definition of table `xm_material_enter`
--

DROP TABLE IF EXISTS `xm_material_enter`;
CREATE TABLE `xm_material_enter` (
  `id` bigint(20) NOT NULL,
  `createTime` varchar(255) NOT NULL,
  `flag` bit(1) NOT NULL,
  `status` bit(1) NOT NULL,
  `updateTime` varchar(255) NOT NULL,
  `fk_store_id` bigint(20) DEFAULT NULL,
  `fk_order_id` bigint(20) DEFAULT NULL,
  `fk_user_id` bigint(20) DEFAULT NULL,
  PRIMARY KEY (`id`),
  UNIQUE KEY `id` (`id`),
  KEY `FKE70E0C4A777AEB6B` (`fk_store_id`),
  KEY `FKE70E0C4A53DD42EA` (`fk_user_id`),
  KEY `FKE70E0C4AF34483D7` (`fk_order_id`),
  CONSTRAINT `FKE70E0C4A53DD42EA` FOREIGN KEY (`fk_user_id`) REFERENCES `sys_user` (`id`),
  CONSTRAINT `FKE70E0C4A777AEB6B` FOREIGN KEY (`fk_store_id`) REFERENCES `base_store` (`id`),
  CONSTRAINT `FKE70E0C4AF34483D7` FOREIGN KEY (`fk_order_id`) REFERENCES `xm_buy_order` (`id`)
) ENGINE=InnoDB DEFAULT CHARSET=utf8;

--
-- Dumping data for table `xm_material_enter`
--

/*!40000 ALTER TABLE `xm_material_enter` DISABLE KEYS */;
/*!40000 ALTER TABLE `xm_material_enter` ENABLE KEYS */;


--
-- Definition of table `xm_material_enter_list`
--

DROP TABLE IF EXISTS `xm_material_enter_list`;
CREATE TABLE `xm_material_enter_list` (
  `id` bigint(20) NOT NULL,
  `createTime` varchar(255) NOT NULL,
  `flag` bit(1) NOT NULL,
  `status` bit(1) NOT NULL,
  `updateTime` varchar(255) NOT NULL,
  `amount` int(11) DEFAULT NULL,
  `mateId` bigint(20) DEFAULT NULL,
  `mateName` varchar(255) DEFAULT NULL,
  `price` decimal(12,2) DEFAULT NULL,
  `unit` varchar(255) DEFAULT NULL,
  `fk_enter_id` bigint(20) DEFAULT NULL,
  PRIMARY KEY (`id`),
  UNIQUE KEY `id` (`id`),
  KEY `FK4F8D7B73BD58D824` (`fk_enter_id`),
  CONSTRAINT `FK4F8D7B73BD58D824` FOREIGN KEY (`fk_enter_id`) REFERENCES `xm_material_enter` (`id`)
) ENGINE=InnoDB DEFAULT CHARSET=utf8;

--
-- Dumping data for table `xm_material_enter_list`
--

/*!40000 ALTER TABLE `xm_material_enter_list` DISABLE KEYS */;
/*!40000 ALTER TABLE `xm_material_enter_list` ENABLE KEYS */;


--
-- Definition of table `xm_material_return`
--

DROP TABLE IF EXISTS `xm_material_return`;
CREATE TABLE `xm_material_return` (
  `id` bigint(20) NOT NULL,
  `createTime` varchar(255) NOT NULL,
  `flag` bit(1) NOT NULL,
  `status` bit(1) NOT NULL,
  `updateTime` varchar(255) NOT NULL,
  `addId` bigint(20) DEFAULT NULL,
  `addName` varchar(255) DEFAULT NULL,
  `address` varchar(255) NOT NULL,
  `auditId` bigint(20) DEFAULT NULL,
  `auditName` varchar(255) DEFAULT NULL,
  `auditStatus` varchar(255) DEFAULT NULL,
  `contractStatus` varchar(255) DEFAULT NULL,
  `fax` varchar(255) DEFAULT NULL,
  `followId` bigint(20) DEFAULT NULL,
  `followName` varchar(255) DEFAULT NULL,
  `grade` varchar(255) DEFAULT NULL,
  `linkman` varchar(255) DEFAULT NULL,
  `mobile` varchar(255) DEFAULT NULL,
  `name` varchar(255) NOT NULL,
  `payfor` decimal(22,2) DEFAULT NULL,
  `phone` varchar(255) DEFAULT NULL,
  `postcode` varchar(255) DEFAULT NULL,
  `priceStatus` varchar(255) DEFAULT NULL,
  `signStatus` varchar(255) DEFAULT NULL,
  `cause` varchar(255) DEFAULT NULL,
  `fk_payment_id` bigint(20) DEFAULT NULL,
  `fk_ticket_id` bigint(20) DEFAULT NULL,
  `fk_order_id` bigint(20) DEFAULT NULL,
  PRIMARY KEY (`id`),
  UNIQUE KEY `id` (`id`),
  KEY `FK1063E5FE62A31BEE` (`fk_payment_id`),
  KEY `FK1063E5FE718F8674` (`fk_ticket_id`),
  KEY `FK1063E5FEF34483D7` (`fk_order_id`),
  CONSTRAINT `FK1063E5FE62A31BEE` FOREIGN KEY (`fk_payment_id`) REFERENCES `sys_dict` (`id`),
  CONSTRAINT `FK1063E5FE718F8674` FOREIGN KEY (`fk_ticket_id`) REFERENCES `sys_dict` (`id`),
  CONSTRAINT `FK1063E5FEF34483D7` FOREIGN KEY (`fk_order_id`) REFERENCES `xm_buy_order` (`id`)
) ENGINE=InnoDB DEFAULT CHARSET=utf8;

--
-- Dumping data for table `xm_material_return`
--

/*!40000 ALTER TABLE `xm_material_return` DISABLE KEYS */;
/*!40000 ALTER TABLE `xm_material_return` ENABLE KEYS */;


--
-- Definition of table `xm_material_return_list`
--

DROP TABLE IF EXISTS `xm_material_return_list`;
CREATE TABLE `xm_material_return_list` (
  `id` bigint(20) NOT NULL,
  `createTime` varchar(255) NOT NULL,
  `flag` bit(1) NOT NULL,
  `status` bit(1) NOT NULL,
  `updateTime` varchar(255) NOT NULL,
  `amount` int(11) DEFAULT NULL,
  `mateId` bigint(20) DEFAULT NULL,
  `mateName` varchar(255) DEFAULT NULL,
  `price` decimal(12,2) DEFAULT NULL,
  `unit` varchar(255) DEFAULT NULL,
  `fk_untread_id` bigint(20) DEFAULT NULL,
  PRIMARY KEY (`id`),
  UNIQUE KEY `id` (`id`),
  KEY `FK321F923F70ABCEC3` (`fk_untread_id`),
  CONSTRAINT `FK321F923F70ABCEC3` FOREIGN KEY (`fk_untread_id`) REFERENCES `xm_material_return` (`id`)
) ENGINE=InnoDB DEFAULT CHARSET=utf8;

--
-- Dumping data for table `xm_material_return_list`
--

/*!40000 ALTER TABLE `xm_material_return_list` DISABLE KEYS */;
/*!40000 ALTER TABLE `xm_material_return_list` ENABLE KEYS */;


--
-- Definition of table `xm_order_follow`
--

DROP TABLE IF EXISTS `xm_order_follow`;
CREATE TABLE `xm_order_follow` (
  `id` bigint(20) NOT NULL,
  `createTime` varchar(255) NOT NULL,
  `flag` bit(1) NOT NULL,
  `status` bit(1) NOT NULL,
  `updateTime` varchar(255) NOT NULL,
  `context` varchar(255) NOT NULL,
  `dataId` bigint(20) NOT NULL,
  `sort` varchar(255) DEFAULT NULL,
  PRIMARY KEY (`id`),
  UNIQUE KEY `id` (`id`)
) ENGINE=InnoDB DEFAULT CHARSET=utf8;

--
-- Dumping data for table `xm_order_follow`
--

/*!40000 ALTER TABLE `xm_order_follow` DISABLE KEYS */;
/*!40000 ALTER TABLE `xm_order_follow` ENABLE KEYS */;


--
-- Definition of table `xm_product_enter`
--

DROP TABLE IF EXISTS `xm_product_enter`;
CREATE TABLE `xm_product_enter` (
  `id` bigint(20) NOT NULL,
  `createTime` varchar(255) NOT NULL,
  `flag` bit(1) NOT NULL,
  `status` bit(1) NOT NULL,
  `updateTime` varchar(255) NOT NULL,
  `fk_store_id` bigint(20) DEFAULT NULL,
  `fk_order_id` bigint(20) DEFAULT NULL,
  `fk_user_id` bigint(20) DEFAULT NULL,
  PRIMARY KEY (`id`),
  UNIQUE KEY `id` (`id`),
  KEY `FK21EF97BE777AEB6B` (`fk_store_id`),
  KEY `FK21EF97BE53DD42EA` (`fk_user_id`),
  KEY `FK21EF97BE30245899` (`fk_order_id`),
  CONSTRAINT `FK21EF97BE30245899` FOREIGN KEY (`fk_order_id`) REFERENCES `xm_sell_order` (`id`),
  CONSTRAINT `FK21EF97BE53DD42EA` FOREIGN KEY (`fk_user_id`) REFERENCES `sys_user` (`id`),
  CONSTRAINT `FK21EF97BE777AEB6B` FOREIGN KEY (`fk_store_id`) REFERENCES `base_store` (`id`)
) ENGINE=InnoDB DEFAULT CHARSET=utf8;

--
-- Dumping data for table `xm_product_enter`
--

/*!40000 ALTER TABLE `xm_product_enter` DISABLE KEYS */;
/*!40000 ALTER TABLE `xm_product_enter` ENABLE KEYS */;


--
-- Definition of table `xm_product_enter_list`
--

DROP TABLE IF EXISTS `xm_product_enter_list`;
CREATE TABLE `xm_product_enter_list` (
  `id` bigint(20) NOT NULL,
  `createTime` varchar(255) NOT NULL,
  `flag` bit(1) NOT NULL,
  `status` bit(1) NOT NULL,
  `updateTime` varchar(255) NOT NULL,
  `amount` int(11) DEFAULT NULL,
  `price` decimal(22,2) DEFAULT NULL,
  `proId` bigint(20) DEFAULT NULL,
  `proName` varchar(255) DEFAULT NULL,
  `unit` varchar(255) DEFAULT NULL,
  `fk_enter_id` bigint(20) DEFAULT NULL,
  PRIMARY KEY (`id`),
  UNIQUE KEY `id` (`id`),
  KEY `FKB0DCF87F6AF83E4E` (`fk_enter_id`),
  CONSTRAINT `FKB0DCF87F6AF83E4E` FOREIGN KEY (`fk_enter_id`) REFERENCES `xm_product_enter` (`id`)
) ENGINE=InnoDB DEFAULT CHARSET=utf8;

--
-- Dumping data for table `xm_product_enter_list`
--

/*!40000 ALTER TABLE `xm_product_enter_list` DISABLE KEYS */;
/*!40000 ALTER TABLE `xm_product_enter_list` ENABLE KEYS */;


--
-- Definition of table `xm_product_out`
--

DROP TABLE IF EXISTS `xm_product_out`;
CREATE TABLE `xm_product_out` (
  `id` bigint(20) NOT NULL,
  `createTime` varchar(255) NOT NULL,
  `flag` bit(1) NOT NULL,
  `status` bit(1) NOT NULL,
  `updateTime` varchar(255) NOT NULL,
  `fk_store_id` bigint(20) DEFAULT NULL,
  `fk_order_id` bigint(20) DEFAULT NULL,
  `fk_user_id` bigint(20) DEFAULT NULL,
  PRIMARY KEY (`id`),
  UNIQUE KEY `id` (`id`),
  KEY `FKEFC941B4777AEB6B` (`fk_store_id`),
  KEY `FKEFC941B453DD42EA` (`fk_user_id`),
  KEY `FKEFC941B430245899` (`fk_order_id`),
  CONSTRAINT `FKEFC941B430245899` FOREIGN KEY (`fk_order_id`) REFERENCES `xm_sell_order` (`id`),
  CONSTRAINT `FKEFC941B453DD42EA` FOREIGN KEY (`fk_user_id`) REFERENCES `sys_user` (`id`),
  CONSTRAINT `FKEFC941B4777AEB6B` FOREIGN KEY (`fk_store_id`) REFERENCES `base_store` (`id`)
) ENGINE=InnoDB DEFAULT CHARSET=utf8;

--
-- Dumping data for table `xm_product_out`
--

/*!40000 ALTER TABLE `xm_product_out` DISABLE KEYS */;
/*!40000 ALTER TABLE `xm_product_out` ENABLE KEYS */;


--
-- Definition of table `xm_product_out_list`
--

DROP TABLE IF EXISTS `xm_product_out_list`;
CREATE TABLE `xm_product_out_list` (
  `id` bigint(20) NOT NULL,
  `createTime` varchar(255) NOT NULL,
  `flag` bit(1) NOT NULL,
  `status` bit(1) NOT NULL,
  `updateTime` varchar(255) NOT NULL,
  `amount` int(11) DEFAULT NULL,
  `price` decimal(22,2) DEFAULT NULL,
  `proId` bigint(20) DEFAULT NULL,
  `proName` varchar(255) DEFAULT NULL,
  `unit` varchar(255) DEFAULT NULL,
  `fk_out_id` bigint(20) DEFAULT NULL,
  PRIMARY KEY (`id`),
  UNIQUE KEY `id` (`id`),
  KEY `FKA96D18495716B78E` (`fk_out_id`),
  CONSTRAINT `FKA96D18495716B78E` FOREIGN KEY (`fk_out_id`) REFERENCES `xm_product_out` (`id`)
) ENGINE=InnoDB DEFAULT CHARSET=utf8;

--
-- Dumping data for table `xm_product_out_list`
--

/*!40000 ALTER TABLE `xm_product_out_list` DISABLE KEYS */;
/*!40000 ALTER TABLE `xm_product_out_list` ENABLE KEYS */;


--
-- Definition of table `xm_product_return`
--

DROP TABLE IF EXISTS `xm_product_return`;
CREATE TABLE `xm_product_return` (
  `id` bigint(20) NOT NULL,
  `createTime` varchar(255) NOT NULL,
  `flag` bit(1) NOT NULL,
  `status` bit(1) NOT NULL,
  `updateTime` varchar(255) NOT NULL,
  `addId` bigint(20) DEFAULT NULL,
  `addName` varchar(255) DEFAULT NULL,
  `address` varchar(255) NOT NULL,
  `auditId` bigint(20) DEFAULT NULL,
  `auditName` varchar(255) DEFAULT NULL,
  `auditStatus` varchar(255) DEFAULT NULL,
  `contractStatus` varchar(255) DEFAULT NULL,
  `fax` varchar(255) DEFAULT NULL,
  `followId` bigint(20) DEFAULT NULL,
  `followName` varchar(255) DEFAULT NULL,
  `grade` varchar(255) DEFAULT NULL,
  `linkman` varchar(255) DEFAULT NULL,
  `mobile` varchar(255) DEFAULT NULL,
  `name` varchar(255) NOT NULL,
  `payfor` decimal(22,2) DEFAULT NULL,
  `phone` varchar(255) DEFAULT NULL,
  `postcode` varchar(255) DEFAULT NULL,
  `priceStatus` varchar(255) DEFAULT NULL,
  `signStatus` varchar(255) DEFAULT NULL,
  `cause` varchar(255) DEFAULT NULL,
  `fk_payment_id` bigint(20) DEFAULT NULL,
  `fk_ticket_id` bigint(20) DEFAULT NULL,
  `fk_store_id` bigint(20) DEFAULT NULL,
  `fk_order_id` bigint(20) DEFAULT NULL,
  PRIMARY KEY (`id`),
  UNIQUE KEY `id` (`id`),
  KEY `FK31B3C90A777AEB6B` (`fk_store_id`),
  KEY `FK31B3C90A62A31BEE` (`fk_payment_id`),
  KEY `FK31B3C90A718F8674` (`fk_ticket_id`),
  KEY `FK31B3C90A30245899` (`fk_order_id`),
  CONSTRAINT `FK31B3C90A30245899` FOREIGN KEY (`fk_order_id`) REFERENCES `xm_sell_order` (`id`),
  CONSTRAINT `FK31B3C90A62A31BEE` FOREIGN KEY (`fk_payment_id`) REFERENCES `sys_dict` (`id`),
  CONSTRAINT `FK31B3C90A718F8674` FOREIGN KEY (`fk_ticket_id`) REFERENCES `sys_dict` (`id`),
  CONSTRAINT `FK31B3C90A777AEB6B` FOREIGN KEY (`fk_store_id`) REFERENCES `base_store` (`id`)
) ENGINE=InnoDB DEFAULT CHARSET=utf8;

--
-- Dumping data for table `xm_product_return`
--

/*!40000 ALTER TABLE `xm_product_return` DISABLE KEYS */;
/*!40000 ALTER TABLE `xm_product_return` ENABLE KEYS */;


--
-- Definition of table `xm_product_return_list`
--

DROP TABLE IF EXISTS `xm_product_return_list`;
CREATE TABLE `xm_product_return_list` (
  `id` bigint(20) NOT NULL,
  `createTime` varchar(255) NOT NULL,
  `flag` bit(1) NOT NULL,
  `status` bit(1) NOT NULL,
  `updateTime` varchar(255) NOT NULL,
  `amount` int(11) DEFAULT NULL,
  `price` decimal(22,2) DEFAULT NULL,
  `proId` bigint(20) DEFAULT NULL,
  `proName` varchar(255) DEFAULT NULL,
  `unit` varchar(255) DEFAULT NULL,
  `fk_untread_id` bigint(20) DEFAULT NULL,
  PRIMARY KEY (`id`),
  UNIQUE KEY `id` (`id`),
  KEY `FKFABFB6B376F92DD9` (`fk_untread_id`),
  CONSTRAINT `FKFABFB6B376F92DD9` FOREIGN KEY (`fk_untread_id`) REFERENCES `xm_product_return` (`id`)
) ENGINE=InnoDB DEFAULT CHARSET=utf8;

--
-- Dumping data for table `xm_product_return_list`
--

/*!40000 ALTER TABLE `xm_product_return_list` DISABLE KEYS */;
/*!40000 ALTER TABLE `xm_product_return_list` ENABLE KEYS */;


--
-- Definition of table `xm_sell_order`
--

DROP TABLE IF EXISTS `xm_sell_order`;
CREATE TABLE `xm_sell_order` (
  `id` bigint(20) NOT NULL,
  `createTime` varchar(255) NOT NULL,
  `flag` bit(1) NOT NULL,
  `status` bit(1) NOT NULL,
  `updateTime` varchar(255) NOT NULL,
  `addId` bigint(20) DEFAULT NULL,
  `addName` varchar(255) DEFAULT NULL,
  `address` varchar(255) NOT NULL,
  `auditId` bigint(20) DEFAULT NULL,
  `auditName` varchar(255) DEFAULT NULL,
  `auditStatus` varchar(255) DEFAULT NULL,
  `contractStatus` varchar(255) DEFAULT NULL,
  `fax` varchar(255) DEFAULT NULL,
  `followId` bigint(20) DEFAULT NULL,
  `followName` varchar(255) DEFAULT NULL,
  `grade` varchar(255) DEFAULT NULL,
  `linkman` varchar(255) DEFAULT NULL,
  `mobile` varchar(255) DEFAULT NULL,
  `name` varchar(255) NOT NULL,
  `payfor` decimal(22,2) DEFAULT NULL,
  `phone` varchar(255) DEFAULT NULL,
  `postcode` varchar(255) DEFAULT NULL,
  `priceStatus` varchar(255) DEFAULT NULL,
  `signStatus` varchar(255) DEFAULT NULL,
  `deliver` varchar(255) DEFAULT NULL,
  `fk_payment_id` bigint(20) DEFAULT NULL,
  `fk_ticket_id` bigint(20) DEFAULT NULL,
  `fk_sort_id` bigint(20) DEFAULT NULL,
  PRIMARY KEY (`id`),
  UNIQUE KEY `id` (`id`),
  KEY `FK5D783FABE3EDA422` (`fk_sort_id`),
  KEY `FK5D783FAB62A31BEE` (`fk_payment_id`),
  KEY `FK5D783FAB718F8674` (`fk_ticket_id`),
  CONSTRAINT `FK5D783FAB62A31BEE` FOREIGN KEY (`fk_payment_id`) REFERENCES `sys_dict` (`id`),
  CONSTRAINT `FK5D783FAB718F8674` FOREIGN KEY (`fk_ticket_id`) REFERENCES `sys_dict` (`id`),
  CONSTRAINT `FK5D783FABE3EDA422` FOREIGN KEY (`fk_sort_id`) REFERENCES `sys_dict` (`id`)
) ENGINE=InnoDB DEFAULT CHARSET=utf8;

--
-- Dumping data for table `xm_sell_order`
--

/*!40000 ALTER TABLE `xm_sell_order` DISABLE KEYS */;
/*!40000 ALTER TABLE `xm_sell_order` ENABLE KEYS */;


--
-- Definition of table `xm_sell_order_list`
--

DROP TABLE IF EXISTS `xm_sell_order_list`;
CREATE TABLE `xm_sell_order_list` (
  `id` bigint(20) NOT NULL,
  `createTime` varchar(255) NOT NULL,
  `flag` bit(1) NOT NULL,
  `status` bit(1) NOT NULL,
  `updateTime` varchar(255) NOT NULL,
  `amount` int(11) DEFAULT NULL,
  `price` decimal(22,2) DEFAULT NULL,
  `proId` bigint(20) DEFAULT NULL,
  `proName` varchar(255) DEFAULT NULL,
  `unit` varchar(255) DEFAULT NULL,
  `fk_order_id` bigint(20) DEFAULT NULL,
  PRIMARY KEY (`id`),
  UNIQUE KEY `id` (`id`),
  KEY `FKF8113CB230245899` (`fk_order_id`),
  CONSTRAINT `FKF8113CB230245899` FOREIGN KEY (`fk_order_id`) REFERENCES `xm_sell_order` (`id`)
) ENGINE=InnoDB DEFAULT CHARSET=utf8;

--
-- Dumping data for table `xm_sell_order_list`
--

/*!40000 ALTER TABLE `xm_sell_order_list` DISABLE KEYS */;
/*!40000 ALTER TABLE `xm_sell_order_list` ENABLE KEYS */;


--
-- Definition of table `xm_sell_price`
--

DROP TABLE IF EXISTS `xm_sell_price`;
CREATE TABLE `xm_sell_price` (
  `id` bigint(20) NOT NULL,
  `createTime` varchar(255) NOT NULL,
  `flag` bit(1) NOT NULL,
  `status` bit(1) NOT NULL,
  `updateTime` varchar(255) NOT NULL,
  `state` varchar(255) DEFAULT NULL,
  `tellId` bigint(20) DEFAULT NULL,
  `tellName` varchar(255) DEFAULT NULL,
  `title` varchar(255) DEFAULT NULL,
  `fk_mode_id` bigint(20) DEFAULT NULL,
  `fk_order_id` bigint(20) DEFAULT NULL,
  PRIMARY KEY (`id`),
  UNIQUE KEY `id` (`id`),
  KEY `FK5D8669A6A5BC25FD` (`fk_mode_id`),
  KEY `FK5D8669A630245899` (`fk_order_id`),
  CONSTRAINT `FK5D8669A630245899` FOREIGN KEY (`fk_order_id`) REFERENCES `xm_sell_order` (`id`),
  CONSTRAINT `FK5D8669A6A5BC25FD` FOREIGN KEY (`fk_mode_id`) REFERENCES `sys_dict` (`id`)
) ENGINE=InnoDB DEFAULT CHARSET=utf8;

--
-- Dumping data for table `xm_sell_price`
--

/*!40000 ALTER TABLE `xm_sell_price` DISABLE KEYS */;
/*!40000 ALTER TABLE `xm_sell_price` ENABLE KEYS */;


--
-- Definition of table `xm_sell_price_list`
--

DROP TABLE IF EXISTS `xm_sell_price_list`;
CREATE TABLE `xm_sell_price_list` (
  `id` bigint(20) NOT NULL,
  `createTime` varchar(255) NOT NULL,
  `flag` bit(1) NOT NULL,
  `status` bit(1) NOT NULL,
  `updateTime` varchar(255) NOT NULL,
  `amount` int(11) DEFAULT NULL,
  `price` decimal(22,2) DEFAULT NULL,
  `proId` bigint(20) DEFAULT NULL,
  `proName` varchar(255) DEFAULT NULL,
  `unit` varchar(255) DEFAULT NULL,
  `fk_order_id` bigint(20) DEFAULT NULL,
  PRIMARY KEY (`id`),
  UNIQUE KEY `id` (`id`),
  KEY `FK73C5179730328294` (`fk_order_id`),
  CONSTRAINT `FK73C5179730328294` FOREIGN KEY (`fk_order_id`) REFERENCES `xm_sell_price` (`id`)
) ENGINE=InnoDB DEFAULT CHARSET=utf8;

--
-- Dumping data for table `xm_sell_price_list`
--

/*!40000 ALTER TABLE `xm_sell_price_list` DISABLE KEYS */;
/*!40000 ALTER TABLE `xm_sell_price_list` ENABLE KEYS */;


--
-- Definition of table `xm_store_check`
--

DROP TABLE IF EXISTS `xm_store_check`;
CREATE TABLE `xm_store_check` (
  `id` bigint(20) NOT NULL,
  `createTime` varchar(255) NOT NULL,
  `flag` bit(1) NOT NULL,
  `status` bit(1) NOT NULL,
  `updateTime` varchar(255) NOT NULL,
  `sort` varchar(255) DEFAULT NULL,
  `storeId` bigint(20) DEFAULT NULL,
  `storeName` varchar(255) DEFAULT NULL,
  `fk_employee_id` bigint(20) DEFAULT NULL,
  PRIMARY KEY (`id`),
  UNIQUE KEY `id` (`id`),
  KEY `FKEF37F9E04FB4DAC1` (`fk_employee_id`),
  CONSTRAINT `FKEF37F9E04FB4DAC1` FOREIGN KEY (`fk_employee_id`) REFERENCES `base_employee` (`id`)
) ENGINE=InnoDB DEFAULT CHARSET=utf8;

--
-- Dumping data for table `xm_store_check`
--

/*!40000 ALTER TABLE `xm_store_check` DISABLE KEYS */;
/*!40000 ALTER TABLE `xm_store_check` ENABLE KEYS */;


--
-- Definition of table `xm_store_check_list`
--

DROP TABLE IF EXISTS `xm_store_check_list`;
CREATE TABLE `xm_store_check_list` (
  `id` bigint(20) NOT NULL,
  `createTime` varchar(255) NOT NULL,
  `flag` bit(1) NOT NULL,
  `status` bit(1) NOT NULL,
  `updateTime` varchar(255) NOT NULL,
  `destAmount` int(11) DEFAULT NULL,
  `proId` bigint(20) DEFAULT NULL,
  `proName` varchar(255) DEFAULT NULL,
  `srcAmount` int(11) DEFAULT NULL,
  `unit` varchar(255) DEFAULT NULL,
  `fk_check_id` bigint(20) DEFAULT NULL,
  PRIMARY KEY (`id`),
  UNIQUE KEY `id` (`id`),
  KEY `FK65869B9DEEC79DC` (`fk_check_id`),
  CONSTRAINT `FK65869B9DEEC79DC` FOREIGN KEY (`fk_check_id`) REFERENCES `xm_store_check` (`id`)
) ENGINE=InnoDB DEFAULT CHARSET=utf8;

--
-- Dumping data for table `xm_store_check_list`
--

/*!40000 ALTER TABLE `xm_store_check_list` DISABLE KEYS */;
/*!40000 ALTER TABLE `xm_store_check_list` ENABLE KEYS */;


--
-- Definition of table `xm_store_move`
--

DROP TABLE IF EXISTS `xm_store_move`;
CREATE TABLE `xm_store_move` (
  `id` bigint(20) NOT NULL,
  `createTime` varchar(255) NOT NULL,
  `flag` bit(1) NOT NULL,
  `status` bit(1) NOT NULL,
  `updateTime` varchar(255) NOT NULL,
  `destId` bigint(20) DEFAULT NULL,
  `destName` varchar(255) DEFAULT NULL,
  `sort` varchar(255) DEFAULT NULL,
  `srcId` bigint(20) DEFAULT NULL,
  `srcName` varchar(255) DEFAULT NULL,
  `fk_employee_id` bigint(20) DEFAULT NULL,
  PRIMARY KEY (`id`),
  UNIQUE KEY `id` (`id`),
  KEY `FK8BDD2BF94FB4DAC1` (`fk_employee_id`),
  CONSTRAINT `FK8BDD2BF94FB4DAC1` FOREIGN KEY (`fk_employee_id`) REFERENCES `base_employee` (`id`)
) ENGINE=InnoDB DEFAULT CHARSET=utf8;

--
-- Dumping data for table `xm_store_move`
--

/*!40000 ALTER TABLE `xm_store_move` DISABLE KEYS */;
/*!40000 ALTER TABLE `xm_store_move` ENABLE KEYS */;


--
-- Definition of table `xm_store_move_list`
--

DROP TABLE IF EXISTS `xm_store_move_list`;
CREATE TABLE `xm_store_move_list` (
  `id` bigint(20) NOT NULL,
  `createTime` varchar(255) NOT NULL,
  `flag` bit(1) NOT NULL,
  `status` bit(1) NOT NULL,
  `updateTime` varchar(255) NOT NULL,
  `destAmount` int(11) DEFAULT NULL,
  `proId` bigint(20) DEFAULT NULL,
  `proName` varchar(255) DEFAULT NULL,
  `srcAmount` int(11) DEFAULT NULL,
  `unit` varchar(255) DEFAULT NULL,
  `fk_move_id` bigint(20) DEFAULT NULL,
  PRIMARY KEY (`id`),
  UNIQUE KEY `id` (`id`),
  KEY `FK64F9D124582EE2B8` (`fk_move_id`),
  CONSTRAINT `FK64F9D124582EE2B8` FOREIGN KEY (`fk_move_id`) REFERENCES `xm_store_move` (`id`)
) ENGINE=InnoDB DEFAULT CHARSET=utf8;

--
-- Dumping data for table `xm_store_move_list`
--

/*!40000 ALTER TABLE `xm_store_move_list` DISABLE KEYS */;
/*!40000 ALTER TABLE `xm_store_move_list` ENABLE KEYS */;


--
-- Definition of table `xm_visit_plan`
--

DROP TABLE IF EXISTS `xm_visit_plan`;
CREATE TABLE `xm_visit_plan` (
  `id` bigint(20) NOT NULL,
  `createTime` varchar(255) NOT NULL,
  `flag` bit(1) NOT NULL,
  `status` bit(1) NOT NULL,
  `updateTime` varchar(255) NOT NULL,
  `comId` bigint(20) DEFAULT NULL,
  `comName` bigint(20) DEFAULT NULL,
  `context` varchar(255) NOT NULL,
  `sort` varchar(255) DEFAULT NULL,
  `title` varchar(255) DEFAULT NULL,
  `fk_contact_id` bigint(20) DEFAULT NULL,
  `fk_employee_id` bigint(20) DEFAULT NULL,
  `fk_ploy_id` bigint(20) DEFAULT NULL,
  PRIMARY KEY (`id`),
  UNIQUE KEY `id` (`id`),
  KEY `FKE6CF5927AD6BB94` (`fk_contact_id`),
  KEY `FKE6CF59273FF467DA` (`fk_ploy_id`),
  KEY `FKE6CF59274FB4DAC1` (`fk_employee_id`),
  CONSTRAINT `FKE6CF59273FF467DA` FOREIGN KEY (`fk_ploy_id`) REFERENCES `sys_dict` (`id`),
  CONSTRAINT `FKE6CF59274FB4DAC1` FOREIGN KEY (`fk_employee_id`) REFERENCES `base_employee` (`id`),
  CONSTRAINT `FKE6CF5927AD6BB94` FOREIGN KEY (`fk_contact_id`) REFERENCES `sys_dict` (`id`)
) ENGINE=InnoDB DEFAULT CHARSET=utf8;

--
-- Dumping data for table `xm_visit_plan`
--

/*!40000 ALTER TABLE `xm_visit_plan` DISABLE KEYS */;
/*!40000 ALTER TABLE `xm_visit_plan` ENABLE KEYS */;




/*!40101 SET SQL_MODE=@OLD_SQL_MODE */;
/*!40014 SET FOREIGN_KEY_CHECKS=@OLD_FOREIGN_KEY_CHECKS */;
/*!40014 SET UNIQUE_CHECKS=@OLD_UNIQUE_CHECKS */;
/*!40101 SET CHARACTER_SET_CLIENT=@OLD_CHARACTER_SET_CLIENT */;
/*!40101 SET CHARACTER_SET_RESULTS=@OLD_CHARACTER_SET_RESULTS */;
/*!40101 SET COLLATION_CONNECTION=@OLD_COLLATION_CONNECTION */;
/*!40101 SET CHARACTER_SET_CLIENT=@OLD_CHARACTER_SET_CLIENT */;
