-- MySQL Administrator dump 1.4
--
-- ------------------------------------------------------
-- Server version	5.1.49-community


/*!40101 SET @OLD_CHARACTER_SET_CLIENT=@@CHARACTER_SET_CLIENT */;
/*!40101 SET @OLD_CHARACTER_SET_RESULTS=@@CHARACTER_SET_RESULTS */;
/*!40101 SET @OLD_COLLATION_CONNECTION=@@COLLATION_CONNECTION */;
/*!40101 SET NAMES utf8 */;

/*!40014 SET @OLD_UNIQUE_CHECKS=@@UNIQUE_CHECKS, UNIQUE_CHECKS=0 */;
/*!40014 SET @OLD_FOREIGN_KEY_CHECKS=@@FOREIGN_KEY_CHECKS, FOREIGN_KEY_CHECKS=0 */;
/*!40101 SET @OLD_SQL_MODE=@@SQL_MODE, SQL_MODE='NO_AUTO_VALUE_ON_ZERO' */;


--
-- Create schema ducrm
--

CREATE DATABASE IF NOT EXISTS ducrm;
USE ducrm;

--
-- Definition of table `base_accessory`
--

DROP TABLE IF EXISTS `base_accessory`;
CREATE TABLE `base_accessory` (
  `id` bigint(20) NOT NULL,
  `createTime` varchar(255) NOT NULL,
  `flag` bit(1) NOT NULL,
  `status` bit(1) NOT NULL,
  `updateTime` varchar(255) NOT NULL,
  `dataId` bigint(20) NOT NULL,
  `name` varchar(255) NOT NULL,
  `path` varchar(255) NOT NULL,
  `realname` varchar(255) NOT NULL,
  `sort` varchar(255) NOT NULL,
  `userid` bigint(20) NOT NULL,
  PRIMARY KEY (`id`),
  UNIQUE KEY `id` (`id`)
) ENGINE=InnoDB DEFAULT CHARSET=utf8;

--
-- Dumping data for table `base_accessory`
--

/*!40000 ALTER TABLE `base_accessory` DISABLE KEYS */;
INSERT INTO `base_accessory` (`id`,`createTime`,`flag`,`status`,`updateTime`,`dataId`,`name`,`path`,`realname`,`sort`,`userid`) VALUES 
 (201210000002,'2012-10-16 19:34:41',0x01,0x01,'2012-10-16 19:34:41',201210000004,'早上报道专用章.jpg','/resource/manual20121016/2be0398a-9698-4352-98ff-e557f3fc35b9.jpg','杜永生','XSGL_DDGL',201209000001),
 (201210000003,'2012-10-16 19:42:56',0x01,0x01,'2012-10-16 19:42:56',201210000004,'早上好.gif','/resource/manual/20121016/1350387776003.gif','杜永生','XSGL_DDGL',201209000001),
 (201210000004,'2012-10-16 19:46:35',0x01,0x01,'2012-10-16 19:46:35',201210000004,'请稍等，在接电话.jpg','/resource/manual/2012/10/16/1350387995011.jpg','杜永生','XSGL_DDGL',201209000001),
 (201210000005,'2012-10-16 20:44:34',0x01,0x01,'2012-10-16 20:44:34',201210000003,'狗.gif','/resource/manual/2012/10/16/1350391474779.gif','杜永生','XSGL_DDGL',201209000001),
 (201210000006,'2012-10-16 20:47:17',0x01,0x01,'2012-10-16 20:47:17',201210000003,'人力资源管理系统系统需求说明书.doc','/resource/manual/2012/10/16/1350391637072.doc','杜永生','XSGL_DDGL',201209000001),
 (201210000007,'2012-10-16 23:18:19',0x01,0x01,'2012-10-16 23:18:19',201210000004,'系统需求文档.doc','/resource/manual/2012/10/16/1350400699966.doc','杜永生','XSGL_DDGL',201209000001),
 (201210000008,'2012-10-18 20:37:35',0x01,0x01,'2012-10-18 20:37:35',201210000004,'thinkj_pad1001.jpg','/resource/manual/2012/10/18/1350563855820.jpg','杜永生','XSGL_DDGL',201209000001),
 (201210000009,'2012-10-18 21:08:04',0x01,0x01,'2012-10-18 21:08:04',201210000004,'baby1001.jpg','/resource/manual/2012/10/18/1350565684803.jpg','杜永生','XSGL_DDGL',201209000001),
 (201210000010,'2012-10-18 21:28:09',0x01,0x01,'2012-10-18 21:28:09',201210000004,'break1001.jpg','/resource/manual/2012/10/18/1350566889519.jpg','杜永生','XSGL_DDGL',201209000001),
 (201211000001,'2012-11-16 21:54:53',0x01,0x01,'2012-11-16 21:54:53',201211000002,'break1001.jpg','/resource/manual/2012/11/16/1353074093332.jpg','杜永生','XSGL_DDGL',201209000001),
 (201211000002,'2012-11-16 22:01:39',0x01,0x01,'2012-11-16 22:01:39',201211000002,'break1004.jpg','/resource/manual/2012/11/16/1353074499573.jpg','杜永生','XSGL_DDGL',201209000001),
 (201211000003,'2012-11-21 11:41:32',0x01,0x01,'2012-11-21 11:41:32',201211000004,'baishi1001.jpg','/resource/manual/2012/11/21/1353469292076.jpg','杜永生','CGGL_WLZX',201209000001),
 (201211000005,'2012-11-21 18:41:45',0x01,0x01,'2012-11-21 18:41:45',201211000004,'break1003.jpg','/resource/manual/2012/11/21/1353494505838.jpg','杜永生','CGGL_WLZX',201209000001);
/*!40000 ALTER TABLE `base_accessory` ENABLE KEYS */;


--
-- Definition of table `base_area`
--

DROP TABLE IF EXISTS `base_area`;
CREATE TABLE `base_area` (
  `id` bigint(20) NOT NULL,
  `createTime` varchar(255) NOT NULL,
  `flag` bit(1) NOT NULL,
  `status` bit(1) NOT NULL,
  `updateTime` varchar(255) NOT NULL,
  `code` varchar(255) NOT NULL,
  `name` varchar(255) NOT NULL,
  `fk_area_id` bigint(20) DEFAULT NULL,
  PRIMARY KEY (`id`),
  UNIQUE KEY `id` (`id`),
  UNIQUE KEY `code` (`code`),
  KEY `FK93B31D3B93E397FC` (`fk_area_id`),
  CONSTRAINT `FK93B31D3B93E397FC` FOREIGN KEY (`fk_area_id`) REFERENCES `base_area` (`id`)
) ENGINE=InnoDB DEFAULT CHARSET=utf8;

--
-- Dumping data for table `base_area`
--

/*!40000 ALTER TABLE `base_area` DISABLE KEYS */;
INSERT INTO `base_area` (`id`,`createTime`,`flag`,`status`,`updateTime`,`code`,`name`,`fk_area_id`) VALUES 
 (201209000001,'2012-09-17 20:25:03',0x01,0x01,'2012-09-17 20:25:03','01','安徽省',NULL),
 (201209000002,'2012-09-17 20:25:03',0x01,0x01,'2012-09-17 20:25:03','02','北京市',NULL),
 (201209000003,'2012-09-17 20:25:03',0x01,0x01,'2012-09-17 20:25:03','03','重庆市',NULL),
 (201209000004,'2012-09-17 20:25:03',0x01,0x01,'2012-09-17 20:25:03','04','福建省',NULL),
 (201209000005,'2012-09-17 20:25:03',0x01,0x01,'2012-09-17 20:25:03','05','甘肃省',NULL),
 (201209000006,'2012-09-17 20:25:03',0x01,0x01,'2012-09-17 20:25:03','06','广东省',NULL),
 (201209000007,'2012-09-17 20:25:03',0x01,0x01,'2012-09-17 20:25:03','07','广西壮族自治区',NULL),
 (201209000008,'2012-09-17 20:25:03',0x01,0x01,'2012-09-17 20:25:03','08','贵州省',NULL),
 (201209000009,'2012-09-17 20:25:04',0x01,0x01,'2012-09-17 20:25:04','09','海南省',NULL),
 (201209000010,'2012-09-17 20:25:04',0x01,0x01,'2012-09-17 20:25:04','10','河北省',NULL),
 (201209000011,'2012-09-17 20:25:04',0x01,0x01,'2012-09-17 20:25:04','11','黑龙江',NULL),
 (201209000012,'2012-09-17 20:25:04',0x01,0x01,'2012-09-17 20:25:04','12','河南省',NULL),
 (201209000013,'2012-09-17 20:25:04',0x01,0x01,'2012-09-17 20:25:04','13','香港特别行政区',NULL),
 (201209000014,'2012-09-17 20:25:04',0x01,0x01,'2012-09-17 20:25:04','14','湖北省',NULL),
 (201209000015,'2012-09-17 20:25:04',0x01,0x01,'2012-09-17 20:25:04','15','湖南省',NULL),
 (201209000016,'2012-09-17 20:25:04',0x01,0x01,'2012-09-17 20:25:04','16','内蒙古自治区',NULL),
 (201209000017,'2012-09-17 20:25:04',0x01,0x01,'2012-09-17 20:25:04','17','江苏省',NULL),
 (201209000018,'2012-09-17 20:25:04',0x01,0x01,'2012-09-17 20:25:04','18','江西省',NULL),
 (201209000019,'2012-09-17 20:25:04',0x01,0x01,'2012-09-17 20:25:04','19','吉林省',NULL),
 (201209000020,'2012-09-17 20:25:04',0x01,0x01,'2012-09-17 20:25:04','20','辽宁省',NULL),
 (201209000021,'2012-09-17 20:25:04',0x01,0x01,'2012-09-17 20:25:04','21','澳门特别行政区',NULL),
 (201209000022,'2012-09-17 20:25:04',0x01,0x01,'2012-09-17 20:25:04','22','宁夏回族自治区',NULL),
 (201209000023,'2012-09-17 20:25:04',0x01,0x01,'2012-09-17 20:25:04','23','青海省',NULL),
 (201209000024,'2012-09-17 20:25:04',0x01,0x01,'2012-09-17 20:25:04','24','陕西省',NULL),
 (201209000025,'2012-09-17 20:25:04',0x01,0x01,'2012-09-17 20:25:04','25','山东省',NULL),
 (201209000026,'2012-09-17 20:25:05',0x01,0x01,'2012-09-17 20:25:05','26','上海市',NULL),
 (201209000027,'2012-09-17 20:25:05',0x01,0x01,'2012-09-17 20:25:05','27','山西省',NULL),
 (201209000028,'2012-09-17 20:25:05',0x01,0x01,'2012-09-17 20:25:05','28','四川省',NULL),
 (201209000029,'2012-09-17 20:25:05',0x01,0x01,'2012-09-17 20:25:05','29','台湾省',NULL),
 (201209000030,'2012-09-17 20:25:05',0x01,0x01,'2012-09-17 20:25:05','30','天津市',NULL),
 (201209000031,'2012-09-17 20:25:05',0x01,0x01,'2012-09-17 20:25:05','31','西藏自治区',NULL),
 (201209000032,'2012-09-17 20:25:05',0x01,0x01,'2012-09-17 20:25:05','32','新疆维吾尔自治区',NULL),
 (201209000033,'2012-09-17 20:25:05',0x01,0x01,'2012-09-17 20:25:05','33','云南省',NULL),
 (201209000034,'2012-09-17 20:25:05',0x01,0x01,'2012-09-17 20:25:05','34','浙江省',NULL),
 
 (201209000035,'2012-09-17 20:32:26',0x01,0x01,'2012-09-17 20:32:26','0101','安庆市',201209000001),
 (201209000036,'2012-09-17 20:32:26',0x01,0x01,'2012-09-17 20:32:26','0102','蚌埠市',201209000001),
 (201209000037,'2012-09-17 20:32:26',0x01,0x01,'2012-09-17 20:32:26','0103','巢湖市',201209000001),
 (201209000038,'2012-09-17 20:32:26',0x01,0x01,'2012-09-17 20:32:26','0104','池州市',201209000001),
 (201209000039,'2012-09-17 20:32:26',0x01,0x01,'2012-09-17 20:32:26','0105','滁州市',201209000001),
 (201209000040,'2012-09-17 20:32:26',0x01,0x01,'2012-09-17 20:32:26','0106','阜阳市',201209000001),
 (201209000041,'2012-09-17 20:32:26',0x01,0x01,'2012-09-17 20:32:26','0107','亳州市',201209000001),
 (201209000042,'2012-09-17 20:32:26',0x01,0x01,'2012-09-17 20:32:26','0108','合肥市',201209000001),
 (201209000043,'2012-09-17 20:32:26',0x01,0x01,'2012-09-17 20:32:26','0109','淮北市',201209000001),
 (201209000044,'2012-09-17 20:32:26',0x01,0x01,'2012-09-17 20:32:26','0110','淮南市',201209000001),
 (201209000045,'2012-09-17 20:32:26',0x01,0x01,'2012-09-17 20:32:26','0111','黄山市',201209000001),
 (201209000046,'2012-09-17 20:32:26',0x01,0x01,'2012-09-17 20:32:26','0112','六安市',201209000001),
 (201209000047,'2012-09-17 20:32:26',0x01,0x01,'2012-09-17 20:32:26','0113','马鞍山市',201209000001),
 (201209000048,'2012-09-17 20:32:26',0x01,0x01,'2012-09-17 20:32:26','0114','宿州市',201209000001),
 (201209000049,'2012-09-17 20:32:26',0x01,0x01,'2012-09-17 20:32:26','0115','铜陵市',201209000001),
 (201209000050,'2012-09-17 20:32:26',0x01,0x01,'2012-09-17 20:32:26','0116','芜湖市',201209000001),
 (201209000051,'2012-09-17 20:32:26',0x01,0x01,'2012-09-17 20:32:26','0117','宣城市',201209000001),
 
 (201209000052,'2012-09-17 20:38:25',0x01,0x01,'2012-09-17 20:38:25','0401','福州市',201209000004),
 (201209000053,'2012-09-17 20:38:25',0x01,0x01,'2012-09-17 20:38:25','0402','龙岩市',201209000004),
 (201209000054,'2012-09-17 20:38:25',0x01,0x01,'2012-09-17 20:38:25','0403','南平市',201209000004),
 (201209000055,'2012-09-17 20:38:25',0x01,0x01,'2012-09-17 20:38:25','0404','宁德市',201209000004),
 (201209000056,'2012-09-17 20:38:25',0x01,0x01,'2012-09-17 20:38:25','0405','莆田市',201209000004),
 (201209000057,'2012-09-17 20:38:25',0x01,0x01,'2012-09-17 20:38:25','0406','泉州市',201209000004),
 (201209000058,'2012-09-17 20:38:25',0x01,0x01,'2012-09-17 20:38:25','0407','三明市',201209000004),
 (201209000059,'2012-09-17 20:38:25',0x01,0x01,'2012-09-17 20:38:25','0408','厦门市',201209000004),
 (201209000060,'2012-09-17 20:38:25',0x01,0x01,'2012-09-17 20:38:25','0409','漳州市',201209000004),
 
 (201209000061,'2012-09-17 20:46:26',0x01,0x01,'2012-09-17 20:46:26','0501','白银市',201209000005),
 (201209000062,'2012-09-17 20:46:26',0x01,0x01,'2012-09-17 20:46:26','0502','定西市',201209000005),
 (201209000063,'2012-09-17 20:46:26',0x01,0x01,'2012-09-17 20:46:26','0503','甘南州',201209000005),
 (201209000064,'2012-09-17 20:46:26',0x01,0x01,'2012-09-17 20:46:26','0504','嘉峪关市',201209000005),
 (201209000065,'2012-09-17 20:46:26',0x01,0x01,'2012-09-17 20:46:26','0505','金昌市',201209000005),
 (201209000066,'2012-09-17 20:46:26',0x01,0x01,'2012-09-17 20:46:26','0506','酒泉市',201209000005),
 (201209000067,'2012-09-17 20:46:26',0x01,0x01,'2012-09-17 20:46:26','0507','兰州市',201209000005),
 (201209000068,'2012-09-17 20:46:26',0x01,0x01,'2012-09-17 20:46:26','0508','临夏州',201209000005),
 (201209000069,'2012-09-17 20:46:26',0x01,0x01,'2012-09-17 20:46:26','0509','陇南市',201209000005),
 (201209000070,'2012-09-17 20:46:26',0x01,0x01,'2012-09-17 20:46:26','0510','平凉市',201209000005),
 (201209000071,'2012-09-17 20:46:26',0x01,0x01,'2012-09-17 20:46:26','0511','庆阳市',201209000005),
 (201209000072,'2012-09-17 20:46:26',0x01,0x01,'2012-09-17 20:46:26','0512','天水市',201209000005),
 (201209000073,'2012-09-17 20:46:27',0x01,0x01,'2012-09-17 20:46:27','0513','武威市',201209000005),
 (201209000074,'2012-09-17 20:46:27',0x01,0x01,'2012-09-17 20:46:27','0514','张掖市',201209000005),
 
 (201209000075,'2012-09-17 20:51:37',0x01,0x01,'2012-09-17 20:51:37','0601','中山市',201209000006),
 (201209000076,'2012-09-17 20:51:37',0x01,0x01,'2012-09-17 20:51:37','0602','佛山市',201209000006),
 (201209000077,'2012-09-17 20:51:37',0x01,0x01,'2012-09-17 20:51:37','0603','东莞市',201209000006),
 (201209000078,'2012-09-17 20:51:37',0x01,0x01,'2012-09-17 20:51:37','0604','江门市',201209000006),
 (201209000079,'2012-09-17 20:51:37',0x01,0x01,'2012-09-17 20:51:37','0605','珠海市',201209000006),
 (201209000080,'2012-09-17 20:51:37',0x01,0x01,'2012-09-17 20:51:37','0606','广州市',201209000006),
 (201209000081,'2012-09-17 20:51:37',0x01,0x01,'2012-09-17 20:51:37','0607','深圳市',201209000006),
 (201209000082,'2012-09-17 20:51:37',0x01,0x01,'2012-09-17 20:51:37','0608','惠州市',201209000006),
 (201209000083,'2012-09-17 20:51:37',0x01,0x01,'2012-09-17 20:51:37','0609','汕头市',201209000006),
 (201209000084,'2012-09-17 20:51:37',0x01,0x01,'2012-09-17 20:51:37','0610','潮州市',201209000006),
 (201209000085,'2012-09-17 20:51:37',0x01,0x01,'2012-09-17 20:51:37','0611','河源市',201209000006),
 (201209000086,'2012-09-17 20:51:37',0x01,0x01,'2012-09-17 20:51:37','0612','揭阳市',201209000006),
 (201209000087,'2012-09-17 20:51:37',0x01,0x01,'2012-09-17 20:51:37','0613','茂名市',201209000006),
 (201209000088,'2012-09-17 20:51:37',0x01,0x01,'2012-09-17 20:51:37','0614','梅州市',201209000006),
 (201209000089,'2012-09-17 20:51:37',0x01,0x01,'2012-09-17 20:51:37','0615','清远市',201209000006),
 (201209000090,'2012-09-17 20:51:37',0x01,0x01,'2012-09-17 20:51:37','0616','汕尾市',201209000006),
 (201209000091,'2012-09-17 20:51:37',0x01,0x01,'2012-09-17 20:51:37','0617','韶关市',201209000006),
 (201209000092,'2012-09-17 20:51:38',0x01,0x01,'2012-09-17 20:51:38','0618','阳江市',201209000006),
 (201209000093,'2012-09-17 20:51:38',0x01,0x01,'2012-09-17 20:51:38','0619','云浮市',201209000006),
 (201209000094,'2012-09-17 20:51:38',0x01,0x01,'2012-09-17 20:51:38','0620','湛江市',201209000006),
 (201209000095,'2012-09-17 20:51:38',0x01,0x01,'2012-09-17 20:51:38','0621','肇庆市',201209000006),
 
 (201209000096,'2012-09-17 20:55:41',0x01,0x01,'2012-09-17 20:55:41','0701','百色市',201209000007),
 (201209000097,'2012-09-17 20:55:41',0x01,0x01,'2012-09-17 20:55:41','0702','北海市',201209000007),
 (201209000098,'2012-09-17 20:55:41',0x01,0x01,'2012-09-17 20:55:41','0703','崇左市',201209000007),
 (201209000099,'2012-09-17 20:55:42',0x01,0x01,'2012-09-17 20:55:42','0704','防城港市',201209000007),
 (201209000100,'2012-09-17 20:55:42',0x01,0x01,'2012-09-17 20:55:42','0705','贵港市',201209000007),
 (201209000101,'2012-09-17 20:55:42',0x01,0x01,'2012-09-17 20:55:42','0706','桂林市',201209000007),
 (201209000102,'2012-09-17 20:55:42',0x01,0x01,'2012-09-17 20:55:42','0707','河池市',201209000007),
 (201209000103,'2012-09-17 20:55:42',0x01,0x01,'2012-09-17 20:55:42','0708','贺州市',201209000007),
 (201209000104,'2012-09-17 20:55:42',0x01,0x01,'2012-09-17 20:55:42','0709','来宾市',201209000007),
 (201209000105,'2012-09-17 20:55:42',0x01,0x01,'2012-09-17 20:55:42','0710','柳州市',201209000007),
 (201209000106,'2012-09-17 20:55:42',0x01,0x01,'2012-09-17 20:55:42','0711','南宁市',201209000007),
 (201209000107,'2012-09-17 20:55:42',0x01,0x01,'2012-09-17 20:55:42','0712','钦州市',201209000007),
 (201209000108,'2012-09-17 20:55:42',0x01,0x01,'2012-09-17 20:55:42','0713','梧州市',201209000007),
 (201209000109,'2012-09-17 20:55:42',0x01,0x01,'2012-09-17 20:55:42','0714','玉林市',201209000007),
 
 (201209000110,'2012-09-17 20:58:49',0x01,0x01,'2012-09-17 20:58:49','0801','安顺市',201209000008),
 (201209000111,'2012-09-17 20:58:49',0x01,0x01,'2012-09-17 20:58:49','0802','毕节地区',201209000008),
 (201209000112,'2012-09-17 20:58:49',0x01,0x01,'2012-09-17 20:58:49','0803','贵阳市',201209000008),
 (201209000113,'2012-09-17 20:58:49',0x01,0x01,'2012-09-17 20:58:49','0804','六盘水市',201209000008),
 (201209000114,'2012-09-17 20:58:49',0x01,0x01,'2012-09-17 20:58:49','0805','黔东南州',201209000008),
 (201209000115,'2012-09-17 20:58:49',0x01,0x01,'2012-09-17 20:58:49','0806','黔南州',201209000008),
 (201209000116,'2012-09-17 20:58:49',0x01,0x01,'2012-09-17 20:58:49','0807','黔西南州',201209000008),
 (201209000117,'2012-09-17 20:58:49',0x01,0x01,'2012-09-17 20:58:49','0808','铜仁地区',201209000008),
 (201209000118,'2012-09-17 20:58:49',0x01,0x01,'2012-09-17 20:58:49','0809','遵义市',201209000008),
 
 (201209000119,'2012-09-17 21:01:26',0x01,0x01,'2012-09-17 21:01:26','0901','海口市',201209000009),
 (201209000120,'2012-09-17 21:01:26',0x01,0x01,'2012-09-17 21:01:26','0902','省直辖行政单位',201209000009),
 (201209000121,'2012-09-17 21:01:26',0x01,0x01,'2012-09-17 21:01:26','0903','三亚市',201209000009),
 
 (201209000122,'2012-09-17 21:04:17',0x01,0x01,'2012-09-17 21:04:17','1001','保定市',201209000010),
 (201209000123,'2012-09-17 21:04:17',0x01,0x01,'2012-09-17 21:04:17','1002','沧州市',201209000010),
 (201209000124,'2012-09-17 21:04:17',0x01,0x01,'2012-09-17 21:04:17','1003','承德市',201209000010),
 (201209000125,'2012-09-17 21:04:17',0x01,0x01,'2012-09-17 21:04:17','1004','邯郸市',201209000010),
 (201209000126,'2012-09-17 21:04:17',0x01,0x01,'2012-09-17 21:04:17','1005','衡水市',201209000010),
 (201209000127,'2012-09-17 21:04:17',0x01,0x01,'2012-09-17 21:04:17','1006','廊坊市',201209000010),
 (201209000128,'2012-09-17 21:04:17',0x01,0x01,'2012-09-17 21:04:17','1007','秦皇岛市',201209000010),
 (201209000129,'2012-09-17 21:04:17',0x01,0x01,'2012-09-17 21:04:17','1008','石家庄市',201209000010),
 (201209000130,'2012-09-17 21:04:17',0x01,0x01,'2012-09-17 21:04:17','1009','唐山市',201209000010),
 (201209000131,'2012-09-17 21:04:17',0x01,0x01,'2012-09-17 21:04:17','1010','邢台市',201209000010),
 (201209000132,'2012-09-17 21:04:17',0x01,0x01,'2012-09-17 21:04:17','1011','张家口市',201209000010),
 
 (201209000133,'2012-09-17 21:08:09',0x01,0x01,'2012-09-17 21:08:09','1101','大庆市',201209000011),
 (201209000134,'2012-09-17 21:08:09',0x01,0x01,'2012-09-17 21:08:09','1102','大兴安岭地区',201209000011),
 (201209000135,'2012-09-17 21:08:09',0x01,0x01,'2012-09-17 21:08:09','1103','哈尔滨市',201209000011),
 (201209000136,'2012-09-17 21:08:09',0x01,0x01,'2012-09-17 21:08:09','1104','鹤岗市',201209000011),
 (201209000137,'2012-09-17 21:08:09',0x01,0x01,'2012-09-17 21:08:09','1105','黑河市',201209000011),
 (201209000138,'2012-09-17 21:08:09',0x01,0x01,'2012-09-17 21:08:09','1106','佳木斯市',201209000011),
 (201209000139,'2012-09-17 21:08:09',0x01,0x01,'2012-09-17 21:08:09','1107','鸡西市',201209000011),
 (201209000140,'2012-09-17 21:08:09',0x01,0x01,'2012-09-17 21:08:09','1108','牡丹江市',201209000011),
 (201209000141,'2012-09-17 21:08:09',0x01,0x01,'2012-09-17 21:08:09','1109','齐齐哈尔市',201209000011),
 (201209000142,'2012-09-17 21:08:09',0x01,0x01,'2012-09-17 21:08:09','1110','七台河市',201209000011),
 (201209000143,'2012-09-17 21:08:09',0x01,0x01,'2012-09-17 21:08:09','1111','双鸭山市',201209000011),
 (201209000144,'2012-09-17 21:08:09',0x01,0x01,'2012-09-17 21:08:09','1112','绥化市',201209000011),
 (201209000145,'2012-09-17 21:08:09',0x01,0x01,'2012-09-17 21:08:09','1113','伊春市',201209000011),
 
 (201209000146,'2012-09-17 21:11:33',0x01,0x01,'2012-09-17 21:11:33','1201','安阳市',201209000012),
 (201209000147,'2012-09-17 21:11:33',0x01,0x01,'2012-09-17 21:11:33','1202','鹤壁市',201209000012),
 (201209000148,'2012-09-17 21:11:33',0x01,0x01,'2012-09-17 21:11:33','1203','焦作市',201209000012),
 (201209000149,'2012-09-17 21:11:33',0x01,0x01,'2012-09-17 21:11:33','1204','开封市',201209000012),
 (201209000150,'2012-09-17 21:11:33',0x01,0x01,'2012-09-17 21:11:33','1205','漯河市',201209000012),
 (201209000151,'2012-09-17 21:11:33',0x01,0x01,'2012-09-17 21:11:33','1206','洛阳市',201209000012),
 (201209000152,'2012-09-17 21:11:33',0x01,0x01,'2012-09-17 21:11:33','1207','南阳市',201209000012),
 (201209000153,'2012-09-17 21:11:33',0x01,0x01,'2012-09-17 21:11:33','1208','平顶山市',201209000012),
 (201209000154,'2012-09-17 21:11:33',0x01,0x01,'2012-09-17 21:11:33','1209','濮阳市',201209000012),
 (201209000155,'2012-09-17 21:11:33',0x01,0x01,'2012-09-17 21:11:33','1210','三门峡市',201209000012),
 (201209000156,'2012-09-17 21:11:33',0x01,0x01,'2012-09-17 21:11:33','1211','商丘市',201209000012),
 (201209000157,'2012-09-17 21:11:34',0x01,0x01,'2012-09-17 21:11:34','1212','新乡市',201209000012),
 (201209000158,'2012-09-17 21:11:34',0x01,0x01,'2012-09-17 21:11:34','1213','信阳市',201209000012),
 (201209000159,'2012-09-17 21:11:34',0x01,0x01,'2012-09-17 21:11:34','1214','许昌市',201209000012),
 (201209000160,'2012-09-17 21:11:34',0x01,0x01,'2012-09-17 21:11:34','1215','郑州市',201209000012),
 (201209000161,'2012-09-17 21:11:34',0x01,0x01,'2012-09-17 21:11:34','1216','周口市',201209000012),
 (201209000162,'2012-09-17 21:11:34',0x01,0x01,'2012-09-17 21:11:34','1217','驻马店市',201209000012),
 
 (201209000163,'2012-09-17 21:14:32',0x01,0x01,'2012-09-17 21:14:32','1401','恩施州',201209000014),
 (201209000164,'2012-09-17 21:14:32',0x01,0x01,'2012-09-17 21:14:32','1402','鄂州市',201209000014),
 (201209000165,'2012-09-17 21:14:32',0x01,0x01,'2012-09-17 21:14:32','1403','黄冈市',201209000014),
 (201209000166,'2012-09-17 21:14:32',0x01,0x01,'2012-09-17 21:14:32','1404','黄石市',201209000014),
 (201209000167,'2012-09-17 21:14:32',0x01,0x01,'2012-09-17 21:14:32','1405','荆门市',201209000014),
 (201209000168,'2012-09-17 21:14:32',0x01,0x01,'2012-09-17 21:14:32','1406','荆州市',201209000014),
 (201209000169,'2012-09-17 21:14:32',0x01,0x01,'2012-09-17 21:14:32','1407','十堰市',201209000014),
 (201209000170,'2012-09-17 21:14:32',0x01,0x01,'2012-09-17 21:14:32','1408','随州市',201209000014),
 (201209000171,'2012-09-17 21:14:32',0x01,0x01,'2012-09-17 21:14:32','1409','武汉市',201209000014),
 (201209000172,'2012-09-17 21:14:32',0x01,0x01,'2012-09-17 21:14:32','1410','襄樊市',201209000014),
 (201209000173,'2012-09-17 21:14:32',0x01,0x01,'2012-09-17 21:14:32','1411','咸宁市',201209000014),
 (201209000174,'2012-09-17 21:14:33',0x01,0x01,'2012-09-17 21:14:33','1412','孝感市',201209000014),
 (201209000175,'2012-09-17 21:14:33',0x01,0x01,'2012-09-17 21:14:33','1413','宜昌市',201209000014),
 
 (201209000176,'2012-09-17 21:17:17',0x01,0x01,'2012-09-17 21:17:17','1501','常德市',201209000015),
 (201209000177,'2012-09-17 21:17:17',0x01,0x01,'2012-09-17 21:17:17','1502','长沙市',201209000015),
 (201209000178,'2012-09-17 21:17:17',0x01,0x01,'2012-09-17 21:17:17','1503','郴州市',201209000015),
 (201209000179,'2012-09-17 21:17:17',0x01,0x01,'2012-09-17 21:17:17','1504','衡阳市',201209000015),
 (201209000180,'2012-09-17 21:17:17',0x01,0x01,'2012-09-17 21:17:17','1505','怀化市',201209000015),
 (201209000181,'2012-09-17 21:17:17',0x01,0x01,'2012-09-17 21:17:17','1506','娄底市',201209000015),
 (201209000182,'2012-09-17 21:17:17',0x01,0x01,'2012-09-17 21:17:17','1507','邵阳市',201209000015),
 (201209000183,'2012-09-17 21:17:17',0x01,0x01,'2012-09-17 21:17:17','1508','湘潭市',201209000015),
 (201209000184,'2012-09-17 21:17:18',0x01,0x01,'2012-09-17 21:17:18','1509','湘西州',201209000015),
 (201209000185,'2012-09-17 21:17:18',0x01,0x01,'2012-09-17 21:17:18','1510','益阳市',201209000015),
 (201209000186,'2012-09-17 21:17:18',0x01,0x01,'2012-09-17 21:17:18','1511','永州市',201209000015),
 (201209000187,'2012-09-17 21:17:18',0x01,0x01,'2012-09-17 21:17:18','1512','岳阳市',201209000015),
 (201209000188,'2012-09-17 21:17:18',0x01,0x01,'2012-09-17 21:17:18','1513','张家界市',201209000015),
 (201209000189,'2012-09-17 21:17:18',0x01,0x01,'2012-09-17 21:17:18','1514','株洲市',201209000015),
 
 (201209000190,'2012-09-17 21:19:52',0x01,0x01,'2012-09-17 21:19:52','1601','阿拉善盟',201209000016),
 (201209000191,'2012-09-17 21:19:52',0x01,0x01,'2012-09-17 21:19:52','1602','包头市',201209000016),
 (201209000192,'2012-09-17 21:19:52',0x01,0x01,'2012-09-17 21:19:52','1603','巴彦淖尔市',201209000016),
 (201209000193,'2012-09-17 21:19:52',0x01,0x01,'2012-09-17 21:19:52','1604','赤峰市',201209000016),
 (201209000194,'2012-09-17 21:19:52',0x01,0x01,'2012-09-17 21:19:52','1605','呼和浩特市',201209000016),
 (201209000195,'2012-09-17 21:19:52',0x01,0x01,'2012-09-17 21:19:52','1606','呼伦贝尔市',201209000016),
 (201209000196,'2012-09-17 21:19:52',0x01,0x01,'2012-09-17 21:19:52','1607','鄂尔多斯市',201209000016),
 (201209000197,'2012-09-17 21:19:52',0x01,0x01,'2012-09-17 21:19:52','1608','通辽市',201209000016),
 (201209000198,'2012-09-17 21:19:52',0x01,0x01,'2012-09-17 21:19:52','1609','乌海市',201209000016),
 (201209000199,'2012-09-17 21:19:52',0x01,0x01,'2012-09-17 21:19:52','1610','乌兰察布市',201209000016),
 (201209000200,'2012-09-17 21:19:52',0x01,0x01,'2012-09-17 21:19:52','1611','锡林郭勒盟',201209000016),
 (201209000201,'2012-09-17 21:19:52',0x01,0x01,'2012-09-17 21:19:52','1612','兴安盟',201209000016),
 
 (201209000202,'2012-09-17 21:22:30',0x01,0x01,'2012-09-17 21:22:30','1701','常州市',201209000017),
 (201209000203,'2012-09-17 21:22:30',0x01,0x01,'2012-09-17 21:22:30','1702','淮安市',201209000017),
 (201209000204,'2012-09-17 21:22:30',0x01,0x01,'2012-09-17 21:22:30','1703','连云港',201209000017),
 (201209000205,'2012-09-17 21:22:30',0x01,0x01,'2012-09-17 21:22:30','1704','南京市',201209000017),
 (201209000206,'2012-09-17 21:22:30',0x01,0x01,'2012-09-17 21:22:30','1705','南通市',201209000017),
 (201209000207,'2012-09-17 21:22:31',0x01,0x01,'2012-09-17 21:22:31','1706','宿迁市',201209000017),
 (201209000208,'2012-09-17 21:22:31',0x01,0x01,'2012-09-17 21:22:31','1707','苏州市',201209000017),
 (201209000209,'2012-09-17 21:22:31',0x01,0x01,'2012-09-17 21:22:31','1708','泰州市',201209000017),
 (201209000210,'2012-09-17 21:22:31',0x01,0x01,'2012-09-17 21:22:31','1709','无锡市',201209000017),
 (201209000211,'2012-09-17 21:22:31',0x01,0x01,'2012-09-17 21:22:31','1710','徐州市',201209000017),
 (201209000212,'2012-09-17 21:22:31',0x01,0x01,'2012-09-17 21:22:31','1711','盐城市',201209000017),
 (201209000213,'2012-09-17 21:22:31',0x01,0x01,'2012-09-17 21:22:31','1712','扬州市',201209000017),
 (201209000214,'2012-09-17 21:22:31',0x01,0x01,'2012-09-17 21:22:31','1713','镇江市',201209000017),
 
 (201209000215,'2012-09-17 21:25:30',0x01,0x01,'2012-09-17 21:25:30','1801','南昌市',201209000018),
 (201209000216,'2012-09-17 21:25:30',0x01,0x01,'2012-09-17 21:25:30','1802','景德镇市',201209000018),
 (201209000217,'2012-09-17 21:25:30',0x01,0x01,'2012-09-17 21:25:30','1803','萍乡市',201209000018),
 (201209000218,'2012-09-17 21:25:30',0x01,0x01,'2012-09-17 21:25:30','1804','九江市',201209000018),
 (201209000219,'2012-09-17 21:25:30',0x01,0x01,'2012-09-17 21:25:30','1805','新余市',201209000018),
 (201209000220,'2012-09-17 21:25:30',0x01,0x01,'2012-09-17 21:25:30','1806','鹰潭市',201209000018),
 (201209000221,'2012-09-17 21:25:30',0x01,0x01,'2012-09-17 21:25:30','1807','赣州市',201209000018),
 (201209000222,'2012-09-17 21:25:30',0x01,0x01,'2012-09-17 21:25:30','1808','吉安市',201209000018),
 (201209000223,'2012-09-17 21:25:30',0x01,0x01,'2012-09-17 21:25:30','1809','宜春市',201209000018),
 (201209000224,'2012-09-17 21:25:31',0x01,0x01,'2012-09-17 21:25:31','1810','抚州市',201209000018),
 (201209000225,'2012-09-17 21:25:31',0x01,0x01,'2012-09-17 21:25:31','1811','上饶市',201209000018),
 
 (201209000226,'2012-09-17 21:28:22',0x01,0x01,'2012-09-17 21:28:22','1901','白城市',201209000019),
 (201209000227,'2012-09-17 21:28:23',0x01,0x01,'2012-09-17 21:28:23','1902','白山市',201209000019),
 (201209000228,'2012-09-17 21:28:23',0x01,0x01,'2012-09-17 21:28:23','1903','长春市',201209000019),
 (201209000229,'2012-09-17 21:28:23',0x01,0x01,'2012-09-17 21:28:23','1904','吉林市',201209000019),
 (201209000230,'2012-09-17 21:28:23',0x01,0x01,'2012-09-17 21:28:23','1905','辽源市',201209000019),
 (201209000231,'2012-09-17 21:28:23',0x01,0x01,'2012-09-17 21:28:23','1906','四平市',201209000019),
 (201209000232,'2012-09-17 21:28:23',0x01,0x01,'2012-09-17 21:28:23','1907','松原市',201209000019),
 (201209000233,'2012-09-17 21:28:23',0x01,0x01,'2012-09-17 21:28:23','1908','通化市',201209000019),
 (201209000234,'2012-09-17 21:28:23',0x01,0x01,'2012-09-17 21:28:23','1909','延边朝鲜族自治州',201209000019),
 
 (201209000235,'2012-09-17 21:37:41',0x01,0x01,'2012-09-17 21:37:41','2001','鞍山市',201209000020),
 (201209000236,'2012-09-17 21:37:41',0x01,0x01,'2012-09-17 21:37:41','2002','本溪市',201209000020),
 (201209000237,'2012-09-17 21:37:41',0x01,0x01,'2012-09-17 21:37:41','2003','朝阳市',201209000020),
 (201209000238,'2012-09-17 21:37:41',0x01,0x01,'2012-09-17 21:37:41','2004','大连市',201209000020),
 (201209000239,'2012-09-17 21:37:41',0x01,0x01,'2012-09-17 21:37:41','2005','丹东市',201209000020),
 (201209000240,'2012-09-17 21:37:41',0x01,0x01,'2012-09-17 21:37:41','2006','抚顺市',201209000020),
 (201209000241,'2012-09-17 21:37:41',0x01,0x01,'2012-09-17 21:37:41','2007','阜新市',201209000020),
 (201209000242,'2012-09-17 21:37:41',0x01,0x01,'2012-09-17 21:37:41','2008','葫芦岛市',201209000020),
 (201209000243,'2012-09-17 21:37:41',0x01,0x01,'2012-09-17 21:37:41','2009','锦州市',201209000020),
 (201209000244,'2012-09-17 21:37:42',0x01,0x01,'2012-09-17 21:37:42','2010','辽阳市',201209000020),
 (201209000245,'2012-09-17 21:37:42',0x01,0x01,'2012-09-17 21:37:42','2011','盘锦市',201209000020),
 (201209000246,'2012-09-17 21:37:42',0x01,0x01,'2012-09-17 21:37:42','2012','沈阳市',201209000020),
 (201209000247,'2012-09-17 21:37:42',0x01,0x01,'2012-09-17 21:37:42','2013','铁岭市',201209000020),
 (201209000248,'2012-09-17 21:37:42',0x01,0x01,'2012-09-17 21:37:42','2014','营口市',201209000020),
 
 (201209000249,'2012-09-17 21:38:46',0x01,0x01,'2012-09-17 21:38:46','2201','固原市',201209000022),
 (201209000250,'2012-09-17 21:38:46',0x01,0x01,'2012-09-17 21:38:46','2202','石嘴山市',201209000022),
 (201209000251,'2012-09-17 21:38:46',0x01,0x01,'2012-09-17 21:38:46','2203','吴忠市',201209000022),
 (201209000252,'2012-09-17 21:38:46',0x01,0x01,'2012-09-17 21:38:46','2204','银川市',201209000022),
 (201209000253,'2012-09-17 21:38:46',0x01,0x01,'2012-09-17 21:38:46','2205','中卫市',201209000022),
 
 (201209000254,'2012-09-17 21:41:38',0x01,0x01,'2012-09-17 21:41:38','2301','果洛州',201209000023),
 (201209000255,'2012-09-17 21:41:39',0x01,0x01,'2012-09-17 21:41:39','2302','海北州',201209000023),
 (201209000256,'2012-09-17 21:41:39',0x01,0x01,'2012-09-17 21:41:39','2303','海东地区',201209000023),
 (201209000257,'2012-09-17 21:41:39',0x01,0x01,'2012-09-17 21:41:39','2304','海南州',201209000023),
 (201209000258,'2012-09-17 21:41:39',0x01,0x01,'2012-09-17 21:41:39','2305','海西州',201209000023),
 (201209000259,'2012-09-17 21:41:39',0x01,0x01,'2012-09-17 21:41:39','2306','黄南州',201209000023),
 (201209000260,'2012-09-17 21:41:39',0x01,0x01,'2012-09-17 21:41:39','2307','西宁市',201209000023),
 (201209000261,'2012-09-17 21:41:39',0x01,0x01,'2012-09-17 21:41:39','2308','玉树州',201209000023),
 
 (201209000262,'2012-09-17 21:44:28',0x01,0x01,'2012-09-17 21:44:28','2401','安康市',201209000024),
 (201209000263,'2012-09-17 21:44:28',0x01,0x01,'2012-09-17 21:44:28','2402','宝鸡市',201209000024),
 (201209000264,'2012-09-17 21:44:28',0x01,0x01,'2012-09-17 21:44:28','2403','汉中市',201209000024),
 (201209000265,'2012-09-17 21:44:28',0x01,0x01,'2012-09-17 21:44:28','2404','商洛市',201209000024),
 (201209000266,'2012-09-17 21:44:28',0x01,0x01,'2012-09-17 21:44:28','2405','铜川市',201209000024),
 (201209000267,'2012-09-17 21:44:29',0x01,0x01,'2012-09-17 21:44:29','2406','渭南市',201209000024),
 (201209000268,'2012-09-17 21:44:29',0x01,0x01,'2012-09-17 21:44:29','2407','西安市',201209000024),
 (201209000269,'2012-09-17 21:44:29',0x01,0x01,'2012-09-17 21:44:29','2408','咸阳市',201209000024),
 (201209000270,'2012-09-17 21:44:29',0x01,0x01,'2012-09-17 21:44:29','2409','延安市',201209000024),
 (201209000271,'2012-09-17 21:44:29',0x01,0x01,'2012-09-17 21:44:29','2410','榆林市',201209000024),
 (201209000272,'2012-09-17 21:47:28',0x01,0x01,'2012-09-17 21:47:28','2501','滨州市',201209000025),
 (201209000273,'2012-09-17 21:47:29',0x01,0x01,'2012-09-17 21:47:29','2502','德州市',201209000025),
 (201209000274,'2012-09-17 21:47:29',0x01,0x01,'2012-09-17 21:47:29','2503','东营市',201209000025),
 (201209000275,'2012-09-17 21:47:29',0x01,0x01,'2012-09-17 21:47:29','2504','菏泽市',201209000025),
 (201209000276,'2012-09-17 21:47:29',0x01,0x01,'2012-09-17 21:47:29','2505','济南市',201209000025),
 (201209000277,'2012-09-17 21:47:29',0x01,0x01,'2012-09-17 21:47:29','2506','济宁市',201209000025),
 (201209000278,'2012-09-17 21:47:29',0x01,0x01,'2012-09-17 21:47:29','2507','莱芜市',201209000025),
 (201209000279,'2012-09-17 21:47:29',0x01,0x01,'2012-09-17 21:47:29','2508','聊城市',201209000025),
 (201209000280,'2012-09-17 21:47:29',0x01,0x01,'2012-09-17 21:47:29','2509','临沂市',201209000025),
 (201209000281,'2012-09-17 21:47:29',0x01,0x01,'2012-09-17 21:47:29','2510','青岛市',201209000025),
 (201209000282,'2012-09-17 21:47:29',0x01,0x01,'2012-09-17 21:47:29','2511','日照市',201209000025),
 (201209000283,'2012-09-17 21:47:29',0x01,0x01,'2012-09-17 21:47:29','2512','泰安市',201209000025),
 (201209000284,'2012-09-17 21:47:29',0x01,0x01,'2012-09-17 21:47:29','2513','潍坊市',201209000025),
 (201209000285,'2012-09-17 21:47:29',0x01,0x01,'2012-09-17 21:47:29','2514','威海市',201209000025),
 (201209000286,'2012-09-17 21:47:29',0x01,0x01,'2012-09-17 21:47:29','2515','烟台市',201209000025),
 (201209000287,'2012-09-17 21:47:29',0x01,0x01,'2012-09-17 21:47:29','2516','枣庄市',201209000025),
 (201209000288,'2012-09-17 21:47:29',0x01,0x01,'2012-09-17 21:47:29','2517','淄博市',201209000025),
 (201209000289,'2012-09-17 21:50:27',0x01,0x01,'2012-09-17 21:50:27','2701','长治市',201209000027),
 (201209000290,'2012-09-17 21:50:27',0x01,0x01,'2012-09-17 21:50:27','2702','大同市',201209000027),
 (201209000291,'2012-09-17 21:50:27',0x01,0x01,'2012-09-17 21:50:27','2703','晋城市',201209000027),
 (201209000292,'2012-09-17 21:50:28',0x01,0x01,'2012-09-17 21:50:28','2704','晋中市',201209000027),
 (201209000293,'2012-09-17 21:50:28',0x01,0x01,'2012-09-17 21:50:28','2705','临汾市',201209000027),
 (201209000294,'2012-09-17 21:50:28',0x01,0x01,'2012-09-17 21:50:28','2706','吕梁市',201209000027),
 (201209000295,'2012-09-17 21:50:28',0x01,0x01,'2012-09-17 21:50:28','2707','朔州市',201209000027),
 (201209000296,'2012-09-17 21:50:28',0x01,0x01,'2012-09-17 21:50:28','2708','太原市',201209000027),
 (201209000297,'2012-09-17 21:50:28',0x01,0x01,'2012-09-17 21:50:28','2709','阳泉市',201209000027),
 (201209000298,'2012-09-17 21:50:28',0x01,0x01,'2012-09-17 21:50:28','2710','忻州市',201209000027),
 (201209000299,'2012-09-17 21:50:28',0x01,0x01,'2012-09-17 21:50:28','2711','运城市',201209000027),
 (201209000300,'2012-09-17 22:10:36',0x01,0x01,'2012-09-17 22:10:36','2801','阿坝州',201209000028),
 (201209000301,'2012-09-17 22:10:36',0x01,0x01,'2012-09-17 22:10:36','2802','巴中市',201209000028),
 (201209000302,'2012-09-17 22:10:36',0x01,0x01,'2012-09-17 22:10:36','2803','成都市',201209000028),
 (201209000303,'2012-09-17 22:10:36',0x01,0x01,'2012-09-17 22:10:36','2804','达州市',201209000028),
 (201209000304,'2012-09-17 22:10:37',0x01,0x01,'2012-09-17 22:10:37','2805','德阳市',201209000028),
 (201209000305,'2012-09-17 22:10:37',0x01,0x01,'2012-09-17 22:10:37','2806','甘孜州',201209000028),
 (201209000306,'2012-09-17 22:10:37',0x01,0x01,'2012-09-17 22:10:37','2807','广安市',201209000028),
 (201209000307,'2012-09-17 22:10:37',0x01,0x01,'2012-09-17 22:10:37','2808','广元市',201209000028),
 (201209000308,'2012-09-17 22:10:37',0x01,0x01,'2012-09-17 22:10:37','2809','乐山市',201209000028),
 (201209000309,'2012-09-17 22:10:37',0x01,0x01,'2012-09-17 22:10:37','2810','凉山州',201209000028),
 (201209000310,'2012-09-17 22:10:37',0x01,0x01,'2012-09-17 22:10:37','2811','泸州市',201209000028),
 (201209000311,'2012-09-17 22:10:37',0x01,0x01,'2012-09-17 22:10:37','2812','眉山市',201209000028),
 (201209000312,'2012-09-17 22:10:37',0x01,0x01,'2012-09-17 22:10:37','2813','绵阳市',201209000028),
 (201209000313,'2012-09-17 22:10:37',0x01,0x01,'2012-09-17 22:10:37','2814','南充市',201209000028),
 (201209000314,'2012-09-17 22:10:37',0x01,0x01,'2012-09-17 22:10:37','2815','内江市',201209000028),
 (201209000315,'2012-09-17 22:10:37',0x01,0x01,'2012-09-17 22:10:37','2816','攀枝花市',201209000028),
 (201209000316,'2012-09-17 22:10:37',0x01,0x01,'2012-09-17 22:10:37','2817','遂宁市',201209000028),
 (201209000317,'2012-09-17 22:10:37',0x01,0x01,'2012-09-17 22:10:37','2818','雅安市',201209000028),
 (201209000318,'2012-09-17 22:10:37',0x01,0x01,'2012-09-17 22:10:37','2819','宜宾市',201209000028),
 (201209000319,'2012-09-17 22:10:37',0x01,0x01,'2012-09-17 22:10:37','2820','自贡市',201209000028),
 (201209000320,'2012-09-17 22:10:37',0x01,0x01,'2012-09-17 22:10:37','2821','资阳市',201209000028),
 (201209000321,'2012-09-17 22:21:06',0x01,0x01,'2012-09-17 22:21:06','2901','嘉义市',201209000029),
 (201209000322,'2012-09-17 22:21:06',0x01,0x01,'2012-09-17 22:21:06','2902','新竹市',201209000029),
 (201209000323,'2012-09-17 22:21:06',0x01,0x01,'2012-09-17 22:21:06','2903','高雄市',201209000029),
 (201209000324,'2012-09-17 22:21:07',0x01,0x01,'2012-09-17 22:21:07','2904','基隆市',201209000029),
 (201209000325,'2012-09-17 22:21:07',0x01,0x01,'2012-09-17 22:21:07','2905','台中市',201209000029),
 (201209000326,'2012-09-17 22:21:07',0x01,0x01,'2012-09-17 22:21:07','2906','台南市',201209000029),
 (201209000327,'2012-09-17 22:21:07',0x01,0x01,'2012-09-17 22:21:07','2907','台北市',201209000029),
 (201209000328,'2012-09-17 22:23:20',0x01,0x01,'2012-09-17 22:23:20','3101','拉萨市',201209000031),
 (201209000329,'2012-09-17 22:23:20',0x01,0x01,'2012-09-17 22:23:20','3102','那曲地区',201209000031),
 (201209000330,'2012-09-17 22:23:21',0x01,0x01,'2012-09-17 22:23:21','3103','阿里地区',201209000031),
 (201209000331,'2012-09-17 22:23:21',0x01,0x01,'2012-09-17 22:23:21','3104','林芝地区',201209000031),
 (201209000332,'2012-09-17 22:23:21',0x01,0x01,'2012-09-17 22:23:21','3105','昌都地区',201209000031),
 (201209000333,'2012-09-17 22:23:21',0x01,0x01,'2012-09-17 22:23:21','3106','日喀则地区',201209000031),
 (201209000334,'2012-09-17 22:23:21',0x01,0x01,'2012-09-17 22:23:21','3107','山南地区',201209000031),
 (201209000335,'2012-09-17 22:27:06',0x01,0x01,'2012-09-17 22:27:06','3201','阿克苏地区',201209000032),
 (201209000336,'2012-09-17 22:27:06',0x01,0x01,'2012-09-17 22:27:06','3202','阿勒泰地区',201209000032),
 (201209000337,'2012-09-17 22:27:06',0x01,0x01,'2012-09-17 22:27:06','3203','博尔塔拉蒙古自治州',201209000032),
 (201209000338,'2012-09-17 22:27:06',0x01,0x01,'2012-09-17 22:27:06','3204','昌吉回族自治州',201209000032),
 (201209000339,'2012-09-17 22:27:06',0x01,0x01,'2012-09-17 22:27:06','3205','哈密地区',201209000032),
 (201209000340,'2012-09-17 22:27:06',0x01,0x01,'2012-09-17 22:27:06','3206','和田地区',201209000032),
 (201209000341,'2012-09-17 22:27:06',0x01,0x01,'2012-09-17 22:27:06','3207','伊犁哈萨克自治州',201209000032),
 (201209000342,'2012-09-17 22:27:06',0x01,0x01,'2012-09-17 22:27:06','3208','克拉玛依市',201209000032),
 (201209000343,'2012-09-17 22:27:06',0x01,0x01,'2012-09-17 22:27:06','3209','喀什地区',201209000032),
 (201209000344,'2012-09-17 22:27:06',0x01,0x01,'2012-09-17 22:27:06','3210','克孜勒苏柯尔克孜自治',201209000032),
 (201209000345,'2012-09-17 22:27:07',0x01,0x01,'2012-09-17 22:27:07','3211','巴音郭楞蒙古自治州',201209000032),
 (201209000346,'2012-09-17 22:27:07',0x01,0x01,'2012-09-17 22:27:07','3212','塔城地区',201209000032),
 (201209000347,'2012-09-17 22:27:07',0x01,0x01,'2012-09-17 22:27:07','3213','吐鲁番地区',201209000032),
 (201209000348,'2012-09-17 22:27:07',0x01,0x01,'2012-09-17 22:27:07','3214','乌鲁木齐市',201209000032),
 (201209000349,'2012-09-17 22:30:07',0x01,0x01,'2012-09-17 22:30:07','3301','保山市',201209000033),
 (201209000350,'2012-09-17 22:30:07',0x01,0x01,'2012-09-17 22:30:07','3302','楚雄州',201209000033),
 (201209000351,'2012-09-17 22:30:07',0x01,0x01,'2012-09-17 22:30:07','3303','大理州',201209000033),
 (201209000352,'2012-09-17 22:30:07',0x01,0x01,'2012-09-17 22:30:07','3304','德宏州',201209000033),
 (201209000353,'2012-09-17 22:30:07',0x01,0x01,'2012-09-17 22:30:07','3305','迪庆州',201209000033),
 (201209000354,'2012-09-17 22:30:07',0x01,0x01,'2012-09-17 22:30:07','3306','红河州',201209000033),
 (201209000355,'2012-09-17 22:30:07',0x01,0x01,'2012-09-17 22:30:07','3307','昆明市',201209000033),
 (201209000356,'2012-09-17 22:30:07',0x01,0x01,'2012-09-17 22:30:07','3308','丽江市',201209000033),
 (201209000357,'2012-09-17 22:30:07',0x01,0x01,'2012-09-17 22:30:07','3309','临沧市',201209000033),
 (201209000358,'2012-09-17 22:30:07',0x01,0x01,'2012-09-17 22:30:07','3310','怒江州',201209000033),
 (201209000359,'2012-09-17 22:30:07',0x01,0x01,'2012-09-17 22:30:07','3311','普洱市',201209000033),
 (201209000360,'2012-09-17 22:30:07',0x01,0x01,'2012-09-17 22:30:07','3312','曲靖市',201209000033),
 (201209000361,'2012-09-17 22:30:07',0x01,0x01,'2012-09-17 22:30:07','3313','昭通市',201209000033),
 (201209000362,'2012-09-17 22:30:07',0x01,0x01,'2012-09-17 22:30:07','3314','文山州',201209000033),
 (201209000363,'2012-09-17 22:30:07',0x01,0x01,'2012-09-17 22:30:07','3315','西双版纳州',201209000033),
 (201209000364,'2012-09-17 22:30:07',0x01,0x01,'2012-09-17 22:30:07','3316','玉溪市',201209000033),
 (201209000365,'2012-09-17 22:33:00',0x01,0x01,'2012-09-17 22:33:00','3401','杭州市',201209000034),
 (201209000366,'2012-09-17 22:33:00',0x01,0x01,'2012-09-17 22:33:00','3402','湖州市',201209000034),
 (201209000367,'2012-09-17 22:33:00',0x01,0x01,'2012-09-17 22:33:00','3403','嘉兴市',201209000034),
 (201209000368,'2012-09-17 22:33:00',0x01,0x01,'2012-09-17 22:33:00','3404','金华市',201209000034),
 (201209000369,'2012-09-17 22:33:00',0x01,0x01,'2012-09-17 22:33:00','3405','丽水市',201209000034),
 (201209000370,'2012-09-17 22:33:00',0x01,0x01,'2012-09-17 22:33:00','3406','宁波市',201209000034),
 (201209000371,'2012-09-17 22:33:00',0x01,0x01,'2012-09-17 22:33:00','3407','衢州市',201209000034),
 (201209000372,'2012-09-17 22:33:00',0x01,0x01,'2012-09-17 22:33:00','3408','绍兴市',201209000034),
 (201209000373,'2012-09-17 22:33:00',0x01,0x01,'2012-09-17 22:33:00','3409','台州市',201209000034),
 (201209000374,'2012-09-17 22:33:01',0x01,0x01,'2012-09-17 22:33:01','3410','温州市',201209000034),
 (201209000375,'2012-09-17 22:33:01',0x01,0x01,'2012-09-17 22:33:01','3411','舟山市',201209000034),
 (201209000376,'2012-09-17 22:42:12',0x01,0x01,'2012-09-17 22:42:12','0201','北京市',201209000002),
 (201209000377,'2012-09-17 22:42:12',0x01,0x01,'2012-09-17 22:42:12','3001','天津市',201209000030),
 (201209000378,'2012-09-17 22:43:36',0x01,0x01,'2012-09-17 22:43:36','2601','上海市',201209000026),
 (201209000379,'2012-09-17 22:42:12',0x01,0x01,'2012-09-17 22:42:12','0301','重庆市',201209000003),
 (201209000380,'2012-09-17 22:48:32',0x01,0x01,'2012-09-17 22:48:32','060101','市区',201209000075),
 (201209000381,'2012-09-17 22:48:33',0x01,0x01,'2012-09-17 22:48:33','060102','东区',201209000075),
 (201209000382,'2012-09-17 22:48:33',0x01,0x01,'2012-09-17 22:48:33','060103','南区',201209000075),
 (201209000383,'2012-09-17 22:48:33',0x01,0x01,'2012-09-17 22:48:33','060104','西区',201209000075),
 (201209000384,'2012-09-17 22:48:33',0x01,0x01,'2012-09-17 22:48:33','060105','火炬区',201209000075),
 (201209000385,'2012-09-17 22:48:33',0x01,0x01,'2012-09-17 22:48:33','060106','石岐区',201209000075),
 (201209000386,'2012-09-17 22:48:33',0x01,0x01,'2012-09-17 22:48:33','060107','古镇',201209000075),
 (201209000387,'2012-09-17 22:48:33',0x01,0x01,'2012-09-17 22:48:33','060108','板芙镇',201209000075),
 (201209000388,'2012-09-17 22:48:33',0x01,0x01,'2012-09-17 22:48:33','060109','东凤镇',201209000075),
 (201209000389,'2012-09-17 22:48:33',0x01,0x01,'2012-09-17 22:48:33','060110','东升镇',201209000075),
 (201209000390,'2012-09-17 22:48:33',0x01,0x01,'2012-09-17 22:48:33','060111','阜沙镇',201209000075),
 (201209000391,'2012-09-17 22:48:33',0x01,0x01,'2012-09-17 22:48:33','060112','港口镇',201209000075),
 (201209000392,'2012-09-17 22:48:33',0x01,0x01,'2012-09-17 22:48:33','060113','横栏镇',201209000075),
 (201209000393,'2012-09-17 22:48:33',0x01,0x01,'2012-09-17 22:48:33','060114','黄圃镇',201209000075),
 (201209000394,'2012-09-17 22:48:33',0x01,0x01,'2012-09-17 22:48:33','060115','民众镇',201209000075),
 (201209000395,'2012-09-17 22:48:33',0x01,0x01,'2012-09-17 22:48:33','060116','南朗镇',201209000075),
 (201209000396,'2012-09-17 22:48:33',0x01,0x01,'2012-09-17 22:48:33','060117','南头镇',201209000075),
 (201209000397,'2012-09-17 22:48:33',0x01,0x01,'2012-09-17 22:48:33','060118','三角镇',201209000075),
 (201209000398,'2012-09-17 22:48:33',0x01,0x01,'2012-09-17 22:48:33','060119','三乡镇',201209000075),
 (201209000399,'2012-09-17 22:48:34',0x01,0x01,'2012-09-17 22:48:34','060120','沙溪镇',201209000075),
 (201209000400,'2012-09-17 22:48:34',0x01,0x01,'2012-09-17 22:48:34','060121','神湾镇',201209000075),
 (201209000401,'2012-09-17 22:48:34',0x01,0x01,'2012-09-17 22:48:34','060122','大涌镇',201209000075),
 (201209000402,'2012-09-17 22:48:34',0x01,0x01,'2012-09-17 22:48:34','060123','坦洲镇',201209000075),
 (201209000403,'2012-09-17 22:48:34',0x01,0x01,'2012-09-17 22:48:34','060124','五桂山',201209000075),
 (201209000404,'2012-09-17 22:52:16',0x01,0x01,'2012-09-17 22:52:16','060501','斗门区',201209000079),
 (201209000405,'2012-09-17 22:52:16',0x01,0x01,'2012-09-17 22:52:16','060502','金湾区',201209000079),
 (201209000406,'2012-09-17 22:52:16',0x01,0x01,'2012-09-17 22:52:16','060503','香洲区',201209000079),
 (201209000407,'2012-09-17 22:55:37',0x01,0x01,'2012-09-17 22:55:37','060401','恩平市',201209000078),
 (201209000408,'2012-09-17 22:55:37',0x01,0x01,'2012-09-17 22:55:37','060402','鹤山市',201209000078),
 (201209000409,'2012-09-17 22:55:37',0x01,0x01,'2012-09-17 22:55:37','060403','江海区',201209000078),
 (201209000410,'2012-09-17 22:55:37',0x01,0x01,'2012-09-17 22:55:37','060404','开平市',201209000078),
 (201209000411,'2012-09-17 22:55:37',0x01,0x01,'2012-09-17 22:55:37','060405','蓬江区',201209000078),
 (201209000412,'2012-09-17 22:55:37',0x01,0x01,'2012-09-17 22:55:37','060406','台山市',201209000078),
 (201209000413,'2012-09-17 22:55:37',0x01,0x01,'2012-09-17 22:55:37','060407','新会区',201209000078),
 (201209000414,'2012-09-17 22:58:17',0x01,0x01,'2012-09-17 22:58:17','060201','禅城区',201209000076),
 (201209000415,'2012-09-17 22:58:17',0x01,0x01,'2012-09-17 22:58:17','060202','高明区',201209000076),
 (201209000416,'2012-09-17 22:58:17',0x01,0x01,'2012-09-17 22:58:17','060203','南海区',201209000076),
 (201209000417,'2012-09-17 22:58:17',0x01,0x01,'2012-09-17 22:58:17','060204','三水区',201209000076),
 (201209000418,'2012-09-17 22:58:17',0x01,0x01,'2012-09-17 22:58:17','060205','顺德区',201209000076);
/*!40000 ALTER TABLE `base_area` ENABLE KEYS */;


--
-- Definition of table `base_category`
--

DROP TABLE IF EXISTS `base_category`;
CREATE TABLE `base_category` (
  `id` bigint(20) NOT NULL,
  `createTime` varchar(255) NOT NULL,
  `flag` bit(1) NOT NULL,
  `status` bit(1) NOT NULL,
  `updateTime` varchar(255) NOT NULL,
  `code` varchar(255) NOT NULL,
  `name` varchar(255) NOT NULL,
  `sort` varchar(255) NOT NULL,
  `fk_category_id` bigint(20) DEFAULT NULL,
  PRIMARY KEY (`id`),
  UNIQUE KEY `id` (`id`),
  UNIQUE KEY `code` (`code`),
  KEY `FK849602ACA175F55C` (`fk_category_id`),
  CONSTRAINT `FK849602ACA175F55C` FOREIGN KEY (`fk_category_id`) REFERENCES `base_category` (`id`)
) ENGINE=InnoDB DEFAULT CHARSET=utf8;

--
-- Dumping data for table `base_category`
--

/*!40000 ALTER TABLE `base_category` DISABLE KEYS */;
/*!40000 ALTER TABLE `base_category` ENABLE KEYS */;


--
-- Definition of table `base_company`
--

DROP TABLE IF EXISTS `base_company`;
CREATE TABLE `base_company` (
  `id` bigint(20) NOT NULL,
  `createTime` varchar(255) NOT NULL,
  `flag` bit(1) NOT NULL,
  `status` bit(1) NOT NULL,
  `updateTime` varchar(255) NOT NULL,
  `address` varchar(255) DEFAULT NULL,
  `city` varchar(255) DEFAULT NULL,
  `code` varchar(255) NOT NULL,
  `email` varchar(255) DEFAULT NULL,
  `fax` varchar(255) DEFAULT NULL,
  `linkman` varchar(255) DEFAULT NULL,
  `mobile` varchar(255) DEFAULT NULL,
  `name` varchar(255) NOT NULL,
  `phone` varchar(255) DEFAULT NULL,
  `postcode` varchar(255) DEFAULT NULL,
  `province` varchar(255) DEFAULT NULL,
  `qq` varchar(255) DEFAULT NULL,
  `tel` varchar(255) DEFAULT NULL,
  `fk_industry_id` bigint(20) DEFAULT NULL,
  `fk_company_id` bigint(20) DEFAULT NULL,
  `fk_city_id` bigint(20) DEFAULT NULL,
  `fk_province_id` bigint(20) DEFAULT NULL,
  `shortName` varchar(255) DEFAULT NULL,
  PRIMARY KEY (`id`),
  UNIQUE KEY `id` (`id`),
  UNIQUE KEY `code` (`code`),
  KEY `FK5DDD890FA1A3CE2` (`fk_industry_id`),
  KEY `FK5DDD890F46B61FF3` (`fk_company_id`),
  KEY `FK5DDD890FFC026379` (`fk_province_id`),
  KEY `FK5DDD890FEF32BA5E` (`fk_city_id`),
  CONSTRAINT `FK5DDD890F46B61FF3` FOREIGN KEY (`fk_company_id`) REFERENCES `base_company` (`id`),
  CONSTRAINT `FK5DDD890FA1A3CE2` FOREIGN KEY (`fk_industry_id`) REFERENCES `sys_dict` (`id`),
  CONSTRAINT `FK5DDD890FEF32BA5E` FOREIGN KEY (`fk_city_id`) REFERENCES `base_area` (`id`),
  CONSTRAINT `FK5DDD890FFC026379` FOREIGN KEY (`fk_province_id`) REFERENCES `base_area` (`id`)
) ENGINE=InnoDB DEFAULT CHARSET=utf8;

--
-- Dumping data for table `base_company`
--

/*!40000 ALTER TABLE `base_company` DISABLE KEYS */;
/*!40000 ALTER TABLE `base_company` ENABLE KEYS */;


--
-- Definition of table `base_customer`
--

DROP TABLE IF EXISTS `base_customer`;
CREATE TABLE `base_customer` (
  `id` bigint(20) NOT NULL,
  `createTime` varchar(255) NOT NULL,
  `flag` bit(1) NOT NULL,
  `status` bit(1) NOT NULL,
  `updateTime` varchar(255) NOT NULL,
  `address` varchar(255) DEFAULT NULL,
  `city` varchar(255) DEFAULT NULL,
  `code` varchar(255) NOT NULL,
  `email` varchar(255) DEFAULT NULL,
  `fax` varchar(255) DEFAULT NULL,
  `linkman` varchar(255) DEFAULT NULL,
  `mobile` varchar(255) DEFAULT NULL,
  `name` varchar(255) NOT NULL,
  `phone` varchar(255) DEFAULT NULL,
  `postcode` varchar(255) DEFAULT NULL,
  `province` varchar(255) DEFAULT NULL,
  `qq` varchar(255) DEFAULT NULL,
  `tel` varchar(255) DEFAULT NULL,
  `fk_industry_id` bigint(20) DEFAULT NULL,
  `fk_sort_id` bigint(20) DEFAULT NULL,
  `fk_city_id` bigint(20) DEFAULT NULL,
  `fk_province_id` bigint(20) DEFAULT NULL,
  `shortName` varchar(255) DEFAULT NULL,
  PRIMARY KEY (`id`),
  UNIQUE KEY `id` (`id`),
  UNIQUE KEY `code` (`code`),
  KEY `FKA5B4C58CE3EDA422` (`fk_sort_id`),
  KEY `FKA5B4C58CA1A3CE2` (`fk_industry_id`),
  KEY `FKA5B4C58CFC026379` (`fk_province_id`),
  KEY `FKA5B4C58CEF32BA5E` (`fk_city_id`),
  CONSTRAINT `FKA5B4C58CA1A3CE2` FOREIGN KEY (`fk_industry_id`) REFERENCES `sys_dict` (`id`),
  CONSTRAINT `FKA5B4C58CE3EDA422` FOREIGN KEY (`fk_sort_id`) REFERENCES `sys_dict` (`id`),
  CONSTRAINT `FKA5B4C58CEF32BA5E` FOREIGN KEY (`fk_city_id`) REFERENCES `base_area` (`id`),
  CONSTRAINT `FKA5B4C58CFC026379` FOREIGN KEY (`fk_province_id`) REFERENCES `base_area` (`id`)
) ENGINE=InnoDB DEFAULT CHARSET=utf8;

--
-- Dumping data for table `base_customer`
--

/*!40000 ALTER TABLE `base_customer` DISABLE KEYS */;
INSERT INTO `base_customer` (`id`,`createTime`,`flag`,`status`,`updateTime`,`address`,`city`,`code`,`email`,`fax`,`linkman`,`mobile`,`name`,`phone`,`postcode`,`province`,`qq`,`tel`,`fk_industry_id`,`fk_sort_id`,`fk_city_id`,`fk_province_id`,`shortName`) VALUES 
 (201209000005,'2012-09-22 17:40:29',0x01,0x01,'2012-10-13 16:34:58','三乡镇牙雅居乐新城1号',NULL,'1001','zshudc@163.com','0760-88991234','李鸿章','13849493838','中山华海地产服务公司','0760-88991234','528403',NULL,NULL,'0760-88990101',201209000053,201209000005,201209000075,201209000006,'华海地产'),
 (201210000001,'2012-10-13 16:34:40',0x01,0x01,'2012-10-13 16:35:15','富华道6号数码广场富荣阁10楼BC',NULL,'201200001',NULL,'0760-86743939','李玉锋','15914691323','捷联科技有限公司中山分公司','0760-88633788',NULL,NULL,NULL,NULL,NULL,201209000005,201209000075,201209000006,'捷联科技'),
 (201210000002,'2012-10-13 16:40:15',0x01,0x01,'2012-10-13 16:40:15','西苑电脑城2楼2146卡',NULL,'201200002','famousbin@126.com','0760-88161868','李健安','13790723868','乐分享','0760-88161868',NULL,NULL,NULL,'0760-22119863',NULL,201209000005,201209000075,201209000006,'乐分享');
/*!40000 ALTER TABLE `base_customer` ENABLE KEYS */;


--
-- Definition of table `base_customer_log`
--

DROP TABLE IF EXISTS `base_customer_log`;
CREATE TABLE `base_customer_log` (
  `id` bigint(20) NOT NULL,
  `createTime` varchar(255) NOT NULL,
  `flag` bit(1) NOT NULL,
  `status` bit(1) NOT NULL,
  `updateTime` varchar(255) NOT NULL,
  `context` varchar(255) NOT NULL,
  `fk_customer_id` bigint(20) DEFAULT NULL,
  `fk_employee_id` bigint(20) DEFAULT NULL,
  PRIMARY KEY (`id`),
  UNIQUE KEY `id` (`id`),
  KEY `FK8BABF2118C980CC1` (`fk_customer_id`),
  KEY `FK8BABF2114FB4DAC1` (`fk_employee_id`),
  CONSTRAINT `FK8BABF2114FB4DAC1` FOREIGN KEY (`fk_employee_id`) REFERENCES `base_employee` (`id`),
  CONSTRAINT `FK8BABF2118C980CC1` FOREIGN KEY (`fk_customer_id`) REFERENCES `base_customer` (`id`)
) ENGINE=InnoDB DEFAULT CHARSET=utf8;

--
-- Dumping data for table `base_customer_log`
--

/*!40000 ALTER TABLE `base_customer_log` DISABLE KEYS */;
/*!40000 ALTER TABLE `base_customer_log` ENABLE KEYS */;


--
-- Definition of table `base_customer_plan`
--

DROP TABLE IF EXISTS `base_customer_plan`;
CREATE TABLE `base_customer_plan` (
  `id` bigint(20) NOT NULL,
  `createTime` varchar(255) NOT NULL,
  `flag` bit(1) NOT NULL,
  `status` bit(1) NOT NULL,
  `updateTime` varchar(255) NOT NULL,
  `context` varchar(255) NOT NULL,
  `sort` varchar(255) NOT NULL,
  `fk_customer_id` bigint(20) DEFAULT NULL,
  `fk_employee_id` bigint(20) DEFAULT NULL,
  PRIMARY KEY (`id`),
  UNIQUE KEY `id` (`id`),
  KEY `FKE9D415FC8C980CC1` (`fk_customer_id`),
  KEY `FKE9D415FC4FB4DAC1` (`fk_employee_id`),
  CONSTRAINT `FKE9D415FC4FB4DAC1` FOREIGN KEY (`fk_employee_id`) REFERENCES `base_employee` (`id`),
  CONSTRAINT `FKE9D415FC8C980CC1` FOREIGN KEY (`fk_customer_id`) REFERENCES `base_customer` (`id`)
) ENGINE=InnoDB DEFAULT CHARSET=utf8;

--
-- Dumping data for table `base_customer_plan`
--

/*!40000 ALTER TABLE `base_customer_plan` DISABLE KEYS */;
/*!40000 ALTER TABLE `base_customer_plan` ENABLE KEYS */;


--
-- Definition of table `base_employee`
--

DROP TABLE IF EXISTS `base_employee`;
CREATE TABLE `base_employee` (
  `id` bigint(20) NOT NULL,
  `createTime` varchar(255) NOT NULL,
  `flag` bit(1) NOT NULL,
  `status` bit(1) NOT NULL,
  `updateTime` varchar(255) NOT NULL,
  `blood` varchar(255) DEFAULT NULL,
  `born` varchar(255) DEFAULT NULL,
  `email` varchar(255) DEFAULT NULL,
  `height` varchar(255) DEFAULT NULL,
  `love` varchar(255) DEFAULT NULL,
  `mobile` varchar(255) DEFAULT NULL,
  `name` varchar(255) DEFAULT NULL,
  `phone` varchar(255) DEFAULT NULL,
  `postcode` varchar(255) DEFAULT NULL,
  `qq` varchar(255) DEFAULT NULL,
  `sex` varchar(255) NOT NULL,
  `weight` varchar(255) DEFAULT NULL,
  `code` varchar(255) NOT NULL,
  `idcard` varchar(255) NOT NULL,
  `fk_department_id` bigint(20) DEFAULT NULL,
  `fk_duty_id` bigint(20) DEFAULT NULL,
  `fk_idtype_id` bigint(20) DEFAULT NULL,
  PRIMARY KEY (`id`),
  UNIQUE KEY `id` (`id`),
  UNIQUE KEY `code` (`code`),
  UNIQUE KEY `idcard` (`idcard`),
  KEY `FKC8B62C5CA6FADA0B` (`fk_idtype_id`),
  KEY `FKC8B62C5CD4CBB3EA` (`fk_duty_id`),
  KEY `FKC8B62C5CFB9C8D6E` (`fk_department_id`),
  CONSTRAINT `FKC8B62C5CA6FADA0B` FOREIGN KEY (`fk_idtype_id`) REFERENCES `sys_dict` (`id`),
  CONSTRAINT `FKC8B62C5CD4CBB3EA` FOREIGN KEY (`fk_duty_id`) REFERENCES `sys_dict` (`id`),
  CONSTRAINT `FKC8B62C5CFB9C8D6E` FOREIGN KEY (`fk_department_id`) REFERENCES `sys_dict` (`id`)
) ENGINE=InnoDB DEFAULT CHARSET=utf8;

--
-- Dumping data for table `base_employee`
--

/*!40000 ALTER TABLE `base_employee` DISABLE KEYS */;
INSERT INTO `base_employee` (`id`,`createTime`,`flag`,`status`,`updateTime`,`blood`,`born`,`email`,`height`,`love`,`mobile`,`name`,`phone`,`postcode`,`qq`,`sex`,`weight`,`code`,`idcard`,`fk_department_id`,`fk_duty_id`,`fk_idtype_id`) VALUES 
 (201209000001,'2012-09-09 09:30:39',0x01,0x01,'2012-09-09 09:35:48','O','1985-10-10','duloveping@qq.com',NULL,NULL,'13652220051','杜永生','18924518080','528403','419116736','MALE',NULL,'1001','441621198510082231',201209000001,201209000020,201209000012),
 (201209000005,'2012-09-15 14:34:56',0x01,0x01,'2012-09-23 00:05:45','A','1991-10-01','lml@kt.com',NULL,NULL,'13543803864','刘美玲','0760-86323161','528403','845203969','FEMALE',NULL,'1002','442121199110012231',201209000003,201209000029,201209000012);
/*!40000 ALTER TABLE `base_employee` ENABLE KEYS */;


--
-- Definition of table `base_linkman`
--

DROP TABLE IF EXISTS `base_linkman`;
CREATE TABLE `base_linkman` (
  `id` bigint(20) NOT NULL,
  `createTime` varchar(255) NOT NULL,
  `flag` bit(1) NOT NULL,
  `status` bit(1) NOT NULL,
  `updateTime` varchar(255) NOT NULL,
  `blood` varchar(255) DEFAULT NULL,
  `born` varchar(255) DEFAULT NULL,
  `email` varchar(255) DEFAULT NULL,
  `height` varchar(255) DEFAULT NULL,
  `love` varchar(255) DEFAULT NULL,
  `mobile` varchar(255) DEFAULT NULL,
  `name` varchar(255) DEFAULT NULL,
  `phone` varchar(255) DEFAULT NULL,
  `postcode` varchar(255) DEFAULT NULL,
  `qq` varchar(255) DEFAULT NULL,
  `sex` varchar(255) NOT NULL,
  `weight` varchar(255) DEFAULT NULL,
  `dataId` bigint(20) NOT NULL,
  `sort` varchar(255) NOT NULL,
  PRIMARY KEY (`id`),
  UNIQUE KEY `id` (`id`)
) ENGINE=InnoDB DEFAULT CHARSET=utf8;

--
-- Dumping data for table `base_linkman`
--

/*!40000 ALTER TABLE `base_linkman` DISABLE KEYS */;
INSERT INTO `base_linkman` (`id`,`createTime`,`flag`,`status`,`updateTime`,`blood`,`born`,`email`,`height`,`love`,`mobile`,`name`,`phone`,`postcode`,`qq`,`sex`,`weight`,`dataId`,`sort`) VALUES 
 (201209000007,'2012-09-22 19:32:29',0x01,0x01,'2012-09-22 19:32:29',NULL,NULL,'liulp@sina.cn',NULL,NULL,'13590807060','刘丽萍','0760-88991234',NULL,'441621199','FEMALE',NULL,201209000005,'CUSTOMER'),
 (201209000008,'2012-09-22 19:34:18',0x01,0x01,'2012-09-22 19:34:18',NULL,NULL,'zhangyz@163.com',NULL,NULL,'13543803864','张月珍','0760-88991251',NULL,'441621199','FEMALE',NULL,201209000005,'CUSTOMER'),
 (201209000009,'2012-09-22 19:45:53',0x01,0x01,'2012-09-22 19:45:53',NULL,NULL,'lihz@sina.com.cn',NULL,NULL,'13849493838','李鸿章','0760-88990101',NULL,'441699999','MALE',NULL,201209000005,'CUSTOMER'),
 (201209000011,'2012-09-27 21:53:26',0x01,0x01,'2012-09-27 21:53:26',NULL,NULL,NULL,NULL,NULL,'13852254000','李永生','0760-88662323',NULL,NULL,'MALE',NULL,201209000003,'PROVIDER');
/*!40000 ALTER TABLE `base_linkman` ENABLE KEYS */;


--
-- Definition of table `base_mater_sort`
--

DROP TABLE IF EXISTS `base_mater_sort`;
CREATE TABLE `base_mater_sort` (
  `id` bigint(20) NOT NULL,
  `createTime` varchar(255) NOT NULL,
  `flag` bit(1) NOT NULL,
  `status` bit(1) NOT NULL,
  `updateTime` varchar(255) NOT NULL,
  `code` varchar(255) NOT NULL,
  `name` varchar(255) NOT NULL,
  `fk_sort_id` bigint(20) DEFAULT NULL,
  PRIMARY KEY (`id`),
  UNIQUE KEY `id` (`id`),
  UNIQUE KEY `code` (`code`),
  KEY `FK53E2A6BEAD6E8423` (`fk_sort_id`),
  CONSTRAINT `FK53E2A6BEAD6E8423` FOREIGN KEY (`fk_sort_id`) REFERENCES `base_mater_sort` (`id`)
) ENGINE=InnoDB DEFAULT CHARSET=utf8;

--
-- Dumping data for table `base_mater_sort`
--

/*!40000 ALTER TABLE `base_mater_sort` DISABLE KEYS */;
INSERT INTO `base_mater_sort` (`id`,`createTime`,`flag`,`status`,`updateTime`,`code`,`name`,`fk_sort_id`) VALUES 
 (201210000014,'2012-10-08 21:00:13',0x01,0x01,'2012-10-09 10:44:36','009','面料',NULL),
 (201210000015,'2012-10-08 21:00:25',0x01,0x01,'2012-10-08 21:00:25','009001','棉布',201210000014),
 (201210000016,'2012-10-08 21:00:37',0x01,0x01,'2012-10-08 21:00:37','009002','麻布',201210000014),
 (201210000017,'2012-10-08 21:00:49',0x01,0x01,'2012-10-08 21:00:49','009003','丝绸',201210000014),
 (201210000018,'2012-10-08 21:01:03',0x01,0x01,'2012-10-08 21:01:03','009004','呢绒',201210000014),
 (201210000019,'2012-10-08 21:01:14',0x01,0x01,'2012-10-08 21:01:14','009005','皮革',201210000014),
 (201210000020,'2012-10-08 21:01:27',0x01,0x01,'2012-10-08 21:01:27','009006','化纤',201210000014),
 (201210000023,'2012-10-09 10:45:28',0x01,0x01,'2012-10-09 10:45:28','011','里料',NULL),
 (201210000024,'2012-10-09 10:45:56',0x01,0x01,'2012-10-09 10:45:56','012','衬料',NULL),
 (201210000025,'2012-10-09 10:46:28',0x01,0x01,'2012-10-09 10:46:28','013','填料',NULL),
 (201210000026,'2012-10-09 10:46:46',0x01,0x01,'2012-10-09 10:46:46','014','胆料',NULL),
 (201210000027,'2012-10-09 10:47:03',0x01,0x01,'2012-10-09 10:47:03','015','辅料',NULL),
 (201210000028,'2012-10-09 10:56:59',0x01,0x01,'2012-10-09 10:56:59','011001','棉纤维里料',201210000023),
 (201210000029,'2012-10-09 10:57:38',0x01,0x01,'2012-10-09 10:57:38','011002','丝织物里料',201210000023),
 (201210000030,'2012-10-09 10:58:04',0x01,0x01,'2012-10-09 10:58:04','011003','粘胶纤维里料',201210000023),
 (201210000031,'2012-10-09 10:58:21',0x01,0x01,'2012-10-09 10:58:21','011004','醋酯长丝里料',201210000023),
 (201210000032,'2012-10-09 10:58:41',0x01,0x01,'2012-10-09 10:58:41','011005','合成纤维长丝里料',201210000023),
 (201210000033,'2012-10-09 10:59:20',0x01,0x01,'2012-10-09 10:59:20','012001','棉布衬',201210000024),
 (201210000034,'2012-10-09 10:59:34',0x01,0x01,'2012-10-09 10:59:34','012002','麻衬',201210000024),
 (201210000035,'2012-10-09 10:59:47',0x01,0x01,'2012-10-09 10:59:47','012003','毛鬃衬',201210000024),
 (201210000036,'2012-10-09 11:00:00',0x01,0x01,'2012-10-09 11:00:00','012004','马尾衬',201210000024),
 (201210000037,'2012-10-09 11:00:17',0x01,0x01,'2012-10-09 11:00:17','012005','树脂衬',201210000024),
 (201210000038,'2012-10-09 11:00:44',0x01,0x01,'2012-10-09 11:00:44','012006','粘合衬',201210000024),
 (201210000039,'2012-10-09 11:01:47',0x01,0x01,'2012-10-09 11:01:47','016','垫料',NULL),
 (201210000040,'2012-10-09 11:02:00',0x01,0x01,'2012-10-09 11:02:00','016001','胸垫',201210000039),
 (201210000041,'2012-10-09 11:02:16',0x01,0x01,'2012-10-09 11:02:16','016002','领垫',201210000039),
 (201210000042,'2012-10-09 11:02:40',0x01,0x01,'2012-10-09 11:02:40','016003','肩垫',201210000039),
 (201210000043,'2012-10-09 11:04:48',0x01,0x01,'2012-10-09 11:04:48','013001','絮类填料',201210000025),
 (201210000044,'2012-10-09 11:05:18',0x01,0x01,'2012-10-09 11:05:18','013002','材料填料',201210000025),
 (201210000045,'2012-10-09 11:05:56',0x01,0x01,'2012-10-09 11:05:56','015001','纽扣',201210000027),
 (201210000046,'2012-10-09 11:06:08',0x01,0x01,'2012-10-09 11:06:08','015002','拉链',201210000027);
/*!40000 ALTER TABLE `base_mater_sort` ENABLE KEYS */;


--
-- Definition of table `base_material`
--

DROP TABLE IF EXISTS `base_material`;
CREATE TABLE `base_material` (
  `id` bigint(20) NOT NULL,
  `createTime` varchar(255) NOT NULL,
  `flag` bit(1) NOT NULL,
  `status` bit(1) NOT NULL,
  `updateTime` varchar(255) NOT NULL,
  `code` varchar(255) NOT NULL,
  `name` varchar(255) NOT NULL,
  `price` decimal(22,2) NOT NULL,
  `fk_provider_id` bigint(20) DEFAULT NULL,
  `fk_unit_id` bigint(20) DEFAULT NULL,
  `model` varchar(50) DEFAULT NULL,
  `spec` varchar(50) DEFAULT NULL,
  `fk_one_id` bigint(20) DEFAULT NULL,
  `fk_two_id` bigint(20) DEFAULT NULL,
  `fk_category_id` bigint(20) DEFAULT NULL,
  PRIMARY KEY (`id`),
  UNIQUE KEY `id` (`id`),
  UNIQUE KEY `code` (`code`),
  KEY `FK9366AAD5124AEFE1` (`fk_provider_id`),
  KEY `FK9366AAD54B866E7C` (`fk_unit_id`),
  KEY `FK9366AAD52F27908F` (`fk_one_id`),
  KEY `FK9366AAD538332AE9` (`fk_two_id`),
  KEY `FK9366AAD5A175F55C` (`fk_category_id`),
  CONSTRAINT `FK9366AAD5124AEFE1` FOREIGN KEY (`fk_provider_id`) REFERENCES `base_provider` (`id`),
  CONSTRAINT `FK9366AAD52F27908F` FOREIGN KEY (`fk_one_id`) REFERENCES `base_mater_sort` (`id`),
  CONSTRAINT `FK9366AAD538332AE9` FOREIGN KEY (`fk_two_id`) REFERENCES `base_mater_sort` (`id`),
  CONSTRAINT `FK9366AAD54B866E7C` FOREIGN KEY (`fk_unit_id`) REFERENCES `sys_dict` (`id`),
  CONSTRAINT `FK9366AAD5A175F55C` FOREIGN KEY (`fk_category_id`) REFERENCES `base_category` (`id`)
) ENGINE=InnoDB DEFAULT CHARSET=utf8;

--
-- Dumping data for table `base_material`
--

/*!40000 ALTER TABLE `base_material` DISABLE KEYS */;
/*!40000 ALTER TABLE `base_material` ENABLE KEYS */;


--
-- Definition of table `base_product`
--

DROP TABLE IF EXISTS `base_product`;
CREATE TABLE `base_product` (
  `id` bigint(20) NOT NULL,
  `createTime` varchar(255) NOT NULL,
  `flag` bit(1) NOT NULL,
  `status` bit(1) NOT NULL,
  `updateTime` varchar(255) NOT NULL,
  `code` varchar(255) NOT NULL,
  `lowerPrice` decimal(22,2) DEFAULT NULL,
  `name` varchar(255) NOT NULL,
  `price` decimal(22,2) NOT NULL,
  `upperPrice` decimal(22,2) DEFAULT NULL,
  `fk_unit_id` bigint(20) DEFAULT NULL,
  `type` varchar(255) NOT NULL,
  `fk_sort_id` bigint(20) DEFAULT NULL,
  PRIMARY KEY (`id`),
  UNIQUE KEY `id` (`id`),
  UNIQUE KEY `code` (`code`),
  KEY `FK12C419814B866E7C` (`fk_unit_id`),
  KEY `FK12C41981D58B56B3` (`fk_sort_id`),
  KEY `FK12C419811D7F2BBC` (`fk_sort_id`),
  CONSTRAINT `FK12C419811D7F2BBC` FOREIGN KEY (`fk_sort_id`) REFERENCES `base_category` (`id`),
  CONSTRAINT `FK12C419814B866E7C` FOREIGN KEY (`fk_unit_id`) REFERENCES `sys_dict` (`id`),
  CONSTRAINT `FK12C41981D58B56B3` FOREIGN KEY (`fk_sort_id`) REFERENCES `base_product_sort` (`id`)
) ENGINE=InnoDB DEFAULT CHARSET=utf8;

--
-- Dumping data for table `base_product`
--

/*!40000 ALTER TABLE `base_product` DISABLE KEYS */;
/*!40000 ALTER TABLE `base_product` ENABLE KEYS */;


--
-- Definition of table `base_product_config`
--

DROP TABLE IF EXISTS `base_product_config`;
CREATE TABLE `base_product_config` (
  `id` bigint(20) NOT NULL,
  `createTime` varchar(255) NOT NULL,
  `flag` bit(1) NOT NULL,
  `status` bit(1) NOT NULL,
  `updateTime` varchar(255) NOT NULL,
  `fk_product_id` bigint(20) DEFAULT NULL,
  `fk_work_id` bigint(20) DEFAULT NULL,
  PRIMARY KEY (`id`),
  UNIQUE KEY `id` (`id`),
  KEY `FKAF44E3C0DBCAD761` (`fk_work_id`),
  KEY `FKAF44E3C0969FF2B3` (`fk_product_id`),
  CONSTRAINT `FKAF44E3C0969FF2B3` FOREIGN KEY (`fk_product_id`) REFERENCES `base_product` (`id`),
  CONSTRAINT `FKAF44E3C0DBCAD761` FOREIGN KEY (`fk_work_id`) REFERENCES `base_work` (`id`)
) ENGINE=InnoDB DEFAULT CHARSET=utf8;

--
-- Dumping data for table `base_product_config`
--

/*!40000 ALTER TABLE `base_product_config` DISABLE KEYS */;
/*!40000 ALTER TABLE `base_product_config` ENABLE KEYS */;


--
-- Definition of table `base_product_sort`
--

DROP TABLE IF EXISTS `base_product_sort`;
CREATE TABLE `base_product_sort` (
  `id` bigint(20) NOT NULL,
  `createTime` varchar(255) NOT NULL,
  `flag` bit(1) NOT NULL,
  `status` bit(1) NOT NULL,
  `updateTime` varchar(255) NOT NULL,
  `code` varchar(50) NOT NULL,
  `name` varchar(50) NOT NULL,
  `fk_sort_id` bigint(20) DEFAULT NULL,
  PRIMARY KEY (`id`),
  UNIQUE KEY `id` (`id`),
  UNIQUE KEY `code` (`code`),
  KEY `FK92755D9CD58B56B3` (`fk_sort_id`),
  CONSTRAINT `FK92755D9CD58B56B3` FOREIGN KEY (`fk_sort_id`) REFERENCES `base_product_sort` (`id`)
) ENGINE=InnoDB DEFAULT CHARSET=utf8;

--
-- Dumping data for table `base_product_sort`
--

/*!40000 ALTER TABLE `base_product_sort` DISABLE KEYS */;
INSERT INTO `base_product_sort` (`id`,`createTime`,`flag`,`status`,`updateTime`,`code`,`name`,`fk_sort_id`) VALUES 
 (201210000005,'2012-10-10 19:44:57',0x01,0x01,'2012-10-10 19:44:57','003','女装',NULL),
 (201210000006,'2012-10-10 19:45:12',0x01,0x01,'2012-10-10 19:45:12','004','男装',NULL),
 (201210000007,'2012-10-10 19:45:28',0x01,0x01,'2012-10-10 19:45:28','005','童装',NULL),
 (201210000008,'2012-10-10 19:45:39',0x01,0x01,'2012-10-10 19:45:39','006','内衣',NULL),
 (201210000009,'2012-10-10 19:45:52',0x01,0x01,'2012-10-10 19:45:52','007','运动装',NULL),
 (201210000010,'2012-10-10 19:46:08',0x01,0x01,'2012-10-10 19:46:08','008','特殊服装',NULL),
 (201210000011,'2012-10-10 19:47:29',0x01,0x01,'2012-10-10 19:47:29','003001','外套',201210000005),
 (201210000012,'2012-10-10 19:47:53',0x01,0x01,'2012-10-10 19:47:53','003002','衬衫',201210000005),
 (201210000013,'2012-10-10 19:49:12',0x01,0x01,'2012-10-10 19:49:12','003003','针织衫',201210000005),
 (201210000014,'2012-10-10 19:49:31',0x01,0x01,'2012-10-10 19:49:31','003004','T恤',201210000005),
 (201210000015,'2012-10-10 19:50:04',0x01,0x01,'2012-10-10 19:50:04','003005','卫衣/绒衫',201210000005),
 (201210000016,'2012-10-10 19:50:16',0x01,0x01,'2012-10-10 19:50:16','003006','裤子',201210000005),
 (201210000017,'2012-10-10 19:50:50',0x01,0x01,'2012-10-10 19:50:50','003007','裙子',201210000005),
 (201210000018,'2012-10-10 19:51:13',0x01,0x01,'2012-10-10 19:51:13','003008','内衣',201210000005),
 (201210000019,'2012-10-10 19:51:28',0x01,0x01,'2012-10-10 19:51:28','003009','泳装',201210000005),
 (201210000020,'2012-10-10 19:52:33',0x01,0x01,'2012-10-10 19:52:33','003010','袜子',201210000005),
 (201210000021,'2012-10-10 19:53:08',0x01,0x01,'2012-10-10 19:53:08','003010001','打底裤',201210000020),
 (201210000022,'2012-10-10 19:54:03',0x01,0x01,'2012-10-10 19:54:03','003010002','连裤袜',201210000020),
 (201210000023,'2012-10-10 19:54:36',0x01,0x01,'2012-10-10 19:54:36','003010003','筒袜',201210000020),
 (201210000024,'2012-10-10 19:57:11',0x01,0x01,'2012-10-10 19:57:11','003009001','分体',201210000019),
 (201210000025,'2012-10-10 19:57:36',0x01,0x01,'2012-10-10 19:57:36','003009002','连体',201210000019),
 (201210000026,'2012-10-10 19:58:40',0x01,0x01,'2012-10-10 19:58:40','003001001','羽绒服',201210000011),
 (201210000027,'2012-10-10 19:59:06',0x01,0x01,'2012-10-10 19:59:06','003001002','棉服',201210000011),
 (201210000028,'2012-10-10 19:59:31',0x01,0x01,'2012-10-10 19:59:31','003001003','大衣',201210000011),
 (201210000029,'2012-10-10 20:00:34',0x01,0x01,'2012-10-10 20:00:34','003001004','风衣',201210000011),
 (201210000030,'2012-10-10 20:00:54',0x01,0x01,'2012-10-10 20:00:54','003001005','西服',201210000011),
 (201210000031,'2012-10-10 20:01:51',0x01,0x01,'2012-10-10 20:01:51','003001006','夹克',201210000011),
 (201210000032,'2012-10-10 20:02:08',0x01,0x01,'2012-10-10 20:02:08','003001007','马甲',201210000011),
 (201210000033,'2012-10-10 20:02:25',0x01,0x01,'2012-10-10 20:02:25','003001008','呢大衣',201210000011),
 (201210000034,'2012-10-10 20:02:55',0x01,0x01,'2012-10-10 20:02:55','003001009','皮衣',201210000011),
 (201210000035,'2012-10-10 20:03:12',0x01,0x01,'2012-10-10 20:03:12','003001010','皮草',201210000011),
 (201210000036,'2012-10-10 20:04:03',0x01,0x01,'2012-10-10 20:04:03','003002001','长袖衬衫',201210000012),
 (201210000037,'2012-10-10 20:04:24',0x01,0x01,'2012-10-10 20:04:24','003002002','短袖衬衫',201210000012),
 (201210000038,'2012-10-10 20:05:50',0x01,0x01,'2012-10-10 20:05:50','003003001','长袖针织衫',201210000013),
 (201210000039,'2012-10-10 20:06:13',0x01,0x01,'2012-10-10 20:06:13','003003002','短袖针织衫',201210000013),
 (201210000040,'2012-10-10 20:06:34',0x01,0x01,'2012-10-10 20:06:34','003003003','毛衣',201210000013),
 (201210000041,'2012-10-10 20:07:14',0x01,0x01,'2012-10-10 20:07:14','003003004','毛衣裙',201210000013),
 (201210000042,'2012-10-10 20:07:40',0x01,0x01,'2012-10-10 20:07:40','003003005','羊毛/羊绒衫',201210000013),
 (201210000043,'2012-10-10 20:09:25',0x01,0x01,'2012-10-10 20:09:25','003004001','印花T恤',201210000014),
 (201210000044,'2012-10-10 20:09:47',0x01,0x01,'2012-10-10 20:10:37','003002003','POLO衫',201210000014),
 (201210000045,'2012-10-10 20:10:12',0x01,0x01,'2012-10-10 20:10:12','003004002','长袖T恤',201210000014),
 (201210000046,'2012-10-10 20:11:16',0x01,0x01,'2012-10-10 20:11:16','003004003','短袖T恤',201210000014),
 (201210000047,'2012-10-10 20:11:47',0x01,0x01,'2012-10-10 20:11:47','003004004','无袖T恤',201210000014),
 (201210000048,'2012-10-10 20:12:32',0x01,0x01,'2012-10-10 20:12:32','003005001','开衫',201210000015),
 (201210000049,'2012-10-10 20:12:49',0x01,0x01,'2012-10-10 20:12:49','003005002','套头衫',201210000015),
 (201210000050,'2012-10-10 20:13:42',0x01,0x01,'2012-10-10 20:13:42','003011','春夏装',201210000005),
 (201210000051,'2012-10-10 20:14:01',0x01,0x01,'2012-10-10 20:14:01','003011001','吊带/背心',201210000050),
 (201210000052,'2012-10-10 20:14:21',0x01,0x01,'2012-10-10 20:14:21','003011002','雪纺衫',201210000050),
 (201210000053,'2012-10-10 20:15:37',0x01,0x01,'2012-10-10 20:15:37','003006001','休闲裤',201210000016),
 (201210000054,'2012-10-10 20:16:06',0x01,0x01,'2012-10-10 20:16:06','003006002','牛仔裤',201210000016),
 (201210000055,'2012-10-10 20:16:27',0x01,0x01,'2012-10-10 20:16:27','003006003','西裤',201210000016),
 (201210000056,'2012-10-10 20:16:47',0x01,0x01,'2012-10-10 20:16:47','003006004','运动裤',201210000016),
 (201210000057,'2012-10-10 20:17:11',0x01,0x01,'2012-10-10 20:17:11','003006005','分裤短裤/热裤',201210000016),
 (201210000058,'2012-10-10 20:17:53',0x01,0x01,'2012-10-10 20:17:53','003006006','连衣裤',201210000016),
 (201210000059,'2012-10-10 20:18:33',0x01,0x01,'2012-10-10 20:18:33','003007001','半身裙',201210000017),
 (201210000060,'2012-10-10 20:18:51',0x01,0x01,'2012-10-10 20:18:51','003007002','连衣裙',201210000017),
 (201210000061,'2012-10-10 20:19:42',0x01,0x01,'2012-10-10 20:19:42','003008001','内裤',201210000018),
 (201210000062,'2012-10-10 20:20:03',0x01,0x01,'2012-10-10 20:20:03','003008002','内衣套装',201210000018),
 (201210000063,'2012-10-10 20:20:20',0x01,0x01,'2012-10-10 20:20:20','003008003','文胸',201210000018),
 (201210000064,'2012-10-10 20:20:47',0x01,0x01,'2012-10-10 20:20:47','003008004','塑身内衣',201210000018),
 (201210000065,'2012-10-10 20:21:07',0x01,0x01,'2012-10-10 20:21:07','003008005','吊带/背心',201210000018),
 (201210000066,'2012-10-10 20:23:17',0x01,0x01,'2012-10-10 20:23:17','004001','外套',201210000006),
 (201210000067,'2012-10-10 20:23:31',0x01,0x01,'2012-10-10 20:23:31','004002','衬衫',201210000006),
 (201210000068,'2012-10-10 20:24:03',0x01,0x01,'2012-10-10 20:24:03','004003','T恤',201210000006),
 (201210000069,'2012-10-10 20:24:47',0x01,0x01,'2012-10-10 20:24:47','004003001','POLO衫',201210000068),
 (201210000070,'2012-10-10 20:25:12',0x01,0x01,'2012-10-10 20:25:39','004003002','长袖T恤',201210000068),
 (201210000071,'2012-10-10 20:25:34',0x01,0x01,'2012-10-10 20:25:34','004003003','短袖T恤',201210000068),
 (201210000072,'2012-10-10 20:26:13',0x01,0x01,'2012-10-10 20:26:13','004004','卫衣/绒衫',201210000006),
 (201210000073,'2012-10-10 20:26:24',0x01,0x01,'2012-10-10 20:26:24','004005','针织衫',201210000006),
 (201210000074,'2012-10-10 20:26:38',0x01,0x01,'2012-10-10 20:26:38','004006','运动装',201210000006),
 (201210000075,'2012-10-10 20:26:57',0x01,0x01,'2012-10-10 20:26:57','004007','裤子',201210000006),
 (201210000076,'2012-10-10 20:27:13',0x01,0x01,'2012-10-10 20:27:13','004008','内衣',201210000006),
 (201210000077,'2012-10-10 20:27:24',0x01,0x01,'2012-10-10 20:27:24','004009','袜子',201210000006),
 (201210000078,'2012-10-10 20:27:49',0x01,0x01,'2012-10-10 20:27:49','004001001','羽绒服',201210000066),
 (201210000079,'2012-10-10 20:28:03',0x01,0x01,'2012-10-10 20:28:03','004001002','夹克',201210000066),
 (201210000080,'2012-10-10 20:28:19',0x01,0x01,'2012-10-10 20:28:19','004001003','西服',201210000066),
 (201210000081,'2012-10-10 20:28:34',0x01,0x01,'2012-10-10 20:28:34','004001004','风衣',201210000066),
 (201210000082,'2012-10-10 20:28:48',0x01,0x01,'2012-10-10 20:28:48','004001005','棉服',201210000066),
 (201210000083,'2012-10-10 20:29:10',0x01,0x01,'2012-10-10 20:29:10','004001006','大衣',201210000066),
 (201210000084,'2012-10-10 20:30:14',0x01,0x01,'2012-10-10 20:30:14','004002001','长袖衬衫',201210000067),
 (201210000085,'2012-10-10 20:30:31',0x01,0x01,'2012-10-10 20:30:31','004002002','短袖衬衫',201210000067),
 (201210000086,'2012-10-10 20:30:45',0x01,0x01,'2012-10-10 20:30:45','004002003','领带',201210000067),
 (201210000087,'2012-10-10 20:32:12',0x01,0x01,'2012-10-10 20:32:12','004004001','套头',201210000072),
 (201210000088,'2012-10-10 20:32:27',0x01,0x01,'2012-10-10 20:32:27','004004002','开衫',201210000072),
 (201210000089,'2012-10-10 20:32:56',0x01,0x01,'2012-10-10 20:32:56','004005001','针织背心',201210000073),
 (201210000090,'2012-10-10 20:33:17',0x01,0x01,'2012-10-10 20:33:17','004005002','套头衫',201210000073),
 (201210000091,'2012-10-10 20:33:32',0x01,0x01,'2012-10-10 20:33:32','004005003','针织开衫',201210000073),
 (201210000092,'2012-10-10 20:33:50',0x01,0x01,'2012-10-10 20:33:50','004005004','羊毛衫',201210000073),
 (201210000093,'2012-10-10 20:35:19',0x01,0x01,'2012-10-10 20:35:19','004006001','运动套装',201210000074),
 (201210000094,'2012-10-10 20:35:38',0x01,0x01,'2012-10-10 20:35:38','004006002','运动衣',201210000074),
 (201210000095,'2012-10-10 20:35:54',0x01,0x01,'2012-10-10 20:35:54','004006003','运动裤',201210000074),
 (201210000096,'2012-10-10 20:36:08',0x01,0x01,'2012-10-10 20:36:08','004007001','西裤',201210000075),
 (201210000097,'2012-10-10 20:36:29',0x01,0x01,'2012-10-10 20:36:29','004007002','休闲裤',201210000075),
 (201210000098,'2012-10-10 20:36:48',0x01,0x01,'2012-10-10 20:36:48','004007003','牛仔裤',201210000075),
 (201210000099,'2012-10-10 20:37:32',0x01,0x01,'2012-10-10 20:37:32','004008001','内裤',201210000076),
 (201210000100,'2012-10-10 20:37:58',0x01,0x01,'2012-10-10 20:37:58','004008002','汗背心',201210000076),
 (201210000101,'2012-10-10 20:39:35',0x01,0x01,'2012-10-10 20:39:35','005001','年龄分',201210000007),
 (201210000102,'2012-10-10 20:45:24',0x01,0x01,'2012-10-10 20:45:24','005002','上衣',201210000007),
 (201210000103,'2012-10-10 20:45:39',0x01,0x01,'2012-10-10 20:45:39','005003','裤子',201210000007),
 (201210000104,'2012-10-10 20:46:14',0x01,0x01,'2012-10-10 20:46:14','005004','裙子',201210000007),
 (201210000105,'2012-10-10 20:46:42',0x01,0x01,'2012-10-10 20:46:42','005001001','0-3男',201210000101),
 (201210000106,'2012-10-10 20:47:00',0x01,0x01,'2012-10-10 20:47:00','005001002','0-3女',201210000101),
 (201210000107,'2012-10-10 20:47:15',0x01,0x01,'2012-10-10 20:47:15','005001003','4-8男',201210000101),
 (201210000108,'2012-10-10 20:47:32',0x01,0x01,'2012-10-10 20:47:32','005001004','4-8女',201210000101),
 (201210000109,'2012-10-10 20:47:48',0x01,0x01,'2012-10-10 20:47:48','005001005','8岁以上男',201210000101),
 (201210000110,'2012-10-10 20:48:03',0x01,0x01,'2012-10-10 20:48:03','005001006','8岁以上女',201210000101),
 (201210000111,'2012-10-10 20:48:20',0x01,0x01,'2012-10-10 20:48:20','005001007','亲子装',201210000101),
 (201210000112,'2012-10-10 20:48:58',0x01,0x01,'2012-10-10 20:48:58','005002001','羽绒服',201210000102),
 (201210000113,'2012-10-10 20:49:12',0x01,0x01,'2012-10-10 20:49:12','005002002','棉服',201210000102),
 (201210000114,'2012-10-10 20:49:30',0x01,0x01,'2012-10-10 20:49:30','005002003','毛衣',201210000102),
 (201210000115,'2012-10-10 20:49:49',0x01,0x01,'2012-10-10 20:49:49','005002004','披风',201210000102),
 (201210000116,'2012-10-10 20:50:03',0x01,0x01,'2012-10-10 20:50:03','005002005','卫衣',201210000102),
 (201210000117,'2012-10-10 20:50:34',0x01,0x01,'2012-10-10 20:50:34','005002006','套装',201210000102),
 (201210000118,'2012-10-10 20:50:49',0x01,0x01,'2012-10-10 20:50:49','005002007','马甲',201210000102),
 (201210000119,'2012-10-10 20:51:03',0x01,0x01,'2012-10-10 20:51:03','005002008','爬服',201210000102),
 (201210000120,'2012-10-10 20:51:18',0x01,0x01,'2012-10-10 20:51:18','005002009','校服',201210000102),
 (201210000121,'2012-10-10 20:51:50',0x01,0x01,'2012-10-10 20:51:50','005003001','牛仔裤',201210000103),
 (201210000122,'2012-10-10 20:52:07',0x01,0x01,'2012-10-10 20:52:07','005003002','休闲裤',201210000103),
 (201210000123,'2012-10-10 20:52:21',0x01,0x01,'2012-10-10 20:52:21','005003003','运动裤',201210000103),
 (201210000124,'2012-10-10 20:52:38',0x01,0x01,'2012-10-10 20:52:38','005003004','打底裤',201210000103),
 (201210000125,'2012-10-10 20:52:55',0x01,0x01,'2012-10-10 20:52:55','005003005','短裤',201210000103),
 (201210000126,'2012-10-10 20:53:45',0x01,0x01,'2012-10-10 20:53:45','005004001','连衣裙',201210000104),
 (201210000127,'2012-10-10 20:53:59',0x01,0x01,'2012-10-10 20:53:59','005004002','春夏裙',201210000104),
 (201210000128,'2012-10-10 20:54:15',0x01,0x01,'2012-10-10 20:54:15','005004003','秋冬裙',201210000104),
 (201210000129,'2012-10-10 20:54:28',0x01,0x01,'2012-10-10 20:54:28','005004004','半身裙',201210000104),
 (201210000130,'2012-10-10 20:55:49',0x01,0x01,'2012-10-10 20:55:49','008001','中老年服装',201210000010),
 (201210000131,'2012-10-10 20:56:00',0x01,0x01,'2012-10-10 20:56:00','008002','孕妇装',201210000010),
 (201210000132,'2012-10-10 20:56:13',0x01,0x01,'2012-10-10 20:56:13','008003','特大特小服装',201210000010),
 (201210000133,'2012-10-10 20:56:35',0x01,0x01,'2012-10-10 20:56:35','008004','职业套装/工作制服/校服',201210000010),
 (201210000134,'2012-10-10 20:56:48',0x01,0x01,'2012-10-10 20:56:48','008005','情侣装',201210000010),
 (201210000135,'2012-10-10 20:57:03',0x01,0x01,'2012-10-10 20:57:03','007001','女运动装',201210000009),
 (201210000136,'2012-10-10 20:57:18',0x01,0x01,'2012-10-10 20:57:18','007002','男运动装',201210000009),
 (201210000137,'2012-10-10 20:57:29',0x01,0x01,'2012-10-10 20:57:29','007003','运动衣',201210000009),
 (201210000138,'2012-10-10 20:57:42',0x01,0x01,'2012-10-10 20:57:42','007004','运动裤',201210000009),
 (201210000139,'2012-10-10 20:57:56',0x01,0x01,'2012-10-10 20:57:56','007005','情侣装',201210000009),
 (201210000140,'2012-10-10 20:58:15',0x01,0x01,'2012-10-10 20:58:15','006001','文胸',201210000008),
 (201210000141,'2012-10-10 20:58:27',0x01,0x01,'2012-10-10 20:58:27','006002','女士内裤',201210000008),
 (201210000142,'2012-10-10 20:58:40',0x01,0x01,'2012-10-10 20:58:40','006003','女士睡衣',201210000008),
 (201210000143,'2012-10-10 20:58:55',0x01,0x01,'2012-10-10 20:58:55','006004','美体塑身',201210000008),
 (201210000144,'2012-10-10 20:59:11',0x01,0x01,'2012-10-10 20:59:11','006005','女士袜子',201210000008),
 (201210000145,'2012-10-10 20:59:25',0x01,0x01,'2012-10-10 20:59:25','006006','男士专区',201210000008),
 (201210000146,'2012-10-10 20:59:49',0x01,0x01,'2012-10-10 20:59:49','006007','保暖内衣',201210000008),
 (201210000147,'2012-10-10 21:00:23',0x01,0x01,'2012-10-10 21:00:23','006001001','夏季文胸',201210000140),
 (201210000148,'2012-10-10 21:00:37',0x01,0x01,'2012-10-10 21:00:37','006001002','冬季文胸',201210000140),
 (201210000149,'2012-10-10 21:00:50',0x01,0x01,'2012-10-10 21:00:50','006001003','文胸套装',201210000140),
 (201210000150,'2012-10-10 21:01:04',0x01,0x01,'2012-10-10 21:01:04','006001004','隐形文胸',201210000140),
 (201210000151,'2012-10-10 21:01:23',0x01,0x01,'2012-10-10 21:01:23','006002001','平角裤',201210000141),
 (201210000152,'2012-10-10 21:01:39',0x01,0x01,'2012-10-10 21:01:39','006002002','三角裤',201210000141),
 (201210000153,'2012-10-10 21:01:53',0x01,0x01,'2012-10-10 21:01:53','006002003','丁字裤/T裤',201210000141),
 (201210000154,'2012-10-10 21:02:49',0x01,0x01,'2012-10-10 21:02:49','006003001','睡裙/家居裙',201210000142),
 (201210000155,'2012-10-10 21:03:07',0x01,0x01,'2012-10-10 21:03:07','006003002','睡裤/家居裤',201210000142),
 (201210000156,'2012-10-10 21:03:21',0x01,0x01,'2012-10-10 21:03:21','006003003','睡衣/家居服上装',201210000142),
 (201210000157,'2012-10-10 21:03:43',0x01,0x01,'2012-10-10 21:03:43','006003004','家居服套装',201210000142),
 (201210000158,'2012-10-10 21:04:09',0x01,0x01,'2012-10-10 21:04:09','006003005','浴袍',201210000142),
 (201210000159,'2012-10-10 21:04:27',0x01,0x01,'2012-10-10 21:04:27','006004001','短款塑身衣',201210000143),
 (201210000160,'2012-10-10 21:04:40',0x01,0x01,'2012-10-10 21:04:40','006004002','中款塑身衣',201210000143),
 (201210000161,'2012-10-10 21:05:02',0x01,0x01,'2012-10-10 21:05:02','006004003','长款塑身衣',201210000143),
 (201210000162,'2012-10-10 21:05:45',0x01,0x01,'2012-10-10 21:05:45','006004004','塑身腰封/腰夹',201210000143),
 (201210000163,'2012-10-10 21:06:06',0x01,0x01,'2012-10-10 21:06:06','006004005','塑身裤',201210000143),
 (201210000164,'2012-10-10 21:06:18',0x01,0x01,'2012-10-10 21:06:18','006004006','塑身分体套装',201210000143),
 (201210000165,'2012-10-10 21:06:32',0x01,0x01,'2012-10-10 21:06:32','006004007','塑身连体衣',201210000143),
 (201210000166,'2012-10-10 21:06:55',0x01,0x01,'2012-10-10 21:06:55','006004008','纯色一片式腰式',201210000143),
 (201210000167,'2012-10-10 21:07:16',0x01,0x01,'2012-10-10 21:07:16','006005001','连裤袜',201210000144),
 (201210000168,'2012-10-10 21:07:30',0x01,0x01,'2012-10-10 21:07:30','006005002','长袜',201210000144),
 (201210000169,'2012-10-10 21:07:49',0x01,0x01,'2012-10-10 21:07:49','006005003','九分裤袜',201210000144),
 (201210000170,'2012-10-10 21:08:06',0x01,0x01,'2012-10-10 21:08:06','006005004','打底裤',201210000144),
 (201210000171,'2012-10-10 21:08:19',0x01,0x01,'2012-10-10 21:08:19','006005005','筒袜',201210000144),
 (201210000172,'2012-10-10 21:08:34',0x01,0x01,'2012-10-10 21:08:34','006006001','平角裤',201210000145),
 (201210000173,'2012-10-10 21:08:52',0x01,0x01,'2012-10-10 21:08:52','006006002','三角裤',201210000145),
 (201210000174,'2012-10-10 21:10:05',0x01,0x01,'2012-10-10 21:10:05','006006003','睡裤',201210000145),
 (201210000175,'2012-10-10 21:10:23',0x01,0x01,'2012-10-10 21:10:23','006006004','睡衣套装',201210000145),
 (201210000176,'2012-10-10 21:10:38',0x01,0x01,'2012-10-10 21:10:38','006006005','睡袍/浴袍',201210000145),
 (201210000177,'2012-10-10 21:10:56',0x01,0x01,'2012-10-10 21:10:56','006006006','保暖裤',201210000145),
 (201210000178,'2012-10-10 21:11:29',0x01,0x01,'2012-10-10 21:11:29','006007001','保暖衣',201210000146),
 (201210000179,'2012-10-10 21:11:45',0x01,0x01,'2012-10-10 21:11:45','006007002','保暖裤',201210000146),
 (201210000180,'2012-10-10 21:12:03',0x01,0x01,'2012-10-10 21:12:03','006007003','加厚保暖套装',201210000146),
 (201210000181,'2012-10-10 21:12:19',0x01,0x01,'2012-10-10 21:12:19','006007004','薄款保暖套装',201210000146),
 (201210000182,'2012-10-10 21:12:32',0x01,0x01,'2012-10-10 21:12:32','006007005','女士保暖',201210000146),
 (201210000183,'2012-10-10 21:12:45',0x01,0x01,'2012-10-10 21:12:45','006007006','男士保暖',201210000146),
 (201210000184,'2012-10-10 21:13:03',0x01,0x01,'2012-10-10 21:13:03','006007007','情侣款',201210000146),
 (201210000185,'2012-10-10 21:13:25',0x01,0x01,'2012-10-10 21:13:25','006007008','中老年款',201210000146);
/*!40000 ALTER TABLE `base_product_sort` ENABLE KEYS */;


--
-- Definition of table `base_prov_mate`
--

DROP TABLE IF EXISTS `base_prov_mate`;
CREATE TABLE `base_prov_mate` (
  `id` bigint(20) NOT NULL,
  `createTime` varchar(255) NOT NULL,
  `flag` bit(1) NOT NULL,
  `status` bit(1) NOT NULL,
  `updateTime` varchar(255) NOT NULL,
  `fk_material_id` bigint(20) DEFAULT NULL,
  `fk_provider_id` bigint(20) DEFAULT NULL,
  PRIMARY KEY (`id`),
  UNIQUE KEY `id` (`id`),
  KEY `FK8FA9462D82FF6C7C` (`fk_provider_id`),
  KEY `FK8FA9462DBBE798BC` (`fk_material_id`),
  CONSTRAINT `FK8FA9462D82FF6C7C` FOREIGN KEY (`fk_provider_id`) REFERENCES `base_provider` (`id`),
  CONSTRAINT `FK8FA9462DBBE798BC` FOREIGN KEY (`fk_material_id`) REFERENCES `base_material` (`id`)
) ENGINE=InnoDB DEFAULT CHARSET=utf8;

--
-- Dumping data for table `base_prov_mate`
--

/*!40000 ALTER TABLE `base_prov_mate` DISABLE KEYS */;
/*!40000 ALTER TABLE `base_prov_mate` ENABLE KEYS */;


--
-- Definition of table `base_provider`
--

DROP TABLE IF EXISTS `base_provider`;
CREATE TABLE `base_provider` (
  `id` bigint(20) NOT NULL,
  `createTime` varchar(255) NOT NULL,
  `flag` bit(1) NOT NULL,
  `status` bit(1) NOT NULL,
  `updateTime` varchar(255) NOT NULL,
  `address` varchar(255) DEFAULT NULL,
  `city` varchar(255) DEFAULT NULL,
  `code` varchar(255) NOT NULL,
  `email` varchar(255) DEFAULT NULL,
  `fax` varchar(255) DEFAULT NULL,
  `linkman` varchar(255) DEFAULT NULL,
  `mobile` varchar(255) DEFAULT NULL,
  `name` varchar(255) NOT NULL,
  `phone` varchar(255) DEFAULT NULL,
  `postcode` varchar(255) DEFAULT NULL,
  `province` varchar(255) DEFAULT NULL,
  `qq` varchar(255) DEFAULT NULL,
  `tel` varchar(255) DEFAULT NULL,
  `fk_industry_id` bigint(20) DEFAULT NULL,
  `fk_city_id` bigint(20) DEFAULT NULL,
  `fk_province_id` bigint(20) DEFAULT NULL,
  `shortName` varchar(255) DEFAULT NULL,
  PRIMARY KEY (`id`),
  UNIQUE KEY `id` (`id`),
  UNIQUE KEY `code` (`code`),
  KEY `FK46B74B9FA1A3CE2` (`fk_industry_id`),
  KEY `FK46B74B9FFC026379` (`fk_province_id`),
  KEY `FK46B74B9FEF32BA5E` (`fk_city_id`),
  CONSTRAINT `FK46B74B9FA1A3CE2` FOREIGN KEY (`fk_industry_id`) REFERENCES `sys_dict` (`id`),
  CONSTRAINT `FK46B74B9FEF32BA5E` FOREIGN KEY (`fk_city_id`) REFERENCES `base_area` (`id`),
  CONSTRAINT `FK46B74B9FFC026379` FOREIGN KEY (`fk_province_id`) REFERENCES `base_area` (`id`)
) ENGINE=InnoDB DEFAULT CHARSET=utf8;

--
-- Dumping data for table `base_provider`
--

/*!40000 ALTER TABLE `base_provider` DISABLE KEYS */;
INSERT INTO `base_provider` (`id`,`createTime`,`flag`,`status`,`updateTime`,`address`,`city`,`code`,`email`,`fax`,`linkman`,`mobile`,`name`,`phone`,`postcode`,`province`,`qq`,`tel`,`fk_industry_id`,`fk_city_id`,`fk_province_id`,`shortName`) VALUES 
 (201209000003,'2012-09-27 21:36:40',0x01,0x01,'2012-11-12 21:50:20','东区中山五路57号1座3楼',NULL,'201200002',NULL,'0760-88662323','李永生','13852254000','永生布行','0760-88662323','258403',NULL,NULL,'0760-88662323',NULL,201209000075,201209000006,'永生布行'),
 (201211000001,'2012-11-12 21:53:23',0x01,0x01,'2012-11-12 21:53:23','三乡镇白石君怡花园E4区130号',NULL,'201200003',NULL,NULL,'陈远和','15625339173','壹桶水水店','0760-86360080','528463',NULL,NULL,'0760-86360080',NULL,201209000075,201209000006,'壹桶水');
/*!40000 ALTER TABLE `base_provider` ENABLE KEYS */;


--
-- Definition of table `base_storage`
--

DROP TABLE IF EXISTS `base_storage`;
CREATE TABLE `base_storage` (
  `id` bigint(20) NOT NULL,
  `createTime` varchar(255) NOT NULL,
  `flag` bit(1) NOT NULL,
  `status` bit(1) NOT NULL,
  `updateTime` varchar(255) NOT NULL,
  `amount` bigint(20) NOT NULL,
  `dataId` bigint(20) NOT NULL,
  `lowerlimit` bigint(20) DEFAULT NULL,
  `sort` int(11) NOT NULL,
  `upperlimit` bigint(20) DEFAULT NULL,
  `fk_store_id` bigint(20) DEFAULT NULL,
  PRIMARY KEY (`id`),
  UNIQUE KEY `id` (`id`),
  UNIQUE KEY `fk_store_id` (`fk_store_id`,`sort`,`dataId`),
  KEY `FKB4E68F0D777AEB6B` (`fk_store_id`),
  CONSTRAINT `FKB4E68F0D777AEB6B` FOREIGN KEY (`fk_store_id`) REFERENCES `base_store` (`id`)
) ENGINE=InnoDB DEFAULT CHARSET=utf8;

--
-- Dumping data for table `base_storage`
--

/*!40000 ALTER TABLE `base_storage` DISABLE KEYS */;
/*!40000 ALTER TABLE `base_storage` ENABLE KEYS */;


--
-- Definition of table `base_store`
--

DROP TABLE IF EXISTS `base_store`;
CREATE TABLE `base_store` (
  `id` bigint(20) NOT NULL,
  `createTime` varchar(255) NOT NULL,
  `flag` bit(1) NOT NULL,
  `status` bit(1) NOT NULL,
  `updateTime` varchar(255) NOT NULL,
  `address` varchar(255) DEFAULT NULL,
  `name` varchar(255) NOT NULL,
  `phone` varchar(255) DEFAULT NULL,
  `sort` varchar(255) DEFAULT NULL,
  `fk_employee_id` bigint(20) DEFAULT NULL,
  PRIMARY KEY (`id`),
  UNIQUE KEY `id` (`id`),
  KEY `FKE3AF41F34FB4DAC1` (`fk_employee_id`),
  CONSTRAINT `FKE3AF41F34FB4DAC1` FOREIGN KEY (`fk_employee_id`) REFERENCES `base_employee` (`id`)
) ENGINE=InnoDB DEFAULT CHARSET=utf8;

--
-- Dumping data for table `base_store`
--

/*!40000 ALTER TABLE `base_store` DISABLE KEYS */;
/*!40000 ALTER TABLE `base_store` ENABLE KEYS */;


--
-- Definition of table `base_work`
--

DROP TABLE IF EXISTS `base_work`;
CREATE TABLE `base_work` (
  `id` bigint(20) NOT NULL,
  `createTime` varchar(255) NOT NULL,
  `flag` bit(1) NOT NULL,
  `status` bit(1) NOT NULL,
  `updateTime` varchar(255) NOT NULL,
  `name` varchar(255) DEFAULT NULL,
  `price` decimal(10,2) DEFAULT NULL,
  `code` varchar(50) NOT NULL,
  `remark` varchar(255) DEFAULT NULL,
  `fk_category_id` bigint(20) DEFAULT NULL,
  `fk_product_id` bigint(20) DEFAULT NULL,
  PRIMARY KEY (`id`),
  UNIQUE KEY `id` (`id`),
  UNIQUE KEY `code` (`code`),
  KEY `FK93BD13BFA175F55C` (`fk_category_id`),
  KEY `FK93BD13BF3F6BF6B8` (`fk_product_id`),
  CONSTRAINT `FK93BD13BF3F6BF6B8` FOREIGN KEY (`fk_product_id`) REFERENCES `base_product` (`id`),
  CONSTRAINT `FK93BD13BFA175F55C` FOREIGN KEY (`fk_category_id`) REFERENCES `base_category` (`id`)
) ENGINE=InnoDB DEFAULT CHARSET=utf8;

--
-- Dumping data for table `base_work`
--

/*!40000 ALTER TABLE `base_work` DISABLE KEYS */;
/*!40000 ALTER TABLE `base_work` ENABLE KEYS */;


--
-- Definition of table `bg_day_report`
--

DROP TABLE IF EXISTS `bg_day_report`;
CREATE TABLE `bg_day_report` (
  `id` bigint(20) NOT NULL,
  `createTime` varchar(255) NOT NULL,
  `flag` bit(1) NOT NULL,
  `status` bit(1) NOT NULL,
  `updateTime` varchar(255) NOT NULL,
  `afterEnd` varchar(255) DEFAULT NULL,
  `afterStart` varchar(255) DEFAULT NULL,
  `departId` bigint(20) NOT NULL,
  `departName` varchar(255) NOT NULL,
  `empCode` varchar(255) NOT NULL,
  `empId` bigint(20) NOT NULL,
  `empName` varchar(255) NOT NULL,
  `mornEnd` varchar(255) DEFAULT NULL,
  `mornStart` varchar(255) DEFAULT NULL,
  `nightEnd` varchar(255) DEFAULT NULL,
  `nightStart` varchar(255) DEFAULT NULL,
  `state` varchar(255) DEFAULT NULL,
  `workDate` varchar(255) DEFAULT NULL,
  PRIMARY KEY (`id`),
  UNIQUE KEY `id` (`id`)
) ENGINE=InnoDB DEFAULT CHARSET=utf8;

--
-- Dumping data for table `bg_day_report`
--

/*!40000 ALTER TABLE `bg_day_report` DISABLE KEYS */;
/*!40000 ALTER TABLE `bg_day_report` ENABLE KEYS */;


--
-- Definition of table `bg_month_report`
--

DROP TABLE IF EXISTS `bg_month_report`;
CREATE TABLE `bg_month_report` (
  `id` bigint(20) NOT NULL,
  `createTime` varchar(255) NOT NULL,
  `flag` bit(1) NOT NULL,
  `status` bit(1) NOT NULL,
  `updateTime` varchar(255) NOT NULL,
  `departId` bigint(20) NOT NULL,
  `departName` varchar(255) NOT NULL,
  `empCode` varchar(255) NOT NULL,
  `empId` bigint(20) NOT NULL,
  `empName` varchar(255) NOT NULL,
  `lateHour` decimal(10,2) DEFAULT NULL,
  `leaveHour` decimal(10,2) DEFAULT NULL,
  `noDays` decimal(10,2) DEFAULT NULL,
  `state` varchar(255) DEFAULT NULL,
  `workDate` varchar(255) DEFAULT NULL,
  `workDays` decimal(10,2) DEFAULT NULL,
  `workHour` decimal(10,2) DEFAULT NULL,
  PRIMARY KEY (`id`),
  UNIQUE KEY `id` (`id`)
) ENGINE=InnoDB DEFAULT CHARSET=utf8;

--
-- Dumping data for table `bg_month_report`
--

/*!40000 ALTER TABLE `bg_month_report` DISABLE KEYS */;
/*!40000 ALTER TABLE `bg_month_report` ENABLE KEYS */;


--
-- Definition of table `bg_produce_report`
--

DROP TABLE IF EXISTS `bg_produce_report`;
CREATE TABLE `bg_produce_report` (
  `id` bigint(20) NOT NULL,
  `createTime` varchar(255) NOT NULL,
  `flag` bit(1) NOT NULL,
  `status` bit(1) NOT NULL,
  `updateTime` varchar(255) NOT NULL,
  `amount` int(11) DEFAULT NULL,
  `departId` bigint(20) NOT NULL,
  `departName` varchar(255) NOT NULL,
  `empCode` varchar(255) NOT NULL,
  `empId` bigint(20) NOT NULL,
  `empName` varchar(255) NOT NULL,
  `orderId` bigint(20) DEFAULT NULL,
  `price` varchar(255) DEFAULT NULL,
  `proId` bigint(20) DEFAULT NULL,
  `proName` varchar(255) DEFAULT NULL,
  `state` varchar(255) DEFAULT NULL,
  `workDate` varchar(255) DEFAULT NULL,
  `workId` bigint(20) DEFAULT NULL,
  `workName` varchar(255) DEFAULT NULL,
  PRIMARY KEY (`id`),
  UNIQUE KEY `id` (`id`)
) ENGINE=InnoDB DEFAULT CHARSET=utf8;

--
-- Dumping data for table `bg_produce_report`
--

/*!40000 ALTER TABLE `bg_produce_report` DISABLE KEYS */;
/*!40000 ALTER TABLE `bg_produce_report` ENABLE KEYS */;


--
-- Definition of table `bg_wage_report`
--

DROP TABLE IF EXISTS `bg_wage_report`;
CREATE TABLE `bg_wage_report` (
  `id` bigint(20) NOT NULL,
  `createTime` varchar(255) NOT NULL,
  `flag` bit(1) NOT NULL,
  `status` bit(1) NOT NULL,
  `updateTime` varchar(255) NOT NULL,
  `allowance` decimal(10,2) DEFAULT NULL,
  `amerce` decimal(10,2) DEFAULT NULL,
  `basic` decimal(10,2) DEFAULT NULL,
  `bonus` decimal(10,2) DEFAULT NULL,
  `countwork` decimal(10,2) DEFAULT NULL,
  `departId` bigint(20) NOT NULL,
  `departName` varchar(255) NOT NULL,
  `empCode` varchar(255) NOT NULL,
  `empId` bigint(20) NOT NULL,
  `empName` varchar(255) NOT NULL,
  `fact` decimal(10,2) DEFAULT NULL,
  `insurance` decimal(10,2) DEFAULT NULL,
  `overtime` decimal(10,2) DEFAULT NULL,
  `percent` decimal(10,2) DEFAULT NULL,
  `revenue` decimal(10,2) DEFAULT NULL,
  `should` decimal(10,2) DEFAULT NULL,
  `state` varchar(255) DEFAULT NULL,
  `timework` decimal(10,2) DEFAULT NULL,
  PRIMARY KEY (`id`),
  UNIQUE KEY `id` (`id`)
) ENGINE=InnoDB DEFAULT CHARSET=utf8;

--
-- Dumping data for table `bg_wage_report`
--

/*!40000 ALTER TABLE `bg_wage_report` DISABLE KEYS */;
/*!40000 ALTER TABLE `bg_wage_report` ENABLE KEYS */;


--
-- Definition of table `department`
--

DROP TABLE IF EXISTS `department`;
CREATE TABLE `department` (
  `id` bigint(20) unsigned NOT NULL COMMENT '流水号id',
  `createtime` varchar(20) NOT NULL COMMENT '创建时间',
  `updatetime` varchar(20) NOT NULL COMMENT '更新时间',
  `flag` tinyint(1) NOT NULL COMMENT '标记',
  `status` tinyint(1) NOT NULL COMMENT '状态',
  `num` varchar(50) NOT NULL COMMENT '编号',
  `name` varchar(50) NOT NULL COMMENT '名称',
  PRIMARY KEY (`id`),
  UNIQUE KEY `uq_sequence_id` (`num`)
) ENGINE=InnoDB DEFAULT CHARSET=utf8;

--
-- Dumping data for table `department`
--

/*!40000 ALTER TABLE `department` DISABLE KEYS */;
INSERT INTO `department` (`id`,`createtime`,`updatetime`,`flag`,`status`,`num`,`name`) VALUES 
 (201207000010,'2012-07-28 00:45:30','2012-07-28 00:45:30',1,1,'1001','行政部');
/*!40000 ALTER TABLE `department` ENABLE KEYS */;


--
-- Definition of table `sys_app_sequence`
--

DROP TABLE IF EXISTS `sys_app_sequence`;
CREATE TABLE `sys_app_sequence` (
  `id` bigint(20) unsigned NOT NULL AUTO_INCREMENT COMMENT '流水号ID',
  `createtime` varchar(20) NOT NULL COMMENT '创建时间',
  `updatetime` varchar(20) NOT NULL COMMENT '更新时间',
  `flag` tinyint(1) NOT NULL COMMENT '标记',
  `status` tinyint(1) NOT NULL COMMENT '状态',
  `enseqname` varchar(50) NOT NULL COMMENT '名称',
  `cnseqname` varchar(50) NOT NULL COMMENT '备注',
  `seqvalue` varchar(22) NOT NULL COMMENT '值',
  PRIMARY KEY (`id`),
  UNIQUE KEY `uq_sequence_id` (`enseqname`)
) ENGINE=InnoDB AUTO_INCREMENT=107 DEFAULT CHARSET=utf8;

--
-- Dumping data for table `sys_app_sequence`
--

/*!40000 ALTER TABLE `sys_app_sequence` DISABLE KEYS */;
INSERT INTO `sys_app_sequence` (`id`,`createtime`,`updatetime`,`flag`,`status`,`enseqname`,`cnseqname`,`seqvalue`) VALUES 
 (1,'2012-07-28 00:24:47','2012-07-28 00:45:30',1,1,'201207_DEPARTMENT','DEPARTMENT','10'),
 (2,'2012-09-06 21:54:01','2012-09-15 16:12:14',1,1,'201209_SYS_USER','SYS_USER','5'),
 (3,'2012-09-07 23:40:07','2012-09-25 21:15:30',1,1,'201209_SYS_DICT','SYS_DICT','81'),
 (4,'2012-09-08 20:20:56','2012-09-13 20:14:05',1,1,'201209_SYS_ROLE','SYS_ROLE','5'),
 (5,'2012-09-09 09:30:39','2012-09-27 21:49:42',1,1,'201209_BASE_EMPLOYEE','BASE_EMPLOYEE','18'),
 (6,'2012-09-10 21:59:17','2012-09-25 21:04:59',1,1,'201209_SYS_MENU','SYS_MENU','20'),
 (7,'2012-09-11 21:03:33','2012-09-25 21:05:15',1,1,'201209_SYS_ROLE_MENU','SYS_ROLE_MENU','91'),
 (8,'2012-09-15 16:28:39','2012-09-15 16:28:49',1,1,'201209_SYS_ROLE_USER','SYS_ROLE_USER','2'),
 (9,'2012-09-16 14:54:21','2012-09-16 15:27:15',1,1,'201209_BASE_AREA','BASE_AREA','6'),
 (10,'2012-09-20 21:33:32','2012-09-22 17:40:29',1,1,'201209_BASE_CUSTOMER','BASE_CUSTOMER','5'),
 (11,'2012-09-22 18:30:15','2012-09-27 21:53:26',1,1,'201209_BASE_LINKMAN','BASE_LINKMAN','11'),
 (12,'2012-09-22 21:43:14','2012-09-27 21:36:40',1,1,'201209_BASE_PROVIDER','BASE_PROVIDER','3'),
 (13,'2012-09-25 21:12:57','2012-09-27 23:03:46',1,1,'201209_BASE_MATERIAL','BASE_MATERIAL','2'),
 (14,'2012-09-27 19:57:38','2012-09-27 21:14:54',1,1,'EMPLOYEE_SCB','EMPLOYEE_SCB','3'),
 (15,'2012-09-27 21:15:58','2012-09-27 21:15:58',1,1,'employee_XXZX','EMPLOYEE_XXZX','1'),
 (16,'2012-09-27 21:31:35','2012-11-12 21:53:23',1,1,'2012_PROVIDER','PROVIDER','3'),
 (17,'2012-09-27 21:39:05','2012-09-27 21:49:42',1,1,'2012_EMPLOYEE','EMPLOYEE','3'),
 (18,'2012-09-27 23:03:46','2012-10-08 22:05:44',1,1,'2012_MATERIAL','MATERIAL','2'),
 (19,'2012-10-08 09:39:22','2012-10-13 20:50:54',1,1,'201210_SYS_DICT','SYS_DICT','35'),
 (20,'2012-10-08 20:22:27','2012-10-18 22:19:21',1,1,'201210_SYS_MENU','SYS_MENU','36'),
 (21,'2012-10-08 20:22:44','2012-10-18 22:20:10',1,1,'201210_SYS_ROLE_MENU','SYS_ROLE_MENU','159'),
 (22,'2012-10-08 20:28:49','2012-11-28 22:34:30',1,1,'MATERIALSORT','MATERIALSORT','17'),
 (23,'2012-10-08 20:28:49','2012-10-08 20:37:55',1,1,'MATERIALSORT_NULL','MATERIALSORT_NULL','2'),
 (24,'2012-10-08 20:28:49','2012-10-09 11:06:08',1,1,'201210_BASE_MATER_SORT','BASE_MATER_SORT','46'),
 (25,'2012-10-08 20:45:29','2012-10-08 20:45:29',1,1,'MATERIALSORT_006','MATERIALSORT_006','1'),
 (26,'2012-10-08 20:45:47','2012-10-08 20:46:08',1,1,'MATERIALSORT_007','MATERIALSORT_007','2'),
 (27,'2012-10-08 20:52:30','2012-10-08 20:52:46',1,1,'MATERIALSORT_008','MATERIALSORT_008','2'),
 (28,'2012-10-08 21:00:25','2012-10-08 21:01:27',1,1,'MATERIALSORT_009','MATERIALSORT_009','6'),
 (29,'2012-10-08 21:58:35','2012-10-08 21:58:35',1,1,'MATERIALSORT_010','MATERIALSORT_010','1'),
 (30,'2012-10-08 22:05:44','2012-10-08 22:05:44',1,1,'201210_BASE_MATERIAL','BASE_MATERIAL','1'),
 (31,'2012-10-09 10:56:59','2012-10-09 10:58:41',1,1,'MATERIALSORT_011','MATERIALSORT_011','5'),
 (32,'2012-10-09 10:59:20','2012-10-09 11:00:44',1,1,'MATERIALSORT_012','MATERIALSORT_012','6'),
 (33,'2012-10-09 11:02:00','2012-10-09 11:02:40',1,1,'MATERIALSORT_016','MATERIALSORT_016','3'),
 (34,'2012-10-09 11:04:48','2012-10-09 11:05:18',1,1,'MATERIALSORT_013','MATERIALSORT_013','2'),
 (35,'2012-10-09 11:05:56','2012-10-09 11:06:08',1,1,'MATERIALSORT_015','MATERIALSORT_015','2'),
 (36,'2012-10-09 20:39:02','2012-10-10 19:46:08',1,1,'PRODUCTSORT','PRODUCTSORT','8'),
 (37,'2012-10-09 20:39:02','2012-10-10 21:13:25',1,1,'201210_BASE_PRODUCT_SORT','BASE_PRODUCT_SORT','185'),
 (38,'2012-10-09 20:39:19','2012-10-09 20:39:19',1,1,'PRODUCTSORT_001','PRODUCTSORT_001','1'),
 (39,'2012-10-09 20:39:36','2012-10-09 20:39:36',1,1,'PRODUCTSORT_001001','PRODUCTSORT_001001','1'),
 (40,'2012-10-09 22:05:26','2012-10-09 22:05:26',1,1,'2012_PRODUCT','PRODUCT','1'),
 (41,'2012-10-09 22:05:26','2012-10-09 22:05:26',1,1,'201210_BASE_PRODUCT','BASE_PRODUCT','1'),
 (42,'2012-10-10 19:47:29','2012-10-10 20:13:42',1,1,'PRODUCTSORT_003','PRODUCTSORT_003','11'),
 (43,'2012-10-10 19:53:08','2012-10-10 19:54:36',1,1,'PRODUCTSORT_003010','PRODUCTSORT_003010','3'),
 (44,'2012-10-10 19:57:11','2012-10-10 19:57:36',1,1,'PRODUCTSORT_003009','PRODUCTSORT_003009','2'),
 (45,'2012-10-10 19:58:40','2012-10-10 20:03:12',1,1,'PRODUCTSORT_003001','PRODUCTSORT_003001','10'),
 (46,'2012-10-10 20:04:03','2012-10-10 20:09:47',1,1,'PRODUCTSORT_003002','PRODUCTSORT_003002','3'),
 (47,'2012-10-10 20:05:50','2012-10-10 20:07:40',1,1,'PRODUCTSORT_003003','PRODUCTSORT_003003','5'),
 (48,'2012-10-10 20:09:25','2012-10-10 20:11:47',1,1,'PRODUCTSORT_003004','PRODUCTSORT_003004','4'),
 (49,'2012-10-10 20:12:32','2012-10-10 20:12:49',1,1,'PRODUCTSORT_003005','PRODUCTSORT_003005','2'),
 (50,'2012-10-10 20:14:01','2012-10-10 20:14:21',1,1,'PRODUCTSORT_003011','PRODUCTSORT_003011','2'),
 (51,'2012-10-10 20:15:37','2012-10-10 20:17:53',1,1,'PRODUCTSORT_003006','PRODUCTSORT_003006','6'),
 (52,'2012-10-10 20:18:33','2012-10-10 20:18:51',1,1,'PRODUCTSORT_003007','PRODUCTSORT_003007','2'),
 (53,'2012-10-10 20:19:41','2012-10-10 20:21:07',1,1,'PRODUCTSORT_003008','PRODUCTSORT_003008','5'),
 (54,'2012-10-10 20:23:17','2012-10-10 20:27:24',1,1,'PRODUCTSORT_004','PRODUCTSORT_004','9'),
 (55,'2012-10-10 20:24:47','2012-10-10 20:25:34',1,1,'PRODUCTSORT_004003','PRODUCTSORT_004003','3'),
 (56,'2012-10-10 20:27:49','2012-10-10 20:29:10',1,1,'PRODUCTSORT_004001','PRODUCTSORT_004001','6'),
 (57,'2012-10-10 20:30:14','2012-10-10 20:30:45',1,1,'PRODUCTSORT_004002','PRODUCTSORT_004002','3'),
 (58,'2012-10-10 20:32:12','2012-10-10 20:32:27',1,1,'PRODUCTSORT_004004','PRODUCTSORT_004004','2'),
 (59,'2012-10-10 20:32:56','2012-10-10 20:33:50',1,1,'PRODUCTSORT_004005','PRODUCTSORT_004005','4'),
 (60,'2012-10-10 20:35:19','2012-10-10 20:35:54',1,1,'PRODUCTSORT_004006','PRODUCTSORT_004006','3'),
 (61,'2012-10-10 20:36:08','2012-10-10 20:36:48',1,1,'PRODUCTSORT_004007','PRODUCTSORT_004007','3'),
 (62,'2012-10-10 20:37:32','2012-10-10 20:37:58',1,1,'PRODUCTSORT_004008','PRODUCTSORT_004008','2'),
 (63,'2012-10-10 20:39:35','2012-10-10 20:46:14',1,1,'PRODUCTSORT_005','PRODUCTSORT_005','4'),
 (64,'2012-10-10 20:46:42','2012-10-10 20:48:20',1,1,'PRODUCTSORT_005001','PRODUCTSORT_005001','7'),
 (65,'2012-10-10 20:48:58','2012-10-10 20:51:18',1,1,'PRODUCTSORT_005002','PRODUCTSORT_005002','9'),
 (66,'2012-10-10 20:51:50','2012-10-10 20:52:55',1,1,'PRODUCTSORT_005003','PRODUCTSORT_005003','5'),
 (67,'2012-10-10 20:53:45','2012-10-10 20:54:28',1,1,'PRODUCTSORT_005004','PRODUCTSORT_005004','4'),
 (68,'2012-10-10 20:55:49','2012-10-10 20:56:48',1,1,'PRODUCTSORT_008','PRODUCTSORT_008','5'),
 (69,'2012-10-10 20:57:03','2012-10-10 20:57:56',1,1,'PRODUCTSORT_007','PRODUCTSORT_007','5'),
 (70,'2012-10-10 20:58:15','2012-10-10 20:59:49',1,1,'PRODUCTSORT_006','PRODUCTSORT_006','7'),
 (71,'2012-10-10 21:00:23','2012-10-10 21:01:04',1,1,'PRODUCTSORT_006001','PRODUCTSORT_006001','4'),
 (72,'2012-10-10 21:01:23','2012-10-10 21:01:53',1,1,'PRODUCTSORT_006002','PRODUCTSORT_006002','3'),
 (73,'2012-10-10 21:02:49','2012-10-10 21:04:09',1,1,'PRODUCTSORT_006003','PRODUCTSORT_006003','5'),
 (74,'2012-10-10 21:04:27','2012-10-10 21:06:55',1,1,'PRODUCTSORT_006004','PRODUCTSORT_006004','8'),
 (75,'2012-10-10 21:07:16','2012-10-10 21:08:19',1,1,'PRODUCTSORT_006005','PRODUCTSORT_006005','5'),
 (76,'2012-10-10 21:08:34','2012-10-10 21:10:56',1,1,'PRODUCTSORT_006006','PRODUCTSORT_006006','6'),
 (77,'2012-10-10 21:11:29','2012-10-10 21:13:25',1,1,'PRODUCTSORT_006007','PRODUCTSORT_006007','8'),
 (78,'2012-10-12 21:26:03','2012-10-12 21:26:36',1,1,'WORKSORT','WORKSORT','2'),
 (79,'2012-10-12 21:26:03','2012-10-12 21:27:02',1,1,'201210_BASE_WORK_SORT','BASE_WORK_SORT','5'),
 (80,'2012-10-12 21:26:20','2012-10-12 21:26:20',1,1,'WORKSORT_001','WORKSORT_001','1'),
 (81,'2012-10-12 21:26:48','2012-10-12 21:26:48',1,1,'WORKSORT_002','WORKSORT_002','1'),
 (82,'2012-10-12 21:27:02','2012-10-12 21:27:02',1,1,'WORKSORT_002001','WORKSORT_002001','1'),
 (83,'2012-10-12 22:18:27','2012-10-12 22:19:00',1,1,'2012_WORK','WORK','2'),
 (84,'2012-10-12 22:18:27','2012-10-12 22:19:00',1,1,'201210_BASE_WORK','BASE_WORK','2'),
 (85,'2012-10-13 16:13:03','2012-10-15 09:04:17',1,1,'201210_SELLORDER','SELLORDER','4'),
 (86,'2012-10-13 16:13:03','2012-10-15 09:04:17',1,1,'201210_XM_SELL_ORDER','XM_SELL_ORDER','4'),
 (87,'2012-10-13 16:34:40','2012-10-13 16:40:15',1,1,'2012_CUSTOMER','CUSTOMER','2'),
 (88,'2012-10-13 16:34:40','2012-10-13 16:40:15',1,1,'201210_BASE_CUSTOMER','BASE_CUSTOMER','2'),
 (89,'2012-10-14 09:42:33','2012-10-15 17:59:53',1,1,'201210_XM_SELL_ORDER_LIST','XM_SELL_ORDER_LIST','7'),
 (90,'2012-10-16 19:30:15','2012-10-18 21:28:09',1,1,'201210_BASE_ACCESSORY','BASE_ACCESSORY','10'),
 (91,'2012-10-16 23:17:34','2012-10-18 20:37:35',1,1,'201210_XM_AUDIT_MIND','XM_AUDIT_MIND','3'),
 (92,'2012-11-09 22:04:56','2012-11-28 16:41:30',1,1,'201211_SYS_MENU','SYS_MENU','7'),
 (93,'2012-11-09 23:06:04','2012-11-28 23:52:13',1,1,'201211_SYS_ROLE_MENU','SYS_ROLE_MENU','217'),
 (94,'2012-11-10 10:33:26','2012-11-23 21:04:39',1,1,'201211_SELLORDER','SELLORDER','5'),
 (95,'2012-11-10 10:33:26','2012-11-15 21:57:16',1,1,'201211_XM_BUY_PRICE','XM_BUY_PRICE','5'),
 (96,'2012-11-12 21:53:23','2012-11-12 21:53:23',1,1,'201211_BASE_PROVIDER','BASE_PROVIDER','1'),
 (97,'2012-11-12 22:37:57','2012-11-21 18:14:10',1,1,'201211_XM_BUY_PRICE_LIST','XM_BUY_PRICE_LIST','8'),
 (98,'2012-11-15 20:49:10','2012-11-15 21:55:38',1,1,'201211_BUYPRICE','BUYPRICE','3'),
 (99,'2012-11-15 21:35:04','2012-11-23 21:04:39',1,1,'201211_XM_SELL_ORDER','XM_SELL_ORDER','3'),
 (100,'2012-11-16 21:54:00','2012-11-16 21:54:00',1,1,'201211_XM_SELL_ORDER_LIST','XM_SELL_ORDER_LIST','1'),
 (101,'2012-11-16 21:54:53','2012-11-21 18:41:45',1,1,'201211_BASE_ACCESSORY','BASE_ACCESSORY','5'),
 (102,'2012-11-21 16:07:34','2012-11-21 17:18:23',1,1,'201211_XM_AUDIT_MIND','XM_AUDIT_MIND','4'),
 (103,'2012-11-28 22:34:30','2012-11-28 23:31:27',1,1,'201211_BASE_CATEGORY','BASE_CATEGORY','6'),
 (104,'2012-11-28 22:39:15','2012-11-28 23:31:10',1,1,'CATEGORY_MATERIAL','CATEGORY_MATERIAL','2'),
 (105,'2012-11-28 22:42:07','2012-11-28 23:12:07',1,1,'CATEGORY_MATERIAL_001','CATEGORY_MATERIAL_001','2'),
 (106,'2012-11-28 23:31:27','2012-11-28 23:31:27',1,1,'CATEGORY_MATERIAL_002','CATEGORY_MATERIAL_002','1');
/*!40000 ALTER TABLE `sys_app_sequence` ENABLE KEYS */;


--
-- Definition of table `sys_dict`
--

DROP TABLE IF EXISTS `sys_dict`;
CREATE TABLE `sys_dict` (
  `id` bigint(20) NOT NULL,
  `createTime` varchar(255) NOT NULL,
  `flag` bit(1) NOT NULL,
  `status` bit(1) NOT NULL,
  `updateTime` varchar(255) NOT NULL,
  `caption` varchar(255) DEFAULT NULL,
  `name` varchar(50) NOT NULL,
  `sort` varchar(20) NOT NULL,
  PRIMARY KEY (`id`),
  UNIQUE KEY `id` (`id`)
) ENGINE=InnoDB DEFAULT CHARSET=utf8;

--
-- Dumping data for table `sys_dict`
--

/*!40000 ALTER TABLE `sys_dict` DISABLE KEYS */;
INSERT INTO `sys_dict` (`id`,`createTime`,`flag`,`status`,`updateTime`,`caption`,`name`,`sort`) VALUES 
 (201209000001,'2012-09-07 23:40:07',0x01,0x01,'2012-09-08 00:14:21','','信息中心','DEPARTMENT'),
 (201209000003,'2012-09-08 00:13:11',0x01,0x01,'2012-09-08 00:19:08','','生产部','DEPARTMENT'),
 (201209000004,'2012-09-08 00:21:13',0x01,0x01,'2012-09-08 00:21:13','','业务部','DEPARTMENT'),
 (201209000005,'2012-09-08 14:45:34',0x01,0x01,'2012-09-08 14:45:34','','初次客户','CUSTOMER'),
 (201209000006,'2012-09-08 14:45:55',0x01,0x01,'2012-09-08 14:45:55','','潜在客户','CUSTOMER'),
 (201209000007,'2012-09-08 14:46:13',0x01,0x01,'2012-09-08 14:46:13','','跟单客户','CUSTOMER'),
 (201209000008,'2012-09-08 14:46:40',0x01,0x01,'2012-09-08 14:46:40','','商机客户','CUSTOMER'),
 (201209000009,'2012-09-08 14:47:07',0x01,0x01,'2012-09-08 14:47:07','','成交客户','CUSTOMER'),
 (201209000010,'2012-09-08 14:47:35',0x01,0x01,'2012-09-08 14:47:35','','储备客户','CUSTOMER'),
 (201209000011,'2012-09-08 14:47:57',0x01,0x01,'2012-09-08 14:47:57','','放弃客户','CUSTOMER'),
 (201209000012,'2012-09-08 22:48:51',0x01,0x01,'2012-09-08 22:48:51','','身份证','CERTIFICATE'),
 (201209000013,'2012-09-08 22:49:09',0x01,0x01,'2012-09-08 22:49:09','','驾驶证','CERTIFICATE'),
 (201209000014,'2012-09-08 22:49:41',0x01,0x01,'2012-09-08 22:49:41','','户口簿','CERTIFICATE'),
 (201209000015,'2012-09-08 22:49:55',0x01,0x01,'2012-09-08 22:49:55','','军人证','CERTIFICATE'),
 (201209000016,'2012-09-08 22:50:21',0x01,0x01,'2012-09-08 22:50:21','','居住证','CERTIFICATE'),
 (201209000017,'2012-09-08 22:50:52',0x01,0x01,'2012-09-08 22:50:52','','学生证','CERTIFICATE'),
 (201209000018,'2012-09-08 22:51:09',0x01,0x01,'2012-09-08 22:51:09','','护照','CERTIFICATE'),
 (201209000019,'2012-09-08 22:51:33',0x01,0x01,'2012-09-08 22:51:33','','营业执照','CERTIFICATE'),
 (201209000020,'2012-09-09 09:20:23',0x01,0x01,'2012-09-09 09:20:23','','软件工程师','DUTY'),
 (201209000029,'2012-09-15 14:07:48',0x01,0x01,'2012-09-15 14:07:48',NULL,'生产工','DUTY'),
 (201209000030,'2012-09-17 23:14:29',0x01,0x01,'2012-09-17 23:14:29',NULL,'计算机软件','VOCATION'),
 (201209000031,'2012-09-17 23:14:29',0x01,0x01,'2012-09-17 23:14:29',NULL,'计算机硬件','VOCATION'),
 (201209000032,'2012-09-17 23:14:29',0x01,0x01,'2012-09-17 23:14:29',NULL,'通信/电信/网络设备/电信运营/增值服务','VOCATION'),
 (201209000033,'2012-09-17 23:14:29',0x01,0x01,'2012-09-17 23:14:29',NULL,'电子技术/微电子/半导体/集成电路','VOCATION'),
 (201209000034,'2012-09-17 23:14:29',0x01,0x01,'2012-09-17 23:14:29',NULL,'互联网/电子商务/网络游戏/计算机服务（系统、数据服务、维修）','VOCATION'),
 (201209000035,'2012-09-17 23:14:29',0x01,0x01,'2012-09-17 23:14:29',NULL,'仪器仪表/工业自动化','VOCATION'),
 (201209000036,'2012-09-17 23:14:29',0x01,0x01,'2012-09-17 23:14:29',NULL,'会计/审计','VOCATION'),
 (201209000037,'2012-09-17 23:14:29',0x01,0x01,'2012-09-17 23:14:29',NULL,'保险/金融/投资/证券/银行','VOCATION'),
 (201209000038,'2012-09-17 23:14:29',0x01,0x01,'2012-09-17 23:14:29',NULL,'贸易/进出口/批发/零售','VOCATION'),
 (201209000039,'2012-09-17 23:14:29',0x01,0x01,'2012-09-17 23:14:29',NULL,'服装/纺织/皮革','VOCATION'),
 (201209000040,'2012-09-17 23:14:29',0x01,0x01,'2012-09-17 23:14:29',NULL,'机械/机电/设备/重工','VOCATION'),
 (201209000041,'2012-09-17 23:14:29',0x01,0x01,'2012-09-17 23:14:29',NULL,'家具/家电/家居/木材及竹、藤、棕、草制品','VOCATION'),
 (201209000042,'2012-09-17 23:14:29',0x01,0x01,'2012-09-17 23:14:29',NULL,'工艺美术/礼品/玩具/收藏品','VOCATION'),
 (201209000043,'2012-09-17 23:14:29',0x01,0x01,'2012-09-17 23:14:29',NULL,'汽车及零配件','VOCATION'),
 (201209000044,'2012-09-17 23:14:30',0x01,0x01,'2012-09-17 23:14:30',NULL,'快速消费品（食品、饮料、化妆品、烟酒等）/办公用品及设备','VOCATION'),
 (201209000045,'2012-09-17 23:14:30',0x01,0x01,'2012-09-17 23:14:30',NULL,'制药/生物工程','VOCATION'),
 (201209000046,'2012-09-17 23:14:30',0x01,0x01,'2012-09-17 23:14:30',NULL,'医疗/护理/保健/美容/卫生','VOCATION'),
 (201209000047,'2012-09-17 23:14:30',0x01,0x01,'2012-09-17 23:14:30',NULL,'医疗设备/器械','VOCATION'),
 (201209000048,'2012-09-17 23:14:30',0x01,0x01,'2012-09-17 23:14:30',NULL,'文字媒体/出版/印刷/包装/造纸','VOCATION'),
 (201209000049,'2012-09-17 23:14:30',0x01,0x01,'2012-09-17 23:14:30',NULL,'广告/公关/市场推广/会展','VOCATION'),
 (201209000050,'2012-09-17 23:14:30',0x01,0x01,'2012-09-17 23:14:30',NULL,'影视/媒体/艺术','VOCATION'),
 (201209000051,'2012-09-17 23:14:30',0x01,0x01,'2012-09-17 23:14:30',NULL,'房地产开发/建筑与工程','VOCATION'),
 (201209000052,'2012-09-17 23:14:30',0x01,0x01,'2012-09-17 23:14:30',NULL,'家居/室内设计/装潢/物业管理/商业中心','VOCATION'),
 (201209000053,'2012-09-17 23:14:30',0x01,0x01,'2012-09-17 23:14:30',NULL,'中介服务','VOCATION'),
 (201209000054,'2012-09-17 23:14:30',0x01,0x01,'2012-09-17 23:14:30',NULL,'法律/专业服务（咨询、产业管理、人力资源）','VOCATION'),
 (201209000055,'2012-09-17 23:14:30',0x01,0x01,'2012-09-17 23:14:30',NULL,'教育/培训/学术/科研','VOCATION'),
 (201209000056,'2012-09-17 23:14:30',0x01,0x01,'2012-09-17 23:14:30',NULL,'检验/检测/认证','VOCATION'),
 (201209000057,'2012-09-17 23:14:30',0x01,0x01,'2012-09-17 23:14:30',NULL,'酒店/旅游/度假/餐饮业/生活服务','VOCATION'),
 (201209000058,'2012-09-17 23:14:30',0x01,0x01,'2012-09-17 23:14:30',NULL,'娱乐/休闲/体育','VOCATION'),
 (201209000059,'2012-09-17 23:14:30',0x01,0x01,'2012-09-17 23:14:30',NULL,'交通/运输/物流','VOCATION'),
 (201209000060,'2012-09-17 23:14:30',0x01,0x01,'2012-09-17 23:14:30',NULL,'航天/航空/航天研究与制造','VOCATION'),
 (201209000061,'2012-09-17 23:14:30',0x01,0x01,'2012-09-17 23:14:30',NULL,'能源/石油/化工/矿产/地质','VOCATION'),
 (201209000062,'2012-09-17 23:14:30',0x01,0x01,'2012-09-17 23:14:30',NULL,'原材料和加工（金属、木材、橡胶、塑料、玻璃、陶瓷、建材）/模具加工','VOCATION'),
 (201209000063,'2012-09-17 23:14:30',0x01,0x01,'2012-09-17 23:14:30',NULL,'采掘业/冶炼','VOCATION'),
 (201209000064,'2012-09-17 23:14:31',0x01,0x01,'2012-09-17 23:14:31',NULL,'电气/电力/水利','VOCATION'),
 (201209000065,'2012-09-17 23:14:31',0x01,0x01,'2012-09-17 23:14:31',NULL,'政府/非赢利机构','VOCATION'),
 (201209000066,'2012-09-17 23:14:31',0x01,0x01,'2012-09-17 23:14:31',NULL,'农业/渔业/林业/牧业/环保','VOCATION'),
 (201209000067,'2012-09-17 23:14:31',0x01,0x01,'2012-09-17 23:14:31',NULL,'多元化业务集团公司/跨领域经营','VOCATION'),
 (201209000068,'2012-09-17 23:14:31',0x01,0x01,'2012-09-17 23:14:31',NULL,'灯饰照明','VOCATION'),
 (201209000069,'2012-09-17 23:14:31',0x01,0x01,'2012-09-17 23:14:31',NULL,'其他行业','VOCATION'),
 (201209000071,'2012-09-25 21:07:29',0x01,0x01,'2012-09-25 21:07:29',NULL,'箱','UNIT'),
 (201209000072,'2012-09-25 21:07:39',0x01,0x01,'2012-09-25 21:07:39',NULL,'件','UNIT'),
 (201209000073,'2012-09-25 21:07:57',0x01,0x01,'2012-09-25 21:07:57',NULL,'米','UNIT'),
 (201209000074,'2012-09-25 21:08:08',0x01,0x01,'2012-09-25 21:08:08',NULL,'颗','UNIT'),
 (201209000075,'2012-09-25 21:08:41',0x01,0x01,'2012-09-25 21:08:41',NULL,'盒','UNIT'),
 (201209000076,'2012-09-25 21:08:54',0x01,0x01,'2012-09-25 21:08:54',NULL,'袋','UNIT'),
 (201209000077,'2012-09-25 21:09:08',0x01,0x01,'2012-09-25 21:09:08',NULL,'斤','UNIT'),
 (201209000078,'2012-09-25 21:09:22',0x01,0x01,'2012-09-25 21:09:22',NULL,'个','UNIT'),
 (201209000079,'2012-09-25 21:11:28',0x01,0x01,'2012-09-25 21:11:28',NULL,'支','UNIT'),
 (201209000080,'2012-09-25 21:11:43',0x01,0x01,'2012-09-25 21:11:43',NULL,'张','UNIT'),
 (201209000081,'2012-09-25 21:15:30',0x01,0x01,'2012-09-25 21:15:30',NULL,'包','UNIT'),
 (201210000001,'2012-10-08 09:39:22',0x01,0x01,'2012-10-08 09:39:22',NULL,'套','UNIT'),
 (201210000003,'2012-10-13 08:44:36',0x01,0x01,'2012-10-13 08:44:36',NULL,'一般销售','SELL'),
 (201210000004,'2012-10-13 08:44:53',0x01,0x01,'2012-10-13 08:44:53',NULL,'大宗销售','SELL'),
 (201210000005,'2012-10-13 08:45:05',0x01,0x01,'2012-10-13 08:45:05',NULL,'分销销售','SELL'),
 (201210000006,'2012-10-13 08:45:20',0x01,0x01,'2012-10-13 08:45:20',NULL,'协议销售','SELL'),
 (201210000007,'2012-10-13 08:45:40',0x01,0x01,'2012-10-13 08:45:40',NULL,'总部直销','SELL'),
 (201210000008,'2012-10-13 08:45:57',0x01,0x01,'2012-10-13 08:45:57',NULL,'客户上门','SELL'),
 (201210000009,'2012-10-13 08:46:16',0x01,0x01,'2012-10-13 08:46:16',NULL,'本司上门','SELL'),
 (201210000010,'2012-10-13 08:46:30',0x01,0x01,'2012-10-13 08:46:30',NULL,'项目订单','SELL'),
 (201210000011,'2012-10-13 08:48:12',0x01,0x01,'2012-10-13 08:48:12',NULL,'收据','RECEIPT'),
 (201210000012,'2012-10-13 08:48:27',0x01,0x01,'2012-10-13 08:48:27',NULL,'普通发票','RECEIPT'),
 (201210000013,'2012-10-13 08:48:48',0x01,0x01,'2012-10-13 08:48:48',NULL,'增值发票','RECEIPT'),
 (201210000014,'2012-10-13 09:01:38',0x01,0x01,'2012-10-13 09:01:38',NULL,'货到付款','PAY'),
 (201210000015,'2012-10-13 09:02:20',0x01,0x01,'2012-10-13 09:02:20',NULL,'在线支付','PAY'),
 (201210000016,'2012-10-13 09:02:35',0x01,0x01,'2012-10-13 09:02:35',NULL,'银行转账','PAY'),
 (201210000017,'2012-10-13 09:02:51',0x01,0x01,'2012-10-13 09:02:51',NULL,'月结','PAY'),
 (201210000018,'2012-10-13 09:03:33',0x01,0x01,'2012-10-13 09:03:33',NULL,'信用卡支付','PAY'),
 (201210000019,'2012-10-13 09:03:54',0x01,0x01,'2012-10-13 09:03:54',NULL,'PayPal支付','PAY'),
 (201210000020,'2012-10-13 09:04:18',0x01,0x01,'2012-10-13 09:04:18',NULL,'银行电汇','PAY'),
 (201210000021,'2012-10-13 09:04:53',0x01,0x01,'2012-10-13 09:05:01',NULL,'邮政汇款','PAY'),
 (201210000022,'2012-10-13 09:05:22',0x01,0x01,'2012-10-13 09:05:22',NULL,'分期付款','PAY'),
 (201210000023,'2012-10-13 09:06:18',0x01,0x01,'2012-10-13 09:06:18',NULL,'网银支付','PAY'),
 (201210000024,'2012-10-13 09:10:04',0x01,0x01,'2012-10-13 09:10:04',NULL,'交货付款','PAY'),
 (201210000025,'2012-10-13 09:10:22',0x01,0x01,'2012-10-13 09:10:22',NULL,'交单付款','PAY'),
 (201210000026,'2012-10-13 09:10:59',0x01,0x01,'2012-10-13 09:10:59',NULL,'记账','PAY'),
 (201210000027,'2012-10-13 09:11:17',0x01,0x01,'2012-10-13 09:11:17',NULL,'托收','PAY'),
 (201210000028,'2012-10-13 09:15:43',0x01,0x01,'2012-10-13 09:15:43',NULL,'信用证','PAY'),
 (201210000029,'2012-10-13 15:55:03',0x01,0x01,'2012-10-13 15:55:03',NULL,'当面','ASK'),
 (201210000030,'2012-10-13 15:55:12',0x01,0x01,'2012-10-13 15:55:12',NULL,'电话','ASK'),
 (201210000031,'2012-10-13 15:55:28',0x01,0x01,'2012-10-13 15:55:28',NULL,'传真','ASK'),
 (201210000032,'2012-10-13 15:55:46',0x01,0x01,'2012-10-13 15:55:46',NULL,'快递','ASK'),
 (201210000033,'2012-10-13 15:56:01',0x01,0x01,'2012-10-13 15:56:01',NULL,'信函','ASK'),
 (201210000034,'2012-10-13 15:56:18',0x01,0x01,'2012-10-13 15:56:18',NULL,'邮件','ASK'),
 (201210000035,'2012-10-13 20:50:54',0x01,0x01,'2012-10-13 20:50:54',NULL,'现金支付','PAY');
/*!40000 ALTER TABLE `sys_dict` ENABLE KEYS */;


--
-- Definition of table `sys_menu`
--

DROP TABLE IF EXISTS `sys_menu`;
CREATE TABLE `sys_menu` (
  `id` bigint(20) NOT NULL,
  `createTime` varchar(255) NOT NULL,
  `flag` bit(1) NOT NULL,
  `status` bit(1) NOT NULL,
  `updateTime` varchar(255) NOT NULL,
  `chName` varchar(255) NOT NULL,
  `enName` varchar(255) NOT NULL,
  `href` varchar(255) DEFAULT NULL,
  `sort` int(11) NOT NULL,
  `parentId` bigint(20) DEFAULT NULL,
  PRIMARY KEY (`id`),
  UNIQUE KEY `id` (`id`),
  UNIQUE KEY `enName` (`enName`),
  KEY `FK74A44791C83CF32E` (`parentId`),
  CONSTRAINT `FK74A44791C83CF32E` FOREIGN KEY (`parentId`) REFERENCES `sys_menu` (`id`)
) ENGINE=InnoDB DEFAULT CHARSET=utf8;

--
-- Dumping data for table `sys_menu`
--

/*!40000 ALTER TABLE `sys_menu` DISABLE KEYS */;
INSERT INTO `sys_menu` (`id`,`createTime`,`flag`,`status`,`updateTime`,`chName`,`enName`,`href`,`sort`,`parentId`) VALUES 
 (201210000013,'2012-10-18 22:01:11',0x01,0x01,'2012-10-18 22:01:11','系统管理','XTGL',NULL,0,NULL),
 (201210000014,'2012-10-18 22:01:57',0x01,0x01,'2012-10-18 22:01:57','字典管理','XTGL_ZDGL','/system/sys-dict/index.jhtml',1,201210000013),
 (201210000015,'2012-10-18 22:02:31',0x01,0x01,'2012-10-18 22:02:31','角色管理','XTGL_JSGL','/system/sys-role/index.jhtml',1,201210000013),
 (201210000016,'2012-10-18 22:03:14',0x01,0x01,'2012-10-18 22:03:14','用户管理','XTGL_YHGL','/system/sys-user/index.jhtml',1,201210000013),
 (201210000017,'2012-10-18 22:03:57',0x01,0x01,'2012-10-18 22:03:57','菜单管理','XTGL_CDGL','/system/sys-menu/index.jhtml',1,201210000013),
 (201210000018,'2012-10-18 22:04:51',0x01,0x01,'2012-10-18 22:04:51','基础信息管理','JCXXGL',NULL,0,NULL),
 (201210000019,'2012-10-18 22:05:23',0x01,0x01,'2012-10-18 22:09:28','地区管理','JCXXGL_DQGL','/basic/area/index.jhtml',1,201210000018),
 (201210000020,'2012-10-18 22:08:36',0x01,0x01,'2012-10-18 22:08:42','员工管理','JCXXGL_YGGL','/basic/employee/index.jhtml',1,201210000018),
 (201210000021,'2012-10-18 22:10:33',0x01,0x01,'2012-10-18 22:10:33','客户管理','JCXXGL_KHGL','/basic/customer/index.jhtml',1,201210000018),
 (201210000022,'2012-10-18 22:11:06',0x01,0x01,'2012-10-18 22:11:06','供应商管理','JCXXGL_GYSGL','/basic/provider/index.jhtml',1,201210000018),
 (201210000023,'2012-10-18 22:11:38',0x01,0x01,'2012-10-18 22:11:43','物料管理','JCXXGL_WLGL','/basic/material/index.jhtml',1,201210000018),
 (201210000026,'2012-10-18 22:13:15',0x01,0x01,'2012-10-18 22:13:15','产品管理','JCXXGL_CPGL','/basic/product/index.jhtml',1,201210000018),
 (201210000028,'2012-10-18 22:15:02',0x01,0x01,'2012-10-18 22:15:02','工序管理','JCXXGL_GXGL','/basic/work/index.jhtml',1,201210000018),
 (201210000029,'2012-10-18 22:15:26',0x01,0x01,'2012-10-18 22:15:26','销售管理','XSGL',NULL,0,NULL),
 (201210000030,'2012-10-18 22:15:49',0x01,0x01,'2012-10-18 22:15:49','项目管理','XSGL_XMGL',NULL,1,201210000029),
 (201210000031,'2012-10-18 22:16:29',0x01,0x01,'2012-10-18 22:16:37','订单管理','XSGL_XMGL_DDGL','/sell/sell-order/index.jhtml',2,201210000030),
 (201210000032,'2012-10-18 22:17:29',0x01,0x01,'2012-10-18 22:17:29','项目报价','XSGL_XMGL_XMBJ','/sell/sell-order-ask-price/index.jhtml',2,201210000030),
 (201210000033,'2012-10-18 22:18:01',0x01,0x01,'2012-10-18 22:18:01','报价审核','XSGL_XMGL_BJSH','/sell/sell-order-ask-audit/index.jhtml',2,201210000030),
 (201210000034,'2012-10-18 22:18:26',0x01,0x01,'2012-10-18 22:18:26','报价确认','XSGL_XMGL_BJQR','/sell/sell-order-ask-confirm/index.jhtml',0,201210000030),
 (201210000035,'2012-10-18 22:18:54',0x01,0x01,'2012-10-18 22:18:54','订单签约','XSGL_XMGL_DDQY','/sell/sell-order-contract/index.jhtml',2,201210000030),
 (201210000036,'2012-10-18 22:19:21',0x01,0x01,'2012-10-18 22:19:21','合同确认','XSGL_XMGL_HTQR','/sell/sell-order-contract-confirm/index.jhtml',2,201210000030),
 (201211000001,'2012-11-09 22:04:56',0x01,0x01,'2012-11-09 22:04:56','采购管理','CGGL',NULL,0,NULL),
 (201211000003,'2012-11-16 22:07:40',0x01,0x01,'2012-11-16 22:07:40','物料咨询','CGGL_WLZX',NULL,1,201211000001),
 (201211000004,'2012-11-16 22:08:20',0x01,0x01,'2012-11-16 22:08:20','采购询价','CGGL_WLZX_CGXJ','/buy/buy-price/index.jhtml',2,201211000003),
 (201211000005,'2012-11-21 13:08:24',0x01,0x01,'2012-11-21 13:08:24','询价审核','CGGL_WLZX_XJSH','/buy/buy-price-audit/index.jhtml',2,201211000003),
 (201211000006,'2012-11-21 17:59:32',0x01,0x01,'2012-11-21 17:59:32','询价管理','CGGL_WLZX_XJGL','/buy/buy-price-admin/index.jhtml',2,201211000003),
 (201211000007,'2012-11-28 16:41:30',0x01,0x01,'2012-11-28 16:41:30','分类管理','JCXXGL_FLGL','/basic/category/index.jhtml',1,201210000018);
/*!40000 ALTER TABLE `sys_menu` ENABLE KEYS */;


--
-- Definition of table `sys_role`
--

DROP TABLE IF EXISTS `sys_role`;
CREATE TABLE `sys_role` (
  `id` bigint(20) NOT NULL,
  `createTime` varchar(255) NOT NULL,
  `flag` bit(1) NOT NULL,
  `status` bit(1) NOT NULL,
  `updateTime` varchar(255) NOT NULL,
  `caption` varchar(255) DEFAULT NULL,
  `code` varchar(255) NOT NULL,
  `name` varchar(255) NOT NULL,
  PRIMARY KEY (`id`),
  UNIQUE KEY `id` (`id`),
  UNIQUE KEY `code` (`code`)
) ENGINE=InnoDB DEFAULT CHARSET=utf8;

--
-- Dumping data for table `sys_role`
--

/*!40000 ALTER TABLE `sys_role` DISABLE KEYS */;
INSERT INTO `sys_role` (`id`,`createTime`,`flag`,`status`,`updateTime`,`caption`,`code`,`name`) VALUES 
 (201209000002,'2012-09-08 20:57:50',0x01,0x01,'2012-09-08 20:57:50','','ADMINISTRATOR','系统管理员'),
 (201209000003,'2012-09-11 20:49:23',0x01,0x01,'2012-09-11 20:49:23','','SYSTEMUSER','系统用户');
/*!40000 ALTER TABLE `sys_role` ENABLE KEYS */;


--
-- Definition of table `sys_role_menu`
--

DROP TABLE IF EXISTS `sys_role_menu`;
CREATE TABLE `sys_role_menu` (
  `id` bigint(20) NOT NULL,
  `createTime` varchar(255) NOT NULL,
  `flag` bit(1) NOT NULL,
  `status` bit(1) NOT NULL,
  `updateTime` varchar(255) NOT NULL,
  `fk_menu_id` bigint(20) DEFAULT NULL,
  `fk_role_id` bigint(20) DEFAULT NULL,
  PRIMARY KEY (`id`),
  UNIQUE KEY `id` (`id`),
  UNIQUE KEY `fk_role_id` (`fk_role_id`,`fk_menu_id`),
  KEY `FK65D48496AEB27F0A` (`fk_role_id`),
  KEY `FK65D484969543EA6A` (`fk_menu_id`),
  CONSTRAINT `FK65D484969543EA6A` FOREIGN KEY (`fk_menu_id`) REFERENCES `sys_menu` (`id`),
  CONSTRAINT `FK65D48496AEB27F0A` FOREIGN KEY (`fk_role_id`) REFERENCES `sys_role` (`id`)
) ENGINE=InnoDB DEFAULT CHARSET=utf8;

--
-- Dumping data for table `sys_role_menu`
--

/*!40000 ALTER TABLE `sys_role_menu` DISABLE KEYS */;
INSERT INTO `sys_role_menu` (`id`,`createTime`,`flag`,`status`,`updateTime`,`fk_menu_id`,`fk_role_id`) VALUES 
 (201211000191,'2012-11-28 23:52:11',0x01,0x01,'2012-11-28 23:52:11',201211000001,201209000002),
 (201211000192,'2012-11-28 23:52:12',0x01,0x01,'2012-11-28 23:52:12',201211000003,201209000002),
 (201211000193,'2012-11-28 23:52:13',0x01,0x01,'2012-11-28 23:52:13',201211000006,201209000002),
 (201211000194,'2012-11-28 23:52:13',0x01,0x01,'2012-11-28 23:52:13',201211000005,201209000002),
 (201211000195,'2012-11-28 23:52:13',0x01,0x01,'2012-11-28 23:52:13',201211000004,201209000002),
 (201211000196,'2012-11-28 23:52:13',0x01,0x01,'2012-11-28 23:52:13',201210000029,201209000002),
 (201211000197,'2012-11-28 23:52:13',0x01,0x01,'2012-11-28 23:52:13',201210000030,201209000002),
 (201211000198,'2012-11-28 23:52:13',0x01,0x01,'2012-11-28 23:52:13',201210000036,201209000002),
 (201211000199,'2012-11-28 23:52:13',0x01,0x01,'2012-11-28 23:52:13',201210000035,201209000002),
 (201211000200,'2012-11-28 23:52:13',0x01,0x01,'2012-11-28 23:52:13',201210000034,201209000002),
 (201211000201,'2012-11-28 23:52:13',0x01,0x01,'2012-11-28 23:52:13',201210000033,201209000002),
 (201211000202,'2012-11-28 23:52:13',0x01,0x01,'2012-11-28 23:52:13',201210000032,201209000002),
 (201211000203,'2012-11-28 23:52:13',0x01,0x01,'2012-11-28 23:52:13',201210000031,201209000002),
 (201211000204,'2012-11-28 23:52:13',0x01,0x01,'2012-11-28 23:52:13',201210000018,201209000002),
 (201211000205,'2012-11-28 23:52:13',0x01,0x01,'2012-11-28 23:52:13',201211000007,201209000002),
 (201211000206,'2012-11-28 23:52:13',0x01,0x01,'2012-11-28 23:52:13',201210000028,201209000002),
 (201211000207,'2012-11-28 23:52:13',0x01,0x01,'2012-11-28 23:52:13',201210000026,201209000002),
 (201211000208,'2012-11-28 23:52:13',0x01,0x01,'2012-11-28 23:52:13',201210000023,201209000002),
 (201211000209,'2012-11-28 23:52:13',0x01,0x01,'2012-11-28 23:52:13',201210000022,201209000002),
 (201211000210,'2012-11-28 23:52:13',0x01,0x01,'2012-11-28 23:52:13',201210000021,201209000002),
 (201211000211,'2012-11-28 23:52:13',0x01,0x01,'2012-11-28 23:52:13',201210000020,201209000002),
 (201211000212,'2012-11-28 23:52:13',0x01,0x01,'2012-11-28 23:52:13',201210000019,201209000002),
 (201211000213,'2012-11-28 23:52:13',0x01,0x01,'2012-11-28 23:52:13',201210000013,201209000002),
 (201211000214,'2012-11-28 23:52:13',0x01,0x01,'2012-11-28 23:52:13',201210000017,201209000002),
 (201211000215,'2012-11-28 23:52:13',0x01,0x01,'2012-11-28 23:52:13',201210000016,201209000002),
 (201211000216,'2012-11-28 23:52:13',0x01,0x01,'2012-11-28 23:52:13',201210000015,201209000002),
 (201211000217,'2012-11-28 23:52:13',0x01,0x01,'2012-11-28 23:52:13',201210000014,201209000002);
/*!40000 ALTER TABLE `sys_role_menu` ENABLE KEYS */;


--
-- Definition of table `sys_role_user`
--

DROP TABLE IF EXISTS `sys_role_user`;
CREATE TABLE `sys_role_user` (
  `id` bigint(20) NOT NULL,
  `createTime` varchar(255) NOT NULL,
  `flag` bit(1) NOT NULL,
  `status` bit(1) NOT NULL,
  `updateTime` varchar(255) NOT NULL,
  `fk_role_id` bigint(20) DEFAULT NULL,
  `fk_user_id` bigint(20) DEFAULT NULL,
  PRIMARY KEY (`id`),
  UNIQUE KEY `id` (`id`),
  UNIQUE KEY `fk_role_id` (`fk_role_id`,`fk_user_id`),
  KEY `FK65D85B02AEB27F0A` (`fk_role_id`),
  KEY `FK65D85B0253DD42EA` (`fk_user_id`),
  CONSTRAINT `FK65D85B0253DD42EA` FOREIGN KEY (`fk_user_id`) REFERENCES `sys_user` (`id`),
  CONSTRAINT `FK65D85B02AEB27F0A` FOREIGN KEY (`fk_role_id`) REFERENCES `sys_role` (`id`)
) ENGINE=InnoDB DEFAULT CHARSET=utf8;

--
-- Dumping data for table `sys_role_user`
--

/*!40000 ALTER TABLE `sys_role_user` DISABLE KEYS */;
INSERT INTO `sys_role_user` (`id`,`createTime`,`flag`,`status`,`updateTime`,`fk_role_id`,`fk_user_id`) VALUES 
 (201209000001,'2012-09-15 16:28:39',0x01,0x01,'2012-09-15 16:28:39',201209000002,201209000001),
 (201209000002,'2012-09-15 16:28:49',0x01,0x01,'2012-09-15 16:28:49',201209000003,201209000005);
/*!40000 ALTER TABLE `sys_role_user` ENABLE KEYS */;


--
-- Definition of table `sys_user`
--

DROP TABLE IF EXISTS `sys_user`;
CREATE TABLE `sys_user` (
  `id` bigint(20) NOT NULL,
  `createTime` varchar(255) NOT NULL,
  `flag` bit(1) NOT NULL,
  `status` bit(1) NOT NULL,
  `updateTime` varchar(255) NOT NULL,
  `password` varchar(255) NOT NULL,
  `username` varchar(255) NOT NULL,
  `fk_employee_id` bigint(20) DEFAULT NULL,
  PRIMARY KEY (`id`),
  UNIQUE KEY `id` (`id`),
  UNIQUE KEY `username` (`username`),
  KEY `FK74A81DFD4FB4DAC1` (`fk_employee_id`),
  CONSTRAINT `FK74A81DFD4FB4DAC1` FOREIGN KEY (`fk_employee_id`) REFERENCES `base_employee` (`id`)
) ENGINE=InnoDB DEFAULT CHARSET=utf8;

--
-- Dumping data for table `sys_user`
--

/*!40000 ALTER TABLE `sys_user` DISABLE KEYS */;
INSERT INTO `sys_user` (`id`,`createTime`,`flag`,`status`,`updateTime`,`password`,`username`,`fk_employee_id`) VALUES 
 (201209000001,'2012-09-06 21:54:01',0x01,0x01,'2012-09-15 16:28:39','ac386807446b3fa23ae7e0a03705307a','admin',201209000001),
 (201209000005,'2012-09-15 16:12:14',0x01,0x01,'2012-09-15 16:28:49','32af94fb6210904b1e39c46512bf6fb2','LML',201209000005);
/*!40000 ALTER TABLE `sys_user` ENABLE KEYS */;


--
-- Definition of table `xm_audit_mind`
--

DROP TABLE IF EXISTS `xm_audit_mind`;
CREATE TABLE `xm_audit_mind` (
  `id` bigint(20) NOT NULL,
  `createTime` varchar(255) NOT NULL,
  `flag` bit(1) NOT NULL,
  `status` bit(1) NOT NULL,
  `updateTime` varchar(255) NOT NULL,
  `auditDate` varchar(255) NOT NULL,
  `dataId` bigint(20) NOT NULL,
  `mind` varchar(255) NOT NULL,
  `realname` varchar(255) NOT NULL,
  `sort` varchar(255) NOT NULL,
  `state` varchar(255) NOT NULL,
  PRIMARY KEY (`id`),
  UNIQUE KEY `id` (`id`)
) ENGINE=InnoDB DEFAULT CHARSET=utf8;

--
-- Dumping data for table `xm_audit_mind`
--

/*!40000 ALTER TABLE `xm_audit_mind` DISABLE KEYS */;
INSERT INTO `xm_audit_mind` (`id`,`createTime`,`flag`,`status`,`updateTime`,`auditDate`,`dataId`,`mind`,`realname`,`sort`,`state`) VALUES 
 (201210000001,'2012-10-16 23:17:34',0x01,0x01,'2012-10-16 23:17:34','2012-10-16',201210000004,'价格不明确','杜永生','XSGL_DDGL_XMBJSH','AUDIT_NO'),
 (201210000002,'2012-10-16 23:20:57',0x01,0x01,'2012-10-16 23:20:57','2012-10-16',201210000003,'同意此项目订单的报价和方式。','杜永生','XSGL_DDGL_XMBJSH','AUDIT_YES'),
 (201210000003,'2012-10-18 20:37:34',0x01,0x01,'2012-10-18 20:37:34','2012-10-18',201210000004,'asdfadf','杜永生','XSGL_DDGL_XMBJQR','PRICE_YES'),
 (201211000001,'2012-11-21 16:07:34',0x01,0x01,'2012-11-21 16:07:34','2012-11-21',201211000004,'asdfadf','杜永生','CGGL_WLZX_CGSQ','AUDIT_YES'),
 (201211000002,'2012-11-21 16:19:13',0x01,0x01,'2012-11-21 16:19:13','2012-11-21',201211000003,'sadfadf','杜永生','CGGL_WLZX_CGSQ','AUDIT_NO'),
 (201211000003,'2012-11-21 17:17:07',0x01,0x01,'2012-11-21 17:17:07','2012-11-21',201211000004,'asdfadf','杜永生','CGGL_WLZX_CGSQ','AUDIT_YES'),
 (201211000004,'2012-11-21 17:18:23',0x01,0x01,'2012-11-21 17:18:23','2012-11-21',201211000003,'审核意见','杜永生','CGGL_WLZX_CGSQ','AUDIT_YES');
/*!40000 ALTER TABLE `xm_audit_mind` ENABLE KEYS */;


--
-- Definition of table `xm_buy_order`
--

DROP TABLE IF EXISTS `xm_buy_order`;
CREATE TABLE `xm_buy_order` (
  `id` bigint(20) NOT NULL,
  `createTime` varchar(255) NOT NULL,
  `flag` bit(1) NOT NULL,
  `status` bit(1) NOT NULL,
  `updateTime` varchar(255) NOT NULL,
  `addDate` varchar(255) DEFAULT NULL,
  `addId` bigint(20) DEFAULT NULL,
  `addName` varchar(255) DEFAULT NULL,
  `address` varchar(255) DEFAULT NULL,
  `askDate` varchar(255) DEFAULT NULL,
  `askId` bigint(20) DEFAULT NULL,
  `askName` varchar(255) DEFAULT NULL,
  `askState` int(11) DEFAULT NULL,
  `askType` tinyblob,
  `auditDate` varchar(255) DEFAULT NULL,
  `auditId` bigint(20) DEFAULT NULL,
  `auditName` varchar(255) DEFAULT NULL,
  `auditState` int(11) DEFAULT NULL,
  `clientId` bigint(20) DEFAULT NULL,
  `code` varchar(255) NOT NULL,
  `fax` varchar(255) DEFAULT NULL,
  `followDate` varchar(255) DEFAULT NULL,
  `followId` bigint(20) DEFAULT NULL,
  `followName` varchar(255) DEFAULT NULL,
  `grade` varchar(255) DEFAULT NULL,
  `linkman` varchar(255) DEFAULT NULL,
  `mobile` varchar(255) DEFAULT NULL,
  `name` varchar(255) DEFAULT NULL,
  `nopay` double DEFAULT NULL,
  `payfor` double DEFAULT NULL,
  `payment` double DEFAULT NULL,
  `phone` varchar(255) DEFAULT NULL,
  `postcode` varchar(255) DEFAULT NULL,
  `state` varchar(255) DEFAULT NULL,
  `tel` varchar(255) DEFAULT NULL,
  `total` int(11) DEFAULT NULL,
  `deliver` varchar(255) DEFAULT NULL,
  `fk_payment_id` bigint(20) DEFAULT NULL,
  `fk_ticket_id` bigint(20) DEFAULT NULL,
  `fk_order_id` bigint(20) DEFAULT NULL,
  `fk_ask_id` bigint(20) DEFAULT NULL,
  PRIMARY KEY (`id`),
  UNIQUE KEY `id` (`id`),
  UNIQUE KEY `code` (`code`),
  KEY `FK8D42878B62A31BEE` (`fk_payment_id`),
  KEY `FK8D42878B718F8674` (`fk_ticket_id`),
  KEY `FK8D42878B98C4CC42` (`fk_order_id`),
  KEY `FK8D42878B4E0C079B` (`fk_ask_id`),
  CONSTRAINT `FK8D42878B4E0C079B` FOREIGN KEY (`fk_ask_id`) REFERENCES `sys_dict` (`id`),
  CONSTRAINT `FK8D42878B62A31BEE` FOREIGN KEY (`fk_payment_id`) REFERENCES `sys_dict` (`id`),
  CONSTRAINT `FK8D42878B718F8674` FOREIGN KEY (`fk_ticket_id`) REFERENCES `sys_dict` (`id`),
  CONSTRAINT `FK8D42878B98C4CC42` FOREIGN KEY (`fk_order_id`) REFERENCES `xm_sell_order` (`id`)
) ENGINE=InnoDB DEFAULT CHARSET=utf8;

--
-- Dumping data for table `xm_buy_order`
--

/*!40000 ALTER TABLE `xm_buy_order` DISABLE KEYS */;
/*!40000 ALTER TABLE `xm_buy_order` ENABLE KEYS */;


--
-- Definition of table `xm_buy_order_list`
--

DROP TABLE IF EXISTS `xm_buy_order_list`;
CREATE TABLE `xm_buy_order_list` (
  `id` bigint(20) NOT NULL,
  `createTime` varchar(255) NOT NULL,
  `flag` bit(1) NOT NULL,
  `status` bit(1) NOT NULL,
  `updateTime` varchar(255) NOT NULL,
  `amount` int(11) DEFAULT NULL,
  `mateId` bigint(20) DEFAULT NULL,
  `mateName` varchar(255) DEFAULT NULL,
  `price` decimal(22,2) DEFAULT NULL,
  `unit` varchar(255) DEFAULT NULL,
  `fk_order_id` bigint(20) DEFAULT NULL,
  PRIMARY KEY (`id`),
  UNIQUE KEY `id` (`id`),
  KEY `FKBCD8E0D2F34483D7` (`fk_order_id`),
  CONSTRAINT `FKBCD8E0D2F34483D7` FOREIGN KEY (`fk_order_id`) REFERENCES `xm_buy_order` (`id`)
) ENGINE=InnoDB DEFAULT CHARSET=utf8;

--
-- Dumping data for table `xm_buy_order_list`
--

/*!40000 ALTER TABLE `xm_buy_order_list` DISABLE KEYS */;
/*!40000 ALTER TABLE `xm_buy_order_list` ENABLE KEYS */;


--
-- Definition of table `xm_buy_price`
--

DROP TABLE IF EXISTS `xm_buy_price`;
CREATE TABLE `xm_buy_price` (
  `id` bigint(20) NOT NULL,
  `createTime` varchar(255) NOT NULL,
  `flag` bit(1) NOT NULL,
  `status` bit(1) NOT NULL,
  `updateTime` varchar(255) NOT NULL,
  `state` varchar(255) DEFAULT NULL,
  `tellId` bigint(20) DEFAULT NULL,
  `tellName` varchar(255) DEFAULT NULL,
  `title` varchar(255) DEFAULT NULL,
  `fk_mode_id` bigint(20) DEFAULT NULL,
  `fk_order_id` bigint(20) DEFAULT NULL,
  `addDate` varchar(255) DEFAULT NULL,
  `addId` bigint(20) DEFAULT NULL,
  `addName` varchar(255) DEFAULT NULL,
  `address` varchar(255) DEFAULT NULL,
  `askDate` varchar(255) DEFAULT NULL,
  `askId` bigint(20) DEFAULT NULL,
  `askName` varchar(255) DEFAULT NULL,
  `askState` int(11) DEFAULT NULL,
  `auditDate` varchar(255) DEFAULT NULL,
  `auditId` bigint(20) DEFAULT NULL,
  `auditName` varchar(255) DEFAULT NULL,
  `auditState` varchar(255) DEFAULT NULL,
  `clientId` bigint(20) DEFAULT NULL,
  `code` varchar(255) NOT NULL,
  `fax` varchar(255) DEFAULT NULL,
  `followDate` varchar(255) DEFAULT NULL,
  `followId` bigint(20) DEFAULT NULL,
  `followName` varchar(255) DEFAULT NULL,
  `grade` varchar(255) DEFAULT NULL,
  `linkman` varchar(255) DEFAULT NULL,
  `mobile` varchar(255) DEFAULT NULL,
  `name` varchar(255) DEFAULT NULL,
  `nopay` double DEFAULT NULL,
  `payfor` double DEFAULT NULL,
  `payment` double DEFAULT NULL,
  `phone` varchar(255) DEFAULT NULL,
  `postcode` varchar(255) DEFAULT NULL,
  `tel` varchar(255) DEFAULT NULL,
  `total` int(11) DEFAULT NULL,
  `fk_ask_id` bigint(20) DEFAULT NULL,
  `fk_payment_id` bigint(20) DEFAULT NULL,
  `fk_ticket_id` bigint(20) DEFAULT NULL,
  PRIMARY KEY (`id`),
  UNIQUE KEY `id` (`id`),
  UNIQUE KEY `code` (`code`),
  KEY `FK8D50B186A5BC25FD` (`fk_mode_id`),
  KEY `FK8D50B18698C4CC42` (`fk_order_id`),
  KEY `FK8D50B18662A31BEE` (`fk_payment_id`),
  KEY `FK8D50B186718F8674` (`fk_ticket_id`),
  KEY `FK8D50B1864E0C079B` (`fk_ask_id`),
  CONSTRAINT `FK8D50B1864E0C079B` FOREIGN KEY (`fk_ask_id`) REFERENCES `sys_dict` (`id`),
  CONSTRAINT `FK8D50B18662A31BEE` FOREIGN KEY (`fk_payment_id`) REFERENCES `sys_dict` (`id`),
  CONSTRAINT `FK8D50B186718F8674` FOREIGN KEY (`fk_ticket_id`) REFERENCES `sys_dict` (`id`),
  CONSTRAINT `FK8D50B18698C4CC42` FOREIGN KEY (`fk_order_id`) REFERENCES `xm_sell_order` (`id`),
  CONSTRAINT `FK8D50B186A5BC25FD` FOREIGN KEY (`fk_mode_id`) REFERENCES `sys_dict` (`id`)
) ENGINE=InnoDB DEFAULT CHARSET=utf8;

--
-- Dumping data for table `xm_buy_price`
--

/*!40000 ALTER TABLE `xm_buy_price` DISABLE KEYS */;
INSERT INTO `xm_buy_price` (`id`,`createTime`,`flag`,`status`,`updateTime`,`state`,`tellId`,`tellName`,`title`,`fk_mode_id`,`fk_order_id`,`addDate`,`addId`,`addName`,`address`,`askDate`,`askId`,`askName`,`askState`,`auditDate`,`auditId`,`auditName`,`auditState`,`clientId`,`code`,`fax`,`followDate`,`followId`,`followName`,`grade`,`linkman`,`mobile`,`name`,`nopay`,`payfor`,`payment`,`phone`,`postcode`,`tel`,`total`,`fk_ask_id`,`fk_payment_id`,`fk_ticket_id`) VALUES 
 (201211000004,'2012-11-15 21:55:38',0x01,0x01,'2012-11-21 18:41:45','CGGL_WLZX_XJSH',NULL,NULL,NULL,NULL,201210000004,'2012-11-15',201209000001,'杜永生','广东省中山市三乡镇白石君怡花园E4区130号',NULL,NULL,NULL,NULL,NULL,NULL,NULL,'AUDIT_WAIT',201211000001,'XJ20121100003',NULL,NULL,NULL,NULL,NULL,'陈远和','15625339173','壹桶水水店',NULL,NULL,NULL,'0760-86360080','528463','0760-86360080',NULL,NULL,NULL,NULL);
/*!40000 ALTER TABLE `xm_buy_price` ENABLE KEYS */;


--
-- Definition of table `xm_buy_price_list`
--

DROP TABLE IF EXISTS `xm_buy_price_list`;
CREATE TABLE `xm_buy_price_list` (
  `id` bigint(20) NOT NULL,
  `createTime` varchar(255) NOT NULL,
  `flag` bit(1) NOT NULL,
  `status` bit(1) NOT NULL,
  `updateTime` varchar(255) NOT NULL,
  `amount` int(11) DEFAULT NULL,
  `mateId` bigint(20) DEFAULT NULL,
  `mateName` varchar(255) DEFAULT NULL,
  `price` decimal(22,2) DEFAULT NULL,
  `unit` varchar(255) DEFAULT NULL,
  `fk_order_id` bigint(20) DEFAULT NULL,
  `remark` varchar(255) DEFAULT NULL,
  PRIMARY KEY (`id`),
  UNIQUE KEY `id` (`id`),
  KEY `FK388CBBB7F352ADD2` (`fk_order_id`),
  CONSTRAINT `FK388CBBB7F352ADD2` FOREIGN KEY (`fk_order_id`) REFERENCES `xm_buy_price` (`id`)
) ENGINE=InnoDB DEFAULT CHARSET=utf8;

--
-- Dumping data for table `xm_buy_price_list`
--

/*!40000 ALTER TABLE `xm_buy_price_list` DISABLE KEYS */;
INSERT INTO `xm_buy_price_list` (`id`,`createTime`,`flag`,`status`,`updateTime`,`amount`,`mateId`,`mateName`,`price`,`unit`,`fk_order_id`,`remark`) VALUES 
 (201211000007,'2012-11-15 21:56:15',0x01,0x01,'2012-11-15 21:56:15',3,NULL,'4134','12.00','包',201211000004,'14341'),
 (201211000008,'2012-11-21 18:14:10',0x01,0x01,'2012-11-21 18:14:10',23,NULL,'ac','12.00','张',201211000004,'343');
/*!40000 ALTER TABLE `xm_buy_price_list` ENABLE KEYS */;


--
-- Definition of table `xm_material_enter`
--

DROP TABLE IF EXISTS `xm_material_enter`;
CREATE TABLE `xm_material_enter` (
  `id` bigint(20) NOT NULL,
  `createTime` varchar(255) NOT NULL,
  `flag` bit(1) NOT NULL,
  `status` bit(1) NOT NULL,
  `updateTime` varchar(255) NOT NULL,
  `fk_store_id` bigint(20) DEFAULT NULL,
  `fk_order_id` bigint(20) DEFAULT NULL,
  `fk_user_id` bigint(20) DEFAULT NULL,
  PRIMARY KEY (`id`),
  UNIQUE KEY `id` (`id`),
  KEY `FKE70E0C4A777AEB6B` (`fk_store_id`),
  KEY `FKE70E0C4A53DD42EA` (`fk_user_id`),
  KEY `FKE70E0C4AF34483D7` (`fk_order_id`),
  CONSTRAINT `FKE70E0C4A53DD42EA` FOREIGN KEY (`fk_user_id`) REFERENCES `sys_user` (`id`),
  CONSTRAINT `FKE70E0C4A777AEB6B` FOREIGN KEY (`fk_store_id`) REFERENCES `base_store` (`id`),
  CONSTRAINT `FKE70E0C4AF34483D7` FOREIGN KEY (`fk_order_id`) REFERENCES `xm_buy_order` (`id`)
) ENGINE=InnoDB DEFAULT CHARSET=utf8;

--
-- Dumping data for table `xm_material_enter`
--

/*!40000 ALTER TABLE `xm_material_enter` DISABLE KEYS */;
/*!40000 ALTER TABLE `xm_material_enter` ENABLE KEYS */;


--
-- Definition of table `xm_material_enter_list`
--

DROP TABLE IF EXISTS `xm_material_enter_list`;
CREATE TABLE `xm_material_enter_list` (
  `id` bigint(20) NOT NULL,
  `createTime` varchar(255) NOT NULL,
  `flag` bit(1) NOT NULL,
  `status` bit(1) NOT NULL,
  `updateTime` varchar(255) NOT NULL,
  `amount` int(11) DEFAULT NULL,
  `mateId` bigint(20) DEFAULT NULL,
  `mateName` varchar(255) DEFAULT NULL,
  `price` decimal(12,2) DEFAULT NULL,
  `unit` varchar(255) DEFAULT NULL,
  `fk_enter_id` bigint(20) DEFAULT NULL,
  PRIMARY KEY (`id`),
  UNIQUE KEY `id` (`id`),
  KEY `FK4F8D7B73BD58D824` (`fk_enter_id`),
  CONSTRAINT `FK4F8D7B73BD58D824` FOREIGN KEY (`fk_enter_id`) REFERENCES `xm_material_enter` (`id`)
) ENGINE=InnoDB DEFAULT CHARSET=utf8;

--
-- Dumping data for table `xm_material_enter_list`
--

/*!40000 ALTER TABLE `xm_material_enter_list` DISABLE KEYS */;
/*!40000 ALTER TABLE `xm_material_enter_list` ENABLE KEYS */;


--
-- Definition of table `xm_material_return`
--

DROP TABLE IF EXISTS `xm_material_return`;
CREATE TABLE `xm_material_return` (
  `id` bigint(20) NOT NULL,
  `createTime` varchar(255) NOT NULL,
  `flag` bit(1) NOT NULL,
  `status` bit(1) NOT NULL,
  `updateTime` varchar(255) NOT NULL,
  `addDate` varchar(255) DEFAULT NULL,
  `addId` bigint(20) DEFAULT NULL,
  `addName` varchar(255) DEFAULT NULL,
  `address` varchar(255) DEFAULT NULL,
  `askDate` varchar(255) DEFAULT NULL,
  `askId` bigint(20) DEFAULT NULL,
  `askName` varchar(255) DEFAULT NULL,
  `askState` int(11) DEFAULT NULL,
  `askType` tinyblob,
  `auditDate` varchar(255) DEFAULT NULL,
  `auditId` bigint(20) DEFAULT NULL,
  `auditName` varchar(255) DEFAULT NULL,
  `auditState` int(11) DEFAULT NULL,
  `clientId` bigint(20) DEFAULT NULL,
  `code` varchar(255) NOT NULL,
  `fax` varchar(255) DEFAULT NULL,
  `followDate` varchar(255) DEFAULT NULL,
  `followId` bigint(20) DEFAULT NULL,
  `followName` varchar(255) DEFAULT NULL,
  `grade` varchar(255) DEFAULT NULL,
  `linkman` varchar(255) DEFAULT NULL,
  `mobile` varchar(255) DEFAULT NULL,
  `name` varchar(255) DEFAULT NULL,
  `nopay` double DEFAULT NULL,
  `payfor` double DEFAULT NULL,
  `payment` double DEFAULT NULL,
  `phone` varchar(255) DEFAULT NULL,
  `postcode` varchar(255) DEFAULT NULL,
  `state` varchar(255) DEFAULT NULL,
  `tel` varchar(255) DEFAULT NULL,
  `total` int(11) DEFAULT NULL,
  `cause` varchar(255) DEFAULT NULL,
  `fk_payment_id` bigint(20) DEFAULT NULL,
  `fk_ticket_id` bigint(20) DEFAULT NULL,
  `fk_order_id` bigint(20) DEFAULT NULL,
  `fk_ask_id` bigint(20) DEFAULT NULL,
  PRIMARY KEY (`id`),
  UNIQUE KEY `id` (`id`),
  UNIQUE KEY `code` (`code`),
  KEY `FK1063E5FE62A31BEE` (`fk_payment_id`),
  KEY `FK1063E5FE718F8674` (`fk_ticket_id`),
  KEY `FK1063E5FEF34483D7` (`fk_order_id`),
  KEY `FK1063E5FE4E0C079B` (`fk_ask_id`),
  CONSTRAINT `FK1063E5FE4E0C079B` FOREIGN KEY (`fk_ask_id`) REFERENCES `sys_dict` (`id`),
  CONSTRAINT `FK1063E5FE62A31BEE` FOREIGN KEY (`fk_payment_id`) REFERENCES `sys_dict` (`id`),
  CONSTRAINT `FK1063E5FE718F8674` FOREIGN KEY (`fk_ticket_id`) REFERENCES `sys_dict` (`id`),
  CONSTRAINT `FK1063E5FEF34483D7` FOREIGN KEY (`fk_order_id`) REFERENCES `xm_buy_order` (`id`)
) ENGINE=InnoDB DEFAULT CHARSET=utf8;

--
-- Dumping data for table `xm_material_return`
--

/*!40000 ALTER TABLE `xm_material_return` DISABLE KEYS */;
/*!40000 ALTER TABLE `xm_material_return` ENABLE KEYS */;


--
-- Definition of table `xm_material_return_list`
--

DROP TABLE IF EXISTS `xm_material_return_list`;
CREATE TABLE `xm_material_return_list` (
  `id` bigint(20) NOT NULL,
  `createTime` varchar(255) NOT NULL,
  `flag` bit(1) NOT NULL,
  `status` bit(1) NOT NULL,
  `updateTime` varchar(255) NOT NULL,
  `amount` int(11) DEFAULT NULL,
  `mateId` bigint(20) DEFAULT NULL,
  `mateName` varchar(255) DEFAULT NULL,
  `price` decimal(12,2) DEFAULT NULL,
  `unit` varchar(255) DEFAULT NULL,
  `fk_untread_id` bigint(20) DEFAULT NULL,
  PRIMARY KEY (`id`),
  UNIQUE KEY `id` (`id`),
  KEY `FK321F923F70ABCEC3` (`fk_untread_id`),
  CONSTRAINT `FK321F923F70ABCEC3` FOREIGN KEY (`fk_untread_id`) REFERENCES `xm_material_return` (`id`)
) ENGINE=InnoDB DEFAULT CHARSET=utf8;

--
-- Dumping data for table `xm_material_return_list`
--

/*!40000 ALTER TABLE `xm_material_return_list` DISABLE KEYS */;
/*!40000 ALTER TABLE `xm_material_return_list` ENABLE KEYS */;


--
-- Definition of table `xm_order_budget`
--

DROP TABLE IF EXISTS `xm_order_budget`;
CREATE TABLE `xm_order_budget` (
  `id` bigint(20) NOT NULL,
  `createTime` varchar(255) NOT NULL,
  `flag` bit(1) NOT NULL,
  `status` bit(1) NOT NULL,
  `updateTime` varchar(255) NOT NULL,
  `amount` int(11) DEFAULT NULL,
  `name` varchar(255) DEFAULT NULL,
  `price` double DEFAULT NULL,
  `remark` varchar(255) DEFAULT NULL,
  `sort` varchar(255) DEFAULT NULL,
  `unit` varchar(255) DEFAULT NULL,
  `fk_order_id` bigint(20) DEFAULT NULL,
  PRIMARY KEY (`id`),
  UNIQUE KEY `id` (`id`),
  KEY `FKEE07026098C4CC42` (`fk_order_id`),
  CONSTRAINT `FKEE07026098C4CC42` FOREIGN KEY (`fk_order_id`) REFERENCES `xm_sell_order` (`id`)
) ENGINE=InnoDB DEFAULT CHARSET=utf8;

--
-- Dumping data for table `xm_order_budget`
--

/*!40000 ALTER TABLE `xm_order_budget` DISABLE KEYS */;
/*!40000 ALTER TABLE `xm_order_budget` ENABLE KEYS */;


--
-- Definition of table `xm_order_follow`
--

DROP TABLE IF EXISTS `xm_order_follow`;
CREATE TABLE `xm_order_follow` (
  `id` bigint(20) NOT NULL,
  `createTime` varchar(255) NOT NULL,
  `flag` bit(1) NOT NULL,
  `status` bit(1) NOT NULL,
  `updateTime` varchar(255) NOT NULL,
  `context` varchar(255) NOT NULL,
  `dataId` bigint(20) NOT NULL,
  `sort` varchar(255) DEFAULT NULL,
  PRIMARY KEY (`id`),
  UNIQUE KEY `id` (`id`)
) ENGINE=InnoDB DEFAULT CHARSET=utf8;

--
-- Dumping data for table `xm_order_follow`
--

/*!40000 ALTER TABLE `xm_order_follow` DISABLE KEYS */;
/*!40000 ALTER TABLE `xm_order_follow` ENABLE KEYS */;


--
-- Definition of table `xm_product_enter`
--

DROP TABLE IF EXISTS `xm_product_enter`;
CREATE TABLE `xm_product_enter` (
  `id` bigint(20) NOT NULL,
  `createTime` varchar(255) NOT NULL,
  `flag` bit(1) NOT NULL,
  `status` bit(1) NOT NULL,
  `updateTime` varchar(255) NOT NULL,
  `fk_store_id` bigint(20) DEFAULT NULL,
  `fk_order_id` bigint(20) DEFAULT NULL,
  `fk_user_id` bigint(20) DEFAULT NULL,
  PRIMARY KEY (`id`),
  UNIQUE KEY `id` (`id`),
  KEY `FK21EF97BE777AEB6B` (`fk_store_id`),
  KEY `FK21EF97BE53DD42EA` (`fk_user_id`),
  KEY `FK21EF97BE98C4CC42` (`fk_order_id`),
  CONSTRAINT `FK21EF97BE53DD42EA` FOREIGN KEY (`fk_user_id`) REFERENCES `sys_user` (`id`),
  CONSTRAINT `FK21EF97BE777AEB6B` FOREIGN KEY (`fk_store_id`) REFERENCES `base_store` (`id`),
  CONSTRAINT `FK21EF97BE98C4CC42` FOREIGN KEY (`fk_order_id`) REFERENCES `xm_sell_order` (`id`)
) ENGINE=InnoDB DEFAULT CHARSET=utf8;

--
-- Dumping data for table `xm_product_enter`
--

/*!40000 ALTER TABLE `xm_product_enter` DISABLE KEYS */;
/*!40000 ALTER TABLE `xm_product_enter` ENABLE KEYS */;


--
-- Definition of table `xm_product_enter_list`
--

DROP TABLE IF EXISTS `xm_product_enter_list`;
CREATE TABLE `xm_product_enter_list` (
  `id` bigint(20) NOT NULL,
  `createTime` varchar(255) NOT NULL,
  `flag` bit(1) NOT NULL,
  `status` bit(1) NOT NULL,
  `updateTime` varchar(255) NOT NULL,
  `amount` int(11) DEFAULT NULL,
  `price` decimal(22,2) DEFAULT NULL,
  `proId` bigint(20) DEFAULT NULL,
  `proName` varchar(255) DEFAULT NULL,
  `unit` varchar(255) DEFAULT NULL,
  `fk_enter_id` bigint(20) DEFAULT NULL,
  PRIMARY KEY (`id`),
  UNIQUE KEY `id` (`id`),
  KEY `FKB0DCF87F6AF83E4E` (`fk_enter_id`),
  CONSTRAINT `FKB0DCF87F6AF83E4E` FOREIGN KEY (`fk_enter_id`) REFERENCES `xm_product_enter` (`id`)
) ENGINE=InnoDB DEFAULT CHARSET=utf8;

--
-- Dumping data for table `xm_product_enter_list`
--

/*!40000 ALTER TABLE `xm_product_enter_list` DISABLE KEYS */;
/*!40000 ALTER TABLE `xm_product_enter_list` ENABLE KEYS */;


--
-- Definition of table `xm_product_out`
--

DROP TABLE IF EXISTS `xm_product_out`;
CREATE TABLE `xm_product_out` (
  `id` bigint(20) NOT NULL,
  `createTime` varchar(255) NOT NULL,
  `flag` bit(1) NOT NULL,
  `status` bit(1) NOT NULL,
  `updateTime` varchar(255) NOT NULL,
  `fk_store_id` bigint(20) DEFAULT NULL,
  `fk_order_id` bigint(20) DEFAULT NULL,
  `fk_user_id` bigint(20) DEFAULT NULL,
  PRIMARY KEY (`id`),
  UNIQUE KEY `id` (`id`),
  KEY `FKEFC941B4777AEB6B` (`fk_store_id`),
  KEY `FKEFC941B453DD42EA` (`fk_user_id`),
  KEY `FKEFC941B498C4CC42` (`fk_order_id`),
  CONSTRAINT `FKEFC941B453DD42EA` FOREIGN KEY (`fk_user_id`) REFERENCES `sys_user` (`id`),
  CONSTRAINT `FKEFC941B4777AEB6B` FOREIGN KEY (`fk_store_id`) REFERENCES `base_store` (`id`),
  CONSTRAINT `FKEFC941B498C4CC42` FOREIGN KEY (`fk_order_id`) REFERENCES `xm_sell_order` (`id`)
) ENGINE=InnoDB DEFAULT CHARSET=utf8;

--
-- Dumping data for table `xm_product_out`
--

/*!40000 ALTER TABLE `xm_product_out` DISABLE KEYS */;
/*!40000 ALTER TABLE `xm_product_out` ENABLE KEYS */;


--
-- Definition of table `xm_product_out_list`
--

DROP TABLE IF EXISTS `xm_product_out_list`;
CREATE TABLE `xm_product_out_list` (
  `id` bigint(20) NOT NULL,
  `createTime` varchar(255) NOT NULL,
  `flag` bit(1) NOT NULL,
  `status` bit(1) NOT NULL,
  `updateTime` varchar(255) NOT NULL,
  `amount` int(11) DEFAULT NULL,
  `price` decimal(22,2) DEFAULT NULL,
  `proId` bigint(20) DEFAULT NULL,
  `proName` varchar(255) DEFAULT NULL,
  `unit` varchar(255) DEFAULT NULL,
  `fk_out_id` bigint(20) DEFAULT NULL,
  PRIMARY KEY (`id`),
  UNIQUE KEY `id` (`id`),
  KEY `FKA96D18495716B78E` (`fk_out_id`),
  CONSTRAINT `FKA96D18495716B78E` FOREIGN KEY (`fk_out_id`) REFERENCES `xm_product_out` (`id`)
) ENGINE=InnoDB DEFAULT CHARSET=utf8;

--
-- Dumping data for table `xm_product_out_list`
--

/*!40000 ALTER TABLE `xm_product_out_list` DISABLE KEYS */;
/*!40000 ALTER TABLE `xm_product_out_list` ENABLE KEYS */;


--
-- Definition of table `xm_product_return`
--

DROP TABLE IF EXISTS `xm_product_return`;
CREATE TABLE `xm_product_return` (
  `id` bigint(20) NOT NULL,
  `createTime` varchar(255) NOT NULL,
  `flag` bit(1) NOT NULL,
  `status` bit(1) NOT NULL,
  `updateTime` varchar(255) NOT NULL,
  `addDate` varchar(255) DEFAULT NULL,
  `addId` bigint(20) DEFAULT NULL,
  `addName` varchar(255) DEFAULT NULL,
  `address` varchar(255) DEFAULT NULL,
  `askDate` varchar(255) DEFAULT NULL,
  `askId` bigint(20) DEFAULT NULL,
  `askName` varchar(255) DEFAULT NULL,
  `askState` int(11) DEFAULT NULL,
  `askType` tinyblob,
  `auditDate` varchar(255) DEFAULT NULL,
  `auditId` bigint(20) DEFAULT NULL,
  `auditName` varchar(255) DEFAULT NULL,
  `auditState` int(11) DEFAULT NULL,
  `clientId` bigint(20) DEFAULT NULL,
  `code` varchar(255) NOT NULL,
  `fax` varchar(255) DEFAULT NULL,
  `followDate` varchar(255) DEFAULT NULL,
  `followId` bigint(20) DEFAULT NULL,
  `followName` varchar(255) DEFAULT NULL,
  `grade` varchar(255) DEFAULT NULL,
  `linkman` varchar(255) DEFAULT NULL,
  `mobile` varchar(255) DEFAULT NULL,
  `name` varchar(255) DEFAULT NULL,
  `nopay` double DEFAULT NULL,
  `payfor` double DEFAULT NULL,
  `payment` double DEFAULT NULL,
  `phone` varchar(255) DEFAULT NULL,
  `postcode` varchar(255) DEFAULT NULL,
  `state` varchar(255) DEFAULT NULL,
  `tel` varchar(255) DEFAULT NULL,
  `total` int(11) DEFAULT NULL,
  `cause` varchar(255) DEFAULT NULL,
  `fk_payment_id` bigint(20) DEFAULT NULL,
  `fk_ticket_id` bigint(20) DEFAULT NULL,
  `fk_store_id` bigint(20) DEFAULT NULL,
  `fk_order_id` bigint(20) DEFAULT NULL,
  `fk_ask_id` bigint(20) DEFAULT NULL,
  PRIMARY KEY (`id`),
  UNIQUE KEY `id` (`id`),
  UNIQUE KEY `code` (`code`),
  KEY `FK31B3C90A777AEB6B` (`fk_store_id`),
  KEY `FK31B3C90A62A31BEE` (`fk_payment_id`),
  KEY `FK31B3C90A718F8674` (`fk_ticket_id`),
  KEY `FK31B3C90A98C4CC42` (`fk_order_id`),
  KEY `FK31B3C90A4E0C079B` (`fk_ask_id`),
  CONSTRAINT `FK31B3C90A4E0C079B` FOREIGN KEY (`fk_ask_id`) REFERENCES `sys_dict` (`id`),
  CONSTRAINT `FK31B3C90A62A31BEE` FOREIGN KEY (`fk_payment_id`) REFERENCES `sys_dict` (`id`),
  CONSTRAINT `FK31B3C90A718F8674` FOREIGN KEY (`fk_ticket_id`) REFERENCES `sys_dict` (`id`),
  CONSTRAINT `FK31B3C90A777AEB6B` FOREIGN KEY (`fk_store_id`) REFERENCES `base_store` (`id`),
  CONSTRAINT `FK31B3C90A98C4CC42` FOREIGN KEY (`fk_order_id`) REFERENCES `xm_sell_order` (`id`)
) ENGINE=InnoDB DEFAULT CHARSET=utf8;

--
-- Dumping data for table `xm_product_return`
--

/*!40000 ALTER TABLE `xm_product_return` DISABLE KEYS */;
/*!40000 ALTER TABLE `xm_product_return` ENABLE KEYS */;


--
-- Definition of table `xm_product_return_list`
--

DROP TABLE IF EXISTS `xm_product_return_list`;
CREATE TABLE `xm_product_return_list` (
  `id` bigint(20) NOT NULL,
  `createTime` varchar(255) NOT NULL,
  `flag` bit(1) NOT NULL,
  `status` bit(1) NOT NULL,
  `updateTime` varchar(255) NOT NULL,
  `amount` int(11) DEFAULT NULL,
  `price` decimal(22,2) DEFAULT NULL,
  `proId` bigint(20) DEFAULT NULL,
  `proName` varchar(255) DEFAULT NULL,
  `unit` varchar(255) DEFAULT NULL,
  `fk_untread_id` bigint(20) DEFAULT NULL,
  PRIMARY KEY (`id`),
  UNIQUE KEY `id` (`id`),
  KEY `FKFABFB6B376F92DD9` (`fk_untread_id`),
  CONSTRAINT `FKFABFB6B376F92DD9` FOREIGN KEY (`fk_untread_id`) REFERENCES `xm_product_return` (`id`)
) ENGINE=InnoDB DEFAULT CHARSET=utf8;

--
-- Dumping data for table `xm_product_return_list`
--

/*!40000 ALTER TABLE `xm_product_return_list` DISABLE KEYS */;
/*!40000 ALTER TABLE `xm_product_return_list` ENABLE KEYS */;


--
-- Definition of table `xm_sell_order`
--

DROP TABLE IF EXISTS `xm_sell_order`;
CREATE TABLE `xm_sell_order` (
  `id` bigint(20) NOT NULL,
  `createTime` varchar(255) NOT NULL,
  `flag` bit(1) NOT NULL,
  `status` bit(1) NOT NULL,
  `updateTime` varchar(255) NOT NULL,
  `addDate` varchar(255) DEFAULT NULL,
  `addId` bigint(20) DEFAULT NULL,
  `addName` varchar(255) DEFAULT NULL,
  `address` varchar(255) DEFAULT NULL,
  `askDate` varchar(255) DEFAULT NULL,
  `askId` bigint(20) DEFAULT NULL,
  `askName` varchar(255) DEFAULT NULL,
  `askState` int(11) DEFAULT NULL,
  `auditDate` varchar(255) DEFAULT NULL,
  `auditId` bigint(20) DEFAULT NULL,
  `auditName` varchar(255) DEFAULT NULL,
  `auditState` varchar(50) DEFAULT NULL,
  `clientId` bigint(20) DEFAULT NULL,
  `code` varchar(255) NOT NULL,
  `fax` varchar(255) DEFAULT NULL,
  `followDate` varchar(255) DEFAULT NULL,
  `followId` bigint(20) DEFAULT NULL,
  `followName` varchar(255) DEFAULT NULL,
  `grade` varchar(255) DEFAULT NULL,
  `linkman` varchar(255) DEFAULT NULL,
  `mobile` varchar(255) DEFAULT NULL,
  `name` varchar(255) DEFAULT NULL,
  `nopay` double DEFAULT NULL,
  `payfor` double DEFAULT NULL,
  `payment` double DEFAULT NULL,
  `phone` varchar(255) DEFAULT NULL,
  `postcode` varchar(255) DEFAULT NULL,
  `state` varchar(255) DEFAULT NULL,
  `tel` varchar(255) DEFAULT NULL,
  `total` int(11) DEFAULT NULL,
  `deliver` varchar(255) DEFAULT NULL,
  `fk_payment_id` bigint(20) DEFAULT NULL,
  `fk_ticket_id` bigint(20) DEFAULT NULL,
  `fk_sort_id` bigint(20) DEFAULT NULL,
  `fk_ask_id` bigint(20) DEFAULT NULL,
  PRIMARY KEY (`id`),
  UNIQUE KEY `id` (`id`),
  UNIQUE KEY `code` (`code`),
  KEY `FK5D783FABE3EDA422` (`fk_sort_id`),
  KEY `FK5D783FAB62A31BEE` (`fk_payment_id`),
  KEY `FK5D783FAB718F8674` (`fk_ticket_id`),
  KEY `FK5D783FAB4E0C079B` (`fk_ask_id`),
  CONSTRAINT `FK5D783FAB4E0C079B` FOREIGN KEY (`fk_ask_id`) REFERENCES `sys_dict` (`id`),
  CONSTRAINT `FK5D783FAB62A31BEE` FOREIGN KEY (`fk_payment_id`) REFERENCES `sys_dict` (`id`),
  CONSTRAINT `FK5D783FAB718F8674` FOREIGN KEY (`fk_ticket_id`) REFERENCES `sys_dict` (`id`),
  CONSTRAINT `FK5D783FABE3EDA422` FOREIGN KEY (`fk_sort_id`) REFERENCES `sys_dict` (`id`)
) ENGINE=InnoDB DEFAULT CHARSET=utf8;

--
-- Dumping data for table `xm_sell_order`
--

/*!40000 ALTER TABLE `xm_sell_order` DISABLE KEYS */;
INSERT INTO `xm_sell_order` (`id`,`createTime`,`flag`,`status`,`updateTime`,`addDate`,`addId`,`addName`,`address`,`askDate`,`askId`,`askName`,`askState`,`auditDate`,`auditId`,`auditName`,`auditState`,`clientId`,`code`,`fax`,`followDate`,`followId`,`followName`,`grade`,`linkman`,`mobile`,`name`,`nopay`,`payfor`,`payment`,`phone`,`postcode`,`state`,`tel`,`total`,`deliver`,`fk_payment_id`,`fk_ticket_id`,`fk_sort_id`,`fk_ask_id`) VALUES 
 (201210000003,'2012-10-13 20:20:03',0x01,0x01,'2012-10-16 23:20:57','2012-10-13',201209000001,'杜永生','广东省中山市三乡镇牙雅居乐新城1号','2012-10-16',NULL,'杜永生',0,NULL,NULL,NULL,'AUDIT_WAIT',201209000005,'DD20121000003','0760-88991234',NULL,NULL,NULL,'GENERAL','李鸿章','13790723868','中山华海地产服务公司',0,0,51,'0760-88991234','528403','XSGL_DDGL_XMDDQY','0760-88991234',12,NULL,201210000018,201210000011,201210000003,201210000034),
 (201210000004,'2012-10-15 09:04:17',0x01,0x01,'2012-10-18 21:28:09','2012-10-15',201209000001,'杜永生','广东省中山市西苑电脑城2楼2146卡','2012-10-16',NULL,'杜永生',0,NULL,NULL,NULL,'PRICE_YES',201210000002,'DD20121000004','0760-88161868',NULL,NULL,NULL,'GENERAL','李健安','13790723868','乐分享',NULL,NULL,270,'0760-88161868',NULL,'CGGL_WLZX_CGXJ','0760-88161868',6,NULL,NULL,NULL,201210000010,201210000032),
 (201211000002,'2012-11-16 21:43:34',0x01,0x01,'2012-11-16 22:01:39','2012-11-16',201209000001,'杜永生','广东省中山市富华道6号数码广场富荣阁10楼BC',NULL,NULL,NULL,NULL,NULL,NULL,NULL,NULL,201210000001,'DD20121100004','0760-86743939',NULL,NULL,NULL,'GENERAL','李玉锋','15914691323','捷联科技有限公司中山分公司',NULL,NULL,2829,'0760-88633788',NULL,'XSGL_DDGL_XMDDBJ','0760-88633788',23,NULL,NULL,NULL,201210000010,NULL),
 (201211000003,'2012-11-23 21:04:39',0x01,0x01,'2012-11-23 21:04:39','2012-11-23',201209000001,'杜永生',NULL,NULL,NULL,NULL,NULL,NULL,NULL,NULL,NULL,NULL,'DD20121100005',NULL,NULL,NULL,NULL,NULL,NULL,NULL,NULL,NULL,NULL,NULL,NULL,NULL,'XSGL_DDGL_XZXMDD',NULL,NULL,NULL,NULL,NULL,NULL,NULL);
/*!40000 ALTER TABLE `xm_sell_order` ENABLE KEYS */;


--
-- Definition of table `xm_sell_order_list`
--

DROP TABLE IF EXISTS `xm_sell_order_list`;
CREATE TABLE `xm_sell_order_list` (
  `id` bigint(20) NOT NULL,
  `createTime` varchar(255) NOT NULL,
  `flag` bit(1) NOT NULL,
  `status` bit(1) NOT NULL,
  `updateTime` varchar(255) NOT NULL,
  `amount` int(11) DEFAULT NULL,
  `price` double DEFAULT NULL,
  `proId` bigint(20) DEFAULT NULL,
  `proName` varchar(255) DEFAULT NULL,
  `remark` varchar(255) DEFAULT NULL,
  `unit` varchar(255) DEFAULT NULL,
  `fk_order_id` bigint(20) DEFAULT NULL,
  `caption` varchar(255) DEFAULT NULL,
  PRIMARY KEY (`id`),
  UNIQUE KEY `id` (`id`),
  KEY `FKF8113CB298C4CC42` (`fk_order_id`),
  CONSTRAINT `FKF8113CB298C4CC42` FOREIGN KEY (`fk_order_id`) REFERENCES `xm_sell_order` (`id`)
) ENGINE=InnoDB DEFAULT CHARSET=utf8;

--
-- Dumping data for table `xm_sell_order_list`
--

/*!40000 ALTER TABLE `xm_sell_order_list` DISABLE KEYS */;
INSERT INTO `xm_sell_order_list` (`id`,`createTime`,`flag`,`status`,`updateTime`,`amount`,`price`,`proId`,`proName`,`remark`,`unit`,`fk_order_id`,`caption`) VALUES 
 (201210000003,'2012-10-14 10:17:35',0x01,0x01,'2012-10-16 22:32:54',4,5,0,'adf','adfa','包',201210000003,'d'),
 (201210000004,'2012-10-14 11:20:54',0x01,0x01,'2012-10-16 22:32:54',7,4,0,'名称及规格','备注','件',201210000003,'c'),
 (201210000005,'2012-10-14 13:27:35',0x01,0x01,'2012-10-16 22:32:54',1,3,0,'男士衬衫',NULL,'件',201210000003,'b'),
 (201210000006,'2012-10-15 09:04:31',0x01,0x01,'2012-10-16 23:18:19',6,45,0,'sdfaasdfad','asdf','包',201210000004,''),
 (201210000007,'2012-10-15 17:59:53',0x01,0x01,'2012-10-16 22:32:54',0,2,NULL,'sa',NULL,'包',201210000003,'a'),
 (201211000001,'2012-11-16 21:53:59',0x01,0x01,'2012-11-16 21:53:59',23,123,NULL,'afdasda',NULL,'件',201211000002,NULL);
/*!40000 ALTER TABLE `xm_sell_order_list` ENABLE KEYS */;


--
-- Definition of table `xm_sell_price`
--

DROP TABLE IF EXISTS `xm_sell_price`;
CREATE TABLE `xm_sell_price` (
  `id` bigint(20) NOT NULL,
  `createTime` varchar(255) NOT NULL,
  `flag` bit(1) NOT NULL,
  `status` bit(1) NOT NULL,
  `updateTime` varchar(255) NOT NULL,
  `state` varchar(255) DEFAULT NULL,
  `tellId` bigint(20) DEFAULT NULL,
  `tellName` varchar(255) DEFAULT NULL,
  `title` varchar(255) DEFAULT NULL,
  `fk_mode_id` bigint(20) DEFAULT NULL,
  `fk_order_id` bigint(20) DEFAULT NULL,
  PRIMARY KEY (`id`),
  UNIQUE KEY `id` (`id`),
  KEY `FK5D8669A6A5BC25FD` (`fk_mode_id`),
  KEY `FK5D8669A698C4CC42` (`fk_order_id`),
  CONSTRAINT `FK5D8669A698C4CC42` FOREIGN KEY (`fk_order_id`) REFERENCES `xm_sell_order` (`id`),
  CONSTRAINT `FK5D8669A6A5BC25FD` FOREIGN KEY (`fk_mode_id`) REFERENCES `sys_dict` (`id`)
) ENGINE=InnoDB DEFAULT CHARSET=utf8;

--
-- Dumping data for table `xm_sell_price`
--

/*!40000 ALTER TABLE `xm_sell_price` DISABLE KEYS */;
/*!40000 ALTER TABLE `xm_sell_price` ENABLE KEYS */;


--
-- Definition of table `xm_sell_price_list`
--

DROP TABLE IF EXISTS `xm_sell_price_list`;
CREATE TABLE `xm_sell_price_list` (
  `id` bigint(20) NOT NULL,
  `createTime` varchar(255) NOT NULL,
  `flag` bit(1) NOT NULL,
  `status` bit(1) NOT NULL,
  `updateTime` varchar(255) NOT NULL,
  `amount` int(11) DEFAULT NULL,
  `price` decimal(22,2) DEFAULT NULL,
  `proId` bigint(20) DEFAULT NULL,
  `proName` varchar(255) DEFAULT NULL,
  `unit` varchar(255) DEFAULT NULL,
  `fk_order_id` bigint(20) DEFAULT NULL,
  PRIMARY KEY (`id`),
  UNIQUE KEY `id` (`id`),
  KEY `FK73C5179798D2F63D` (`fk_order_id`),
  CONSTRAINT `FK73C5179798D2F63D` FOREIGN KEY (`fk_order_id`) REFERENCES `xm_sell_price` (`id`)
) ENGINE=InnoDB DEFAULT CHARSET=utf8;

--
-- Dumping data for table `xm_sell_price_list`
--

/*!40000 ALTER TABLE `xm_sell_price_list` DISABLE KEYS */;
/*!40000 ALTER TABLE `xm_sell_price_list` ENABLE KEYS */;


--
-- Definition of table `xm_store_check`
--

DROP TABLE IF EXISTS `xm_store_check`;
CREATE TABLE `xm_store_check` (
  `id` bigint(20) NOT NULL,
  `createTime` varchar(255) NOT NULL,
  `flag` bit(1) NOT NULL,
  `status` bit(1) NOT NULL,
  `updateTime` varchar(255) NOT NULL,
  `sort` varchar(255) DEFAULT NULL,
  `storeId` bigint(20) DEFAULT NULL,
  `storeName` varchar(255) DEFAULT NULL,
  `fk_employee_id` bigint(20) DEFAULT NULL,
  PRIMARY KEY (`id`),
  UNIQUE KEY `id` (`id`),
  KEY `FKEF37F9E04FB4DAC1` (`fk_employee_id`),
  CONSTRAINT `FKEF37F9E04FB4DAC1` FOREIGN KEY (`fk_employee_id`) REFERENCES `base_employee` (`id`)
) ENGINE=InnoDB DEFAULT CHARSET=utf8;

--
-- Dumping data for table `xm_store_check`
--

/*!40000 ALTER TABLE `xm_store_check` DISABLE KEYS */;
/*!40000 ALTER TABLE `xm_store_check` ENABLE KEYS */;


--
-- Definition of table `xm_store_check_list`
--

DROP TABLE IF EXISTS `xm_store_check_list`;
CREATE TABLE `xm_store_check_list` (
  `id` bigint(20) NOT NULL,
  `createTime` varchar(255) NOT NULL,
  `flag` bit(1) NOT NULL,
  `status` bit(1) NOT NULL,
  `updateTime` varchar(255) NOT NULL,
  `destAmount` int(11) DEFAULT NULL,
  `proId` bigint(20) DEFAULT NULL,
  `proName` varchar(255) DEFAULT NULL,
  `srcAmount` int(11) DEFAULT NULL,
  `unit` varchar(255) DEFAULT NULL,
  `fk_check_id` bigint(20) DEFAULT NULL,
  PRIMARY KEY (`id`),
  UNIQUE KEY `id` (`id`),
  KEY `FK65869B9DEEC79DC` (`fk_check_id`),
  CONSTRAINT `FK65869B9DEEC79DC` FOREIGN KEY (`fk_check_id`) REFERENCES `xm_store_check` (`id`)
) ENGINE=InnoDB DEFAULT CHARSET=utf8;

--
-- Dumping data for table `xm_store_check_list`
--

/*!40000 ALTER TABLE `xm_store_check_list` DISABLE KEYS */;
/*!40000 ALTER TABLE `xm_store_check_list` ENABLE KEYS */;


--
-- Definition of table `xm_store_move`
--

DROP TABLE IF EXISTS `xm_store_move`;
CREATE TABLE `xm_store_move` (
  `id` bigint(20) NOT NULL,
  `createTime` varchar(255) NOT NULL,
  `flag` bit(1) NOT NULL,
  `status` bit(1) NOT NULL,
  `updateTime` varchar(255) NOT NULL,
  `destId` bigint(20) DEFAULT NULL,
  `destName` varchar(255) DEFAULT NULL,
  `sort` varchar(255) DEFAULT NULL,
  `srcId` bigint(20) DEFAULT NULL,
  `srcName` varchar(255) DEFAULT NULL,
  `fk_employee_id` bigint(20) DEFAULT NULL,
  PRIMARY KEY (`id`),
  UNIQUE KEY `id` (`id`),
  KEY `FK8BDD2BF94FB4DAC1` (`fk_employee_id`),
  CONSTRAINT `FK8BDD2BF94FB4DAC1` FOREIGN KEY (`fk_employee_id`) REFERENCES `base_employee` (`id`)
) ENGINE=InnoDB DEFAULT CHARSET=utf8;

--
-- Dumping data for table `xm_store_move`
--

/*!40000 ALTER TABLE `xm_store_move` DISABLE KEYS */;
/*!40000 ALTER TABLE `xm_store_move` ENABLE KEYS */;


--
-- Definition of table `xm_store_move_list`
--

DROP TABLE IF EXISTS `xm_store_move_list`;
CREATE TABLE `xm_store_move_list` (
  `id` bigint(20) NOT NULL,
  `createTime` varchar(255) NOT NULL,
  `flag` bit(1) NOT NULL,
  `status` bit(1) NOT NULL,
  `updateTime` varchar(255) NOT NULL,
  `destAmount` int(11) DEFAULT NULL,
  `proId` bigint(20) DEFAULT NULL,
  `proName` varchar(255) DEFAULT NULL,
  `srcAmount` int(11) DEFAULT NULL,
  `unit` varchar(255) DEFAULT NULL,
  `fk_move_id` bigint(20) DEFAULT NULL,
  PRIMARY KEY (`id`),
  UNIQUE KEY `id` (`id`),
  KEY `FK64F9D124582EE2B8` (`fk_move_id`),
  CONSTRAINT `FK64F9D124582EE2B8` FOREIGN KEY (`fk_move_id`) REFERENCES `xm_store_move` (`id`)
) ENGINE=InnoDB DEFAULT CHARSET=utf8;

--
-- Dumping data for table `xm_store_move_list`
--

/*!40000 ALTER TABLE `xm_store_move_list` DISABLE KEYS */;
/*!40000 ALTER TABLE `xm_store_move_list` ENABLE KEYS */;


--
-- Definition of table `xm_visit_plan`
--

DROP TABLE IF EXISTS `xm_visit_plan`;
CREATE TABLE `xm_visit_plan` (
  `id` bigint(20) NOT NULL,
  `createTime` varchar(255) NOT NULL,
  `flag` bit(1) NOT NULL,
  `status` bit(1) NOT NULL,
  `updateTime` varchar(255) NOT NULL,
  `comId` bigint(20) DEFAULT NULL,
  `comName` bigint(20) DEFAULT NULL,
  `context` varchar(255) NOT NULL,
  `sort` varchar(255) DEFAULT NULL,
  `title` varchar(255) DEFAULT NULL,
  `fk_contact_id` bigint(20) DEFAULT NULL,
  `fk_employee_id` bigint(20) DEFAULT NULL,
  `fk_ploy_id` bigint(20) DEFAULT NULL,
  PRIMARY KEY (`id`),
  UNIQUE KEY `id` (`id`),
  KEY `FKE6CF5927AD6BB94` (`fk_contact_id`),
  KEY `FKE6CF59273FF467DA` (`fk_ploy_id`),
  KEY `FKE6CF59274FB4DAC1` (`fk_employee_id`),
  CONSTRAINT `FKE6CF59273FF467DA` FOREIGN KEY (`fk_ploy_id`) REFERENCES `sys_dict` (`id`),
  CONSTRAINT `FKE6CF59274FB4DAC1` FOREIGN KEY (`fk_employee_id`) REFERENCES `base_employee` (`id`),
  CONSTRAINT `FKE6CF5927AD6BB94` FOREIGN KEY (`fk_contact_id`) REFERENCES `sys_dict` (`id`)
) ENGINE=InnoDB DEFAULT CHARSET=utf8;

--
-- Dumping data for table `xm_visit_plan`
--

/*!40000 ALTER TABLE `xm_visit_plan` DISABLE KEYS */;
/*!40000 ALTER TABLE `xm_visit_plan` ENABLE KEYS */;




/*!40101 SET SQL_MODE=@OLD_SQL_MODE */;
/*!40014 SET FOREIGN_KEY_CHECKS=@OLD_FOREIGN_KEY_CHECKS */;
/*!40014 SET UNIQUE_CHECKS=@OLD_UNIQUE_CHECKS */;
/*!40101 SET CHARACTER_SET_CLIENT=@OLD_CHARACTER_SET_CLIENT */;
/*!40101 SET CHARACTER_SET_RESULTS=@OLD_CHARACTER_SET_RESULTS */;
/*!40101 SET COLLATION_CONNECTION=@OLD_COLLATION_CONNECTION */;
/*!40101 SET CHARACTER_SET_CLIENT=@OLD_CHARACTER_SET_CLIENT */;
