-- MySQL Administrator dump 1.4
--
-- ------------------------------------------------------
-- Server version	5.5.30


/*!40101 SET @OLD_CHARACTER_SET_CLIENT=@@CHARACTER_SET_CLIENT */;
/*!40101 SET @OLD_CHARACTER_SET_RESULTS=@@CHARACTER_SET_RESULTS */;
/*!40101 SET @OLD_COLLATION_CONNECTION=@@COLLATION_CONNECTION */;
/*!40101 SET NAMES utf8 */;

/*!40014 SET @OLD_UNIQUE_CHECKS=@@UNIQUE_CHECKS, UNIQUE_CHECKS=0 */;
/*!40014 SET @OLD_FOREIGN_KEY_CHECKS=@@FOREIGN_KEY_CHECKS, FOREIGN_KEY_CHECKS=0 */;
/*!40101 SET @OLD_SQL_MODE=@@SQL_MODE, SQL_MODE='NO_AUTO_VALUE_ON_ZERO' */;


--
-- Create schema ducrm
--

CREATE DATABASE IF NOT EXISTS ducrm;
USE ducrm;

--
-- Definition of table `base_accessory`
--

DROP TABLE IF EXISTS `base_accessory`;
CREATE TABLE `base_accessory` (
  `id` bigint(20) NOT NULL,
  `createTime` varchar(255) NOT NULL,
  `flag` bit(1) NOT NULL,
  `status` bit(1) NOT NULL,
  `updateTime` varchar(255) NOT NULL,
  `dataId` bigint(20) NOT NULL,
  `name` varchar(255) NOT NULL,
  `path` varchar(255) NOT NULL,
  `realname` varchar(255) NOT NULL,
  `sort` varchar(255) NOT NULL,
  `userid` bigint(20) NOT NULL,
  PRIMARY KEY (`id`),
  UNIQUE KEY `id` (`id`)
) ENGINE=InnoDB DEFAULT CHARSET=utf8;

--
-- Dumping data for table `base_accessory`
--

/*!40000 ALTER TABLE `base_accessory` DISABLE KEYS */;
INSERT INTO `base_accessory` (`id`,`createTime`,`flag`,`status`,`updateTime`,`dataId`,`name`,`path`,`realname`,`sort`,`userid`) VALUES 
 (201303000005,'2013-03-09 11:52:34',0x01,0x01,'2013-03-09 11:52:34',201303000001,'Penguins.jpg','/resource/manual/customer/2013/03/09/1362801154617.jpg','杜永生','JCXXGL_KHGL',201209000001),
 (201303000006,'2013-03-09 12:19:13',0x01,0x01,'2013-03-09 12:19:13',201301000015,'Desert.jpg','/resource/manual/customer/2013/03/09/1362802753610.jpg','杜永生','JCXXGL_GYSGL',201209000001),
 (201303000008,'2013-03-14 21:25:27',0x01,0x01,'2013-03-14 21:25:27',201303000002,'Penguins.jpg','/resource/manual/sell/2013/03/14/1363267527824.jpg','杜永生','XSGL_DDGL',201209000001),
 (201303000009,'2013-03-14 22:39:36',0x01,0x01,'2013-03-14 22:39:36',201303000003,'Tulips.jpg','/resource/manual/sell/2013/03/14/1363271976194.jpg','杜永生','XSGL_DDGL',201209000001),
 (201303000010,'2013-03-15 21:57:10',0x01,0x01,'2013-03-15 21:57:10',201303000001,'Desert.jpg','/resource/manual/sell/2013/03/15/1363355830266.jpg','杜永生','XSGL_BJGL',201209000001),
 (201303000011,'2013-03-15 21:57:10',0x01,0x01,'2013-03-15 21:57:10',201303000001,'Koala.jpg','/resource/manual/sell/2013/03/15/1363355830338.jpg','杜永生','XSGL_BJGL',201209000001),
 (201303000012,'2013-03-16 00:03:50',0x01,0x01,'2013-03-16 00:03:50',201303000003,'Tulips.jpg','/resource/manual/sell/2013/03/16/1363363430186.jpg','杜永生','XSGL_BJGL',201209000001),
 (201303000013,'2013-03-16 08:50:06',0x01,0x01,'2013-03-16 08:50:06',201303000002,'英伦范儿百褶裙.jpg','/resource/manual/product/2013/03/16/1363395006466.jpg','杜永生','JCXXGL_CPGL',201209000001),
 (201303000014,'2013-03-16 08:50:06',0x01,0x01,'2013-03-16 08:50:06',201303000002,'英伦范儿百褶裙01.jpg','/resource/manual/product/2013/03/16/1363395006554.jpg','杜永生','JCXXGL_CPGL',201209000001),
 (201303000015,'2013-03-16 08:53:33',0x01,0x01,'2013-03-16 08:53:33',201303000004,'女生抹胸裙裸露01.jpg','/resource/manual/product/2013/03/16/1363395213409.jpg','杜永生','JCXXGL_CPGL',201209000001),
 (201303000016,'2013-03-16 08:53:33',0x01,0x01,'2013-03-16 08:53:33',201303000004,'女生抹胸裙裸露02.jpg','/resource/manual/product/2013/03/16/1363395213468.jpg','杜永生','JCXXGL_CPGL',201209000001),
 (201303000017,'2013-03-16 08:53:33',0x01,0x01,'2013-03-16 08:53:33',201303000004,'女生抹胸裙裸露03.jpg','/resource/manual/product/2013/03/16/1363395213527.jpg','杜永生','JCXXGL_CPGL',201209000001),
 (201303000018,'2013-03-16 08:53:33',0x01,0x01,'2013-03-16 08:53:33',201303000004,'女生抹胸裙裸露04.jpg','/resource/manual/product/2013/03/16/1363395213581.jpg','杜永生','JCXXGL_CPGL',201209000001),
 (201303000019,'2013-03-16 08:53:33',0x01,0x01,'2013-03-16 08:53:33',201303000004,'女生抹胸裙裸露05.jpg','/resource/manual/product/2013/03/16/1363395213660.jpg','杜永生','JCXXGL_CPGL',201209000001),
 (201303000025,'2013-03-16 17:23:54',0x01,0x01,'2013-03-16 17:23:54',201303000001,'女生抹胸裙裸露01.jpg','/resource/manual/BuyPrice/2013/03/16/1363425834680.jpg','杜永生','CGGL_WLZX',201209000001),
 (201303000026,'2013-03-17 15:56:15',0x01,0x01,'2013-03-17 15:56:15',201303000006,'Penguins.jpg','/resource/manual/sell/2013/03/17/1363506975696.jpg','杜永生','XSGL_BJGL',201209000001),
 (201303000027,'2013-03-17 16:10:34',0x01,0x01,'2013-03-17 16:10:34',201303000006,'Tulips.jpg','/resource/manual/sell/2013/03/17/1363507834630.jpg','杜永生','XSGL_DDGL',201209000001);
/*!40000 ALTER TABLE `base_accessory` ENABLE KEYS */;


--
-- Definition of table `base_category`
--

DROP TABLE IF EXISTS `base_category`;
CREATE TABLE `base_category` (
  `id` bigint(20) NOT NULL,
  `createTime` varchar(255) NOT NULL,
  `flag` bit(1) NOT NULL,
  `status` bit(1) NOT NULL,
  `updateTime` varchar(255) NOT NULL,
  `code` varchar(255) NOT NULL,
  `name` varchar(255) NOT NULL,
  `sort` varchar(255) NOT NULL,
  `fk_category_id` bigint(20) DEFAULT NULL,
  PRIMARY KEY (`id`),
  UNIQUE KEY `id` (`id`),
  UNIQUE KEY `code` (`code`,`sort`),
  KEY `FK849602ACA175F55C` (`fk_category_id`),
  CONSTRAINT `FK849602ACA175F55C` FOREIGN KEY (`fk_category_id`) REFERENCES `base_category` (`id`)
) ENGINE=InnoDB DEFAULT CHARSET=utf8;

--
-- Dumping data for table `base_category`
--

/*!40000 ALTER TABLE `base_category` DISABLE KEYS */;
INSERT INTO `base_category` (`id`,`createTime`,`flag`,`status`,`updateTime`,`code`,`name`,`sort`,`fk_category_id`) VALUES 
 (201301000001,'2013-01-06 11:48:02',0x01,0x01,'2013-01-06 11:48:02','01','信息中心','DEPARTMENT',NULL),
 (201301000003,'2013-01-07 17:59:38',0x01,0x01,'2013-01-07 17:59:38','02','生产部','DEPARTMENT',NULL),
 (201301000004,'2013-01-07 18:00:13',0x01,0x01,'2013-01-07 18:00:13','0201','针车A组','DEPARTMENT',201301000003),
 (201301000005,'2013-01-07 18:00:49',0x01,0x01,'2013-01-07 18:00:49','01','组长','DUTY',NULL),
 (201301000006,'2013-01-07 18:01:14',0x01,0x01,'2013-01-07 18:01:14','02','软件工程师','DUTY',NULL),
 (201301000007,'2013-01-07 19:10:36',0x01,0x01,'2013-01-08 14:48:51','01','安徽省','AREA',NULL),
 (201301000008,'2013-01-07 19:10:54',0x01,0x01,'2013-01-08 15:01:33','0101','安庆市','AREA',201301000007),
 (201301000009,'2013-01-07 19:14:10',0x01,0x01,'2013-01-07 19:14:10','01','汉族','NATION',NULL),
 (201301000010,'2013-01-07 19:14:27',0x01,0x01,'2013-01-07 19:14:27','02','基诺族','NATION',NULL),
 (201301000011,'2013-01-07 19:14:44',0x01,0x01,'2013-01-07 19:14:44','03','珞巴族','NATION',NULL),
 (201301000012,'2013-01-07 19:14:59',0x01,0x01,'2013-01-07 19:14:59','04','门巴族','NATION',NULL),
 (201301000013,'2013-01-07 19:15:11',0x01,0x01,'2013-01-07 19:15:11','05','赫哲族','NATION',NULL),
 (201301000014,'2013-01-07 19:15:49',0x01,0x01,'2013-01-07 19:15:49','06','鄂伦春族','NATION',NULL),
 (201301000015,'2013-01-07 19:16:01',0x01,0x01,'2013-01-07 19:16:01','07','独龙族','NATION',NULL),
 (201301000016,'2013-01-07 19:16:12',0x01,0x01,'2013-01-07 19:16:12','08','塔塔尔族','NATION',NULL),
 (201301000017,'2013-01-07 19:16:29',0x01,0x01,'2013-01-07 19:16:29','09','京族','NATION',NULL),
 (201301000018,'2013-01-07 19:16:40',0x01,0x01,'2013-01-07 19:16:40','10','裕固族','NATION',NULL),
 (201301000019,'2013-01-07 19:16:50',0x01,0x01,'2013-01-07 19:16:50','11','保安族','NATION',NULL),
 (201301000020,'2013-01-07 19:17:13',0x01,0x01,'2013-01-07 19:17:13','12','德昂族','NATION',NULL),
 (201301000021,'2013-01-07 19:17:27',0x01,0x01,'2013-01-07 19:17:27','13','鄂温克族','NATION',NULL),
 (201301000022,'2013-01-07 19:17:39',0x01,0x01,'2013-01-07 19:17:39','14','俄罗斯族','NATION',NULL),
 (201301000023,'2013-01-07 19:17:50',0x01,0x01,'2013-01-07 19:17:50','15','乌孜别克族','NATION',NULL),
 (201301000024,'2013-01-07 19:17:58',0x01,0x01,'2013-01-07 19:17:58','16','怒族','NATION',NULL),
 (201301000025,'2013-01-07 19:18:16',0x01,0x01,'2013-01-07 19:18:16','17','塔吉克族','NATION',NULL),
 (201301000026,'2013-01-07 19:18:25',0x01,0x01,'2013-01-07 19:18:25','18','普米族','NATION',NULL),
 (201301000027,'2013-01-07 19:18:35',0x01,0x01,'2013-01-07 19:18:35','19','阿昌族','NATION',NULL),
 (201301000028,'2013-01-07 19:18:47',0x01,0x01,'2013-01-07 19:18:47','20','锡伯族','NATION',NULL),
 (201301000029,'2013-01-07 19:18:59',0x01,0x01,'2013-01-07 19:18:59','21','仡佬族','NATION',NULL),
 (201301000030,'2013-01-07 19:19:10',0x01,0x01,'2013-01-07 19:19:10','22','毛南族','NATION',NULL),
 (201301000031,'2013-01-07 19:19:19',0x01,0x01,'2013-01-07 19:19:19','23','撒拉族','NATION',NULL),
 (201301000032,'2013-01-07 19:19:30',0x01,0x01,'2013-01-07 19:19:30','24','布朗族','NATION',NULL),
 (201301000033,'2013-01-07 19:19:41',0x01,0x01,'2013-01-07 19:19:41','25','羌族','NATION',NULL),
 (201301000034,'2013-01-07 19:19:55',0x01,0x01,'2013-01-07 19:19:55','26','仫佬族','NATION',NULL),
 (201301000035,'2013-01-07 19:20:05',0x01,0x01,'2013-01-07 19:20:05','27','达斡尔族','NATION',NULL),
 (201301000036,'2013-01-07 19:20:23',0x01,0x01,'2013-01-07 19:20:23','28','土族','NATION',NULL),
 (201301000037,'2013-01-07 19:20:32',0x01,0x01,'2013-01-07 19:20:32','29','柯尔克孜族','NATION',NULL),
 (201301000038,'2013-01-07 19:20:44',0x01,0x01,'2013-01-07 19:20:44','30','景颇族','NATION',NULL),
 (201301000039,'2013-01-07 19:20:53',0x01,0x01,'2013-01-07 19:20:53','31','纳西族','NATION',NULL),
 (201301000040,'2013-01-07 19:21:06',0x01,0x01,'2013-01-07 19:21:06','32','东乡族','NATION',NULL),
 (201301000041,'2013-01-07 19:21:18',0x01,0x01,'2013-01-07 19:21:18','33','水族','NATION',NULL),
 (201301000042,'2013-01-07 19:21:28',0x01,0x01,'2013-01-07 19:21:28','34','拉祜族','NATION',NULL),
 (201301000043,'2013-01-07 19:21:47',0x01,0x01,'2013-01-07 19:21:47','35','高山族','NATION',NULL),
 (201301000044,'2013-01-07 19:22:01',0x01,0x01,'2013-01-07 19:22:01','36','畲族','NATION',NULL),
 (201301000045,'2013-01-07 19:22:11',0x01,0x01,'2013-01-07 19:22:11','37','佤族','NATION',NULL),
 (201301000046,'2013-01-07 19:22:24',0x01,0x01,'2013-01-07 19:22:24','38','傈僳族','NATION',NULL),
 (201301000047,'2013-01-07 19:22:35',0x01,0x01,'2013-01-07 19:22:35','39','黎族','NATION',NULL),
 (201301000048,'2013-01-07 19:22:45',0x01,0x01,'2013-01-07 19:22:45','40','傣族','NATION',NULL),
 (201301000049,'2013-01-07 19:22:55',0x01,0x01,'2013-01-07 19:22:55','41','哈萨克族','NATION',NULL),
 (201301000050,'2013-01-07 19:23:08',0x01,0x01,'2013-01-07 19:23:08','42','哈尼族','NATION',NULL),
 (201301000051,'2013-01-07 19:23:19',0x01,0x01,'2013-01-07 19:23:19','43','土家族','NATION',NULL),
 (201301000052,'2013-01-07 19:23:32',0x01,0x01,'2013-01-07 19:23:32','44','白族','NATION',NULL),
 (201301000053,'2013-01-07 19:23:50',0x01,0x01,'2013-01-07 19:23:50','45','瑶族','NATION',NULL),
 (201301000054,'2013-01-07 19:24:03',0x01,0x01,'2013-01-07 19:24:03','46','侗族','NATION',NULL),
 (201301000055,'2013-01-07 19:24:12',0x01,0x01,'2013-01-07 19:24:12','47','满族','NATION',NULL),
 (201301000056,'2013-01-07 19:24:21',0x01,0x01,'2013-01-07 19:24:21','48','朝鲜族','NATION',NULL),
 (201301000057,'2013-01-07 19:24:30',0x01,0x01,'2013-01-07 19:24:30','49','布依族','NATION',NULL),
 (201301000058,'2013-01-07 19:24:41',0x01,0x01,'2013-01-07 19:24:41','50','壮族','NATION',NULL),
 (201301000059,'2013-01-07 19:24:51',0x01,0x01,'2013-01-07 19:24:51','51','彝族','NATION',NULL),
 (201301000060,'2013-01-07 19:25:02',0x01,0x01,'2013-01-07 19:25:02','52','苗族','NATION',NULL),
 (201301000061,'2013-01-07 19:25:15',0x01,0x01,'2013-01-07 19:25:15','53','维吾尔族','NATION',NULL),
 (201301000062,'2013-01-07 19:25:32',0x01,0x01,'2013-01-07 19:25:32','54','藏族','NATION',NULL),
 (201301000063,'2013-01-07 19:25:47',0x01,0x01,'2013-01-07 19:25:47','55','回族','NATION',NULL),
 (201301000064,'2013-01-07 19:25:57',0x01,0x01,'2013-01-07 19:25:57','56','蒙古族','NATION',NULL),
 (201301000065,'2013-01-07 22:08:53',0x01,0x01,'2013-01-07 22:08:53','01','身份证','CERTIFICATE',NULL),
 (201301000066,'2013-01-07 22:09:11',0x01,0x01,'2013-01-07 22:09:11','02','户口簿','CERTIFICATE',NULL),
 (201301000067,'2013-01-07 22:09:28',0x01,0x01,'2013-01-07 22:09:28','03','军人证','CERTIFICATE',NULL),
 (201301000068,'2013-01-07 22:09:49',0x01,0x01,'2013-01-07 22:09:49','04','驾驶证','CERTIFICATE',NULL),
 (201301000069,'2013-01-07 22:10:08',0x01,0x01,'2013-01-07 22:10:08','05','居住证','CERTIFICATE',NULL),
 (201301000070,'2013-01-07 22:10:25',0x01,0x01,'2013-01-07 22:10:25','06','学生证','CERTIFICATE',NULL),
 (201301000071,'2013-01-07 22:10:41',0x01,0x01,'2013-01-07 22:10:41','07','护照','CERTIFICATE',NULL),
 (201301000072,'2013-01-07 22:10:54',0x01,0x01,'2013-01-07 22:10:54','08','营业执照','CERTIFICATE',NULL),
 (201301000073,'2013-01-07 22:11:30',0x01,0x01,'2013-01-07 22:11:30','01','潜在客户','CUSTOMER',NULL),
 (201301000074,'2013-01-07 22:11:46',0x01,0x01,'2013-01-07 22:11:46','02','初次客户','CUSTOMER',NULL),
 (201301000075,'2013-01-07 22:12:00',0x01,0x01,'2013-01-07 22:12:00','03','跟单客户','CUSTOMER',NULL),
 (201301000076,'2013-01-07 22:12:16',0x01,0x01,'2013-01-07 22:12:16','04','商机客户','CUSTOMER',NULL),
 (201301000077,'2013-01-07 22:12:34',0x01,0x01,'2013-01-07 22:12:34','05','成交客户','CUSTOMER',NULL),
 (201301000078,'2013-01-07 22:12:48',0x01,0x01,'2013-01-07 22:12:48','06','储备客户','CUSTOMER',NULL),
 (201301000079,'2013-01-07 22:12:59',0x01,0x01,'2013-01-07 22:12:59','07','放弃客户','CUSTOMER',NULL),
 (201301000080,'2013-01-07 22:13:54',0x01,0x01,'2013-01-07 22:13:54','01','一般销售','SELL',NULL),
 (201301000081,'2013-01-07 22:14:07',0x01,0x01,'2013-01-07 22:14:07','02','大宗销售','SELL',NULL),
 (201301000082,'2013-01-07 22:14:22',0x01,0x01,'2013-01-07 22:14:22','03','分销销售','SELL',NULL),
 (201301000083,'2013-01-07 22:14:39',0x01,0x01,'2013-01-07 22:14:39','04','协议销售','SELL',NULL),
 (201301000084,'2013-01-07 22:14:53',0x01,0x01,'2013-01-07 22:14:53','05','总部直销','SELL',NULL),
 (201301000085,'2013-01-07 22:15:09',0x01,0x01,'2013-01-07 22:15:09','06','客户上门','SELL',NULL),
 (201301000086,'2013-01-07 22:15:22',0x01,0x01,'2013-01-07 22:15:22','07','本司上门','SELL',NULL),
 (201301000087,'2013-01-07 22:15:37',0x01,0x01,'2013-01-07 22:15:37','08','项目订单','SELL',NULL),
 (201301000088,'2013-01-07 22:16:52',0x01,0x01,'2013-01-07 22:16:52','01','收据','RECEIPT',NULL),
 (201301000089,'2013-01-07 22:17:06',0x01,0x01,'2013-01-07 22:17:06','02','普通发票','RECEIPT',NULL),
 (201301000091,'2013-01-07 22:17:47',0x01,0x01,'2013-01-07 22:17:47','03','增值发票','RECEIPT',NULL),
 (201301000092,'2013-01-07 22:18:25',0x01,0x01,'2013-01-07 22:18:25','01','货到付款','PAY',NULL),
 (201301000093,'2013-01-07 22:18:35',0x01,0x01,'2013-01-07 22:18:35','02','在线支付','PAY',NULL),
 (201301000094,'2013-01-07 22:18:52',0x01,0x01,'2013-01-07 22:18:52','03','银行转账','PAY',NULL),
 (201301000095,'2013-01-07 22:20:26',0x01,0x01,'2013-01-07 22:20:26','04','月结','PAY',NULL),
 (201301000096,'2013-01-07 22:20:39',0x01,0x01,'2013-01-07 22:20:39','05','信用卡支付','PAY',NULL),
 (201301000098,'2013-01-07 22:21:05',0x01,0x01,'2013-01-07 22:21:05','06','邮政汇款','PAY',NULL),
 (201301000099,'2013-01-07 22:21:30',0x01,0x01,'2013-01-07 22:21:30','07','银行电汇','PAY',NULL),
 (201301000100,'2013-01-07 22:22:12',0x01,0x01,'2013-01-07 22:22:12','08','分期付款','PAY',NULL),
 (201301000101,'2013-01-07 22:22:30',0x01,0x01,'2013-01-07 22:22:30','09','网银支付','PAY',NULL),
 (201301000102,'2013-01-07 22:22:43',0x01,0x01,'2013-01-07 22:22:43','10','交货付款','PAY',NULL),
 (201301000103,'2013-01-07 22:22:59',0x01,0x01,'2013-01-07 22:22:59','11','交单付款','PAY',NULL),
 (201301000104,'2013-01-07 22:23:11',0x01,0x01,'2013-01-07 22:23:11','12','记账','PAY',NULL),
 (201301000105,'2013-01-07 22:23:25',0x01,0x01,'2013-01-07 22:23:25','13','托收','PAY',NULL),
 (201301000106,'2013-01-07 22:23:38',0x01,0x01,'2013-01-07 22:23:38','14','信用证','PAY',NULL),
 (201301000107,'2013-01-07 22:24:02',0x01,0x01,'2013-01-07 22:24:02','15','现金支付','PAY',NULL),
 (201301000108,'2013-01-07 22:25:15',0x01,0x01,'2013-01-07 22:25:15','01','当面','ASK',NULL),
 (201301000109,'2013-01-07 22:25:27',0x01,0x01,'2013-01-07 22:25:27','02','电话','ASK',NULL),
 (201301000110,'2013-01-07 22:25:38',0x01,0x01,'2013-01-07 22:25:38','03','传真','ASK',NULL),
 (201301000111,'2013-01-07 22:25:48',0x01,0x01,'2013-01-07 22:25:48','04','快递','ASK',NULL),
 (201301000112,'2013-01-07 22:26:02',0x01,0x01,'2013-01-07 22:26:02','05','信函','ASK',NULL),
 (201301000113,'2013-01-07 22:26:18',0x01,0x01,'2013-01-07 22:26:18','06','邮件','ASK',NULL),
 (201301000114,'2013-01-07 22:26:54',0x01,0x01,'2013-01-07 22:26:54','01','党员','POLITY',NULL),
 (201301000115,'2013-01-07 22:27:12',0x01,0x01,'2013-01-07 22:27:12','02','团员','POLITY',NULL),
 (201301000116,'2013-01-07 22:27:24',0x01,0x01,'2013-01-07 22:27:24','03','群众','POLITY',NULL),
 (201301000117,'2013-01-08 14:24:09',0x01,0x01,'2013-01-08 14:24:09','01','面料','MATERIAL',NULL),
 (201301000118,'2013-01-08 14:24:33',0x01,0x01,'2013-01-08 14:24:33','0101','棉布','MATERIAL',201301000117),
 (201301000119,'2013-01-08 14:24:49',0x01,0x01,'2013-01-08 14:24:49','0102','麻布','MATERIAL',201301000117),
 (201301000120,'2013-01-08 14:25:07',0x01,0x01,'2013-01-08 14:25:07','0103','丝绸','MATERIAL',201301000117),
 (201301000121,'2013-01-08 14:25:27',0x01,0x01,'2013-01-08 14:25:27','0104','呢绒','MATERIAL',201301000117),
 (201301000122,'2013-01-08 14:25:44',0x01,0x01,'2013-01-08 14:25:44','0105','皮革','MATERIAL',201301000117),
 (201301000123,'2013-01-08 14:26:09',0x01,0x01,'2013-01-08 14:26:09','02','里料','MATERIAL',NULL),
 (201301000124,'2013-01-08 14:26:21',0x01,0x01,'2013-01-08 14:26:21','03','衬料','MATERIAL',NULL),
 (201301000125,'2013-01-08 14:26:35',0x01,0x01,'2013-01-08 14:26:35','04','填料','MATERIAL',NULL),
 (201301000126,'2013-01-08 14:26:47',0x01,0x01,'2013-01-08 14:26:47','05','胆料','MATERIAL',NULL),
 (201301000127,'2013-01-08 14:27:01',0x01,0x01,'2013-01-08 14:27:01','06','辅料','MATERIAL',NULL),
 (201301000128,'2013-01-08 14:27:25',0x01,0x01,'2013-01-08 14:27:25','0201','棉纤维里料','MATERIAL',201301000123),
 (201301000129,'2013-01-08 14:27:41',0x01,0x01,'2013-01-08 14:27:41','0202','丝织物里料','MATERIAL',201301000123),
 (201301000130,'2013-01-08 14:27:58',0x01,0x01,'2013-01-08 14:27:58','0203','粘胶纤维里料','MATERIAL',201301000123),
 (201301000131,'2013-01-08 14:28:21',0x01,0x01,'2013-01-08 14:28:21','0204','醋酯长丝里料','MATERIAL',201301000123),
 (201301000132,'2013-01-08 14:28:40',0x01,0x01,'2013-01-08 14:28:40','0205','合成纤维长丝里料','MATERIAL',201301000123),
 (201301000133,'2013-01-08 14:29:24',0x01,0x01,'2013-01-08 14:29:24','0301','棉布衬','MATERIAL',201301000124),
 (201301000134,'2013-01-08 14:29:38',0x01,0x01,'2013-01-08 14:29:38','0302','麻衬','MATERIAL',201301000124),
 (201301000135,'2013-01-08 14:29:56',0x01,0x01,'2013-01-08 14:29:56','0303','毛鬃衬','MATERIAL',201301000124),
 (201301000136,'2013-01-08 14:30:12',0x01,0x01,'2013-01-08 14:30:12','0304','马尾衬','MATERIAL',201301000124),
 (201301000137,'2013-01-08 14:30:30',0x01,0x01,'2013-01-08 14:30:30','0305','树脂衬','MATERIAL',201301000124),
 (201301000138,'2013-01-08 14:31:00',0x01,0x01,'2013-01-08 14:31:00','0306','粘合衬','MATERIAL',201301000124),
 (201301000139,'2013-01-08 14:31:23',0x01,0x01,'2013-01-08 14:31:23','07','垫料','MATERIAL',NULL),
 (201301000140,'2013-01-08 14:32:16',0x01,0x01,'2013-01-08 14:32:16','0701','胸垫','MATERIAL',201301000139),
 (201301000141,'2013-01-08 14:32:32',0x01,0x01,'2013-01-08 14:32:32','0702','领垫','MATERIAL',201301000139),
 (201301000142,'2013-01-08 14:32:45',0x01,0x01,'2013-01-08 14:32:45','08','肩垫','MATERIAL',NULL),
 (201301000143,'2013-01-08 14:33:10',0x01,0x01,'2013-01-08 14:33:10','0401','絮类填料','MATERIAL',201301000125),
 (201301000144,'2013-01-08 14:33:42',0x01,0x01,'2013-01-08 14:33:42','0402','材料填料','MATERIAL',201301000125),
 (201301000145,'2013-01-08 14:34:04',0x01,0x01,'2013-01-08 14:34:04','0601','纽扣','MATERIAL',201301000127),
 (201301000146,'2013-01-08 14:34:32',0x01,0x01,'2013-01-08 14:34:32','0602','拉链','MATERIAL',201301000127),
 (201301000147,'2013-01-08 14:49:25',0x01,0x01,'2013-01-08 14:49:25','02','北京市','AREA',NULL),
 (201301000148,'2013-01-08 14:50:00',0x01,0x01,'2013-01-08 14:50:00','03','重庆市','AREA',NULL),
 (201301000149,'2013-01-08 14:50:17',0x01,0x01,'2013-01-08 14:50:17','04','福建省','AREA',NULL),
 (201301000150,'2013-01-08 14:50:38',0x01,0x01,'2013-01-08 14:50:38','05','甘肃省','AREA',NULL),
 (201301000151,'2013-01-08 14:50:52',0x01,0x01,'2013-01-08 14:50:52','06','广东省','AREA',NULL),
 (201301000152,'2013-01-08 14:51:08',0x01,0x01,'2013-01-08 14:51:08','07','广西壮族自治区','AREA',NULL),
 (201301000153,'2013-01-08 14:51:36',0x01,0x01,'2013-01-08 14:51:36','08','贵州省','AREA',NULL),
 (201301000154,'2013-01-08 14:51:48',0x01,0x01,'2013-01-08 14:51:48','09','海南省','AREA',NULL),
 (201301000155,'2013-01-08 14:51:59',0x01,0x01,'2013-01-08 14:51:59','10','河北省','AREA',NULL),
 (201301000156,'2013-01-08 14:52:16',0x01,0x01,'2013-01-08 14:52:16','11','黑龙江','AREA',NULL),
 (201301000157,'2013-01-08 14:52:50',0x01,0x01,'2013-01-08 14:52:50','12','河南省','AREA',NULL),
 (201301000158,'2013-01-08 14:53:11',0x01,0x01,'2013-01-08 14:53:11','13','香港特别行政区','AREA',NULL),
 (201301000159,'2013-01-08 14:53:44',0x01,0x01,'2013-01-08 14:53:44','14','湖北省','AREA',NULL),
 (201301000160,'2013-01-08 14:53:59',0x01,0x01,'2013-01-08 14:53:59','15','湖南省','AREA',NULL),
 (201301000161,'2013-01-08 14:54:42',0x01,0x01,'2013-01-08 14:54:42','16','内蒙古自治区','AREA',NULL),
 (201301000162,'2013-01-08 14:55:00',0x01,0x01,'2013-01-08 14:55:00','17','江苏省','AREA',NULL),
 (201301000163,'2013-01-08 14:55:13',0x01,0x01,'2013-01-08 14:55:13','18','江西省','AREA',NULL),
 (201301000164,'2013-01-08 14:55:29',0x01,0x01,'2013-01-08 14:55:29','19','吉林省','AREA',NULL),
 (201301000165,'2013-01-08 14:55:45',0x01,0x01,'2013-01-08 14:55:45','20','辽宁省','AREA',NULL),
 (201301000166,'2013-01-08 14:56:00',0x01,0x01,'2013-01-08 14:56:00','21','澳门特别行政区','AREA',NULL),
 (201301000167,'2013-01-08 14:56:16',0x01,0x01,'2013-01-08 14:56:16','22','宁夏回族自治区','AREA',NULL),
 (201301000168,'2013-01-08 14:56:31',0x01,0x01,'2013-01-08 14:56:31','23','青海省','AREA',NULL),
 (201301000169,'2013-01-08 14:56:42',0x01,0x01,'2013-01-08 14:56:42','24','陕西省','AREA',NULL),
 (201301000170,'2013-01-08 14:56:57',0x01,0x01,'2013-01-08 14:56:57','25','山东省','AREA',NULL),
 (201301000171,'2013-01-08 14:57:12',0x01,0x01,'2013-01-08 14:57:12','26','上海市','AREA',NULL),
 (201301000172,'2013-01-08 14:57:27',0x01,0x01,'2013-01-08 14:57:27','27','山西省','AREA',NULL),
 (201301000173,'2013-01-08 14:57:38',0x01,0x01,'2013-01-08 14:57:38','28','四川省','AREA',NULL),
 (201301000174,'2013-01-08 14:57:58',0x01,0x01,'2013-01-08 14:57:58','29','台湾省','AREA',NULL),
 (201301000175,'2013-01-08 14:58:13',0x01,0x01,'2013-01-08 14:58:13','30','天津市','AREA',NULL),
 (201301000176,'2013-01-08 14:58:24',0x01,0x01,'2013-01-08 14:58:24','31','西藏自治区','AREA',NULL),
 (201301000177,'2013-01-08 14:58:42',0x01,0x01,'2013-01-08 14:58:42','32','新疆维吾尔自治区','AREA',NULL),
 (201301000178,'2013-01-08 14:58:55',0x01,0x01,'2013-01-08 14:58:55','33','云南省','AREA',NULL),
 (201301000179,'2013-01-08 14:59:12',0x01,0x01,'2013-01-08 14:59:12','34','浙江省','AREA',NULL),
 (201301000180,'2013-01-08 15:02:28',0x01,0x01,'2013-01-08 15:02:28','0102','蚌埠市','AREA',201301000007),
 (201301000181,'2013-01-08 15:02:54',0x01,0x01,'2013-01-08 15:02:54','0103','巢湖市','AREA',201301000007),
 (201301000182,'2013-01-08 15:03:16',0x01,0x01,'2013-01-08 15:03:16','0104','池州市','AREA',201301000007),
 (201301000183,'2013-01-08 15:03:33',0x01,0x01,'2013-01-08 15:03:33','0105','滁州市','AREA',201301000007),
 (201301000184,'2013-01-08 15:03:56',0x01,0x01,'2013-01-08 15:03:56','0106','阜阳市','AREA',201301000007),
 (201301000185,'2013-01-08 15:04:17',0x01,0x01,'2013-01-08 15:04:17','0107','亳州市','AREA',201301000007),
 (201301000186,'2013-01-08 15:04:36',0x01,0x01,'2013-01-08 15:04:36','0108','合肥市','AREA',201301000007),
 (201301000187,'2013-01-08 15:05:01',0x01,0x01,'2013-01-08 15:05:01','0109','淮北市','AREA',201301000007),
 (201301000188,'2013-01-08 15:05:27',0x01,0x01,'2013-01-08 15:05:27','0110','淮南市','AREA',201301000007),
 (201301000189,'2013-01-08 15:05:48',0x01,0x01,'2013-01-08 15:05:48','0111','黄山市','AREA',201301000007),
 (201301000190,'2013-01-08 15:06:16',0x01,0x01,'2013-01-08 15:06:16','0112','六安市','AREA',201301000007),
 (201301000191,'2013-01-08 15:06:42',0x01,0x01,'2013-01-08 15:06:42','0113','马鞍山市','AREA',201301000007),
 (201301000192,'2013-01-08 15:07:10',0x01,0x01,'2013-01-08 15:07:10','0114','宿州市','AREA',201301000007),
 (201301000193,'2013-01-08 15:07:32',0x01,0x01,'2013-01-08 15:07:32','0115','铜陵市','AREA',201301000007),
 (201301000194,'2013-01-08 15:07:55',0x01,0x01,'2013-01-08 15:07:55','0116','芜湖市','AREA',201301000007),
 (201301000195,'2013-01-08 15:08:25',0x01,0x01,'2013-01-08 15:08:25','0117','宣城市','AREA',201301000007),
 (201301000196,'2013-01-08 15:11:36',0x01,0x01,'2013-01-08 15:11:36','0401','福州市','AREA',201301000149),
 (201301000197,'2013-01-08 15:11:59',0x01,0x01,'2013-01-08 15:11:59','0402','龙岩市','AREA',201301000149),
 (201301000198,'2013-01-08 15:12:26',0x01,0x01,'2013-01-08 15:12:26','0403','南平市','AREA',201301000149),
 (201301000199,'2013-01-08 15:12:52',0x01,0x01,'2013-01-08 15:12:52','0404','宁德市','AREA',201301000149),
 (201301000200,'2013-01-08 15:13:12',0x01,0x01,'2013-01-08 15:13:12','0405','莆田市','AREA',201301000149),
 (201301000201,'2013-01-08 15:13:34',0x01,0x01,'2013-01-08 15:13:34','0406','泉州市','AREA',201301000149),
 (201301000202,'2013-01-08 15:14:05',0x01,0x01,'2013-01-08 15:14:05','0407','三明市','AREA',201301000149),
 (201301000203,'2013-01-08 15:14:38',0x01,0x01,'2013-01-08 15:14:38','0408','厦门市','AREA',201301000149),
 (201301000204,'2013-01-08 15:15:01',0x01,0x01,'2013-01-08 15:15:01','0409','漳州市','AREA',201301000149),
 (201301000205,'2013-01-08 15:15:31',0x01,0x01,'2013-01-08 15:15:31','0501','白银市','AREA',201301000150),
 (201301000206,'2013-01-08 15:15:55',0x01,0x01,'2013-01-08 15:15:55','0502','定西市','AREA',201301000150),
 (201301000207,'2013-01-08 15:16:19',0x01,0x01,'2013-01-08 15:16:19','0503','甘南州','AREA',201301000150),
 (201301000208,'2013-01-08 15:16:48',0x01,0x01,'2013-01-08 15:16:48','0504','嘉峪关市','AREA',201301000150),
 (201301000209,'2013-01-08 15:17:15',0x01,0x01,'2013-01-08 15:17:15','0505','金昌市','AREA',201301000150),
 (201301000210,'2013-01-08 15:17:51',0x01,0x01,'2013-01-08 15:17:51','0506','酒泉市','AREA',201301000150),
 (201301000211,'2013-01-08 15:18:11',0x01,0x01,'2013-01-08 15:18:11','0507','兰州市','AREA',201301000150),
 (201301000212,'2013-01-08 15:18:44',0x01,0x01,'2013-01-08 15:18:44','0508','临夏州','AREA',201301000150),
 (201301000214,'2013-01-08 15:33:09',0x01,0x01,'2013-01-08 15:33:09','0509','陇南市','AREA',201301000150),
 (201301000215,'2013-01-08 15:33:29',0x01,0x01,'2013-01-08 15:33:39','0510','平凉市','AREA',201301000150),
 (201301000216,'2013-01-08 15:34:00',0x01,0x01,'2013-01-08 15:34:00','0511','庆阳市','AREA',201301000150),
 (201301000217,'2013-01-08 15:34:20',0x01,0x01,'2013-01-08 15:34:20','0512','天水市','AREA',201301000150),
 (201301000218,'2013-01-08 15:34:42',0x01,0x01,'2013-01-08 15:34:42','0513','武威市','AREA',201301000150),
 (201301000219,'2013-01-08 15:35:02',0x01,0x01,'2013-01-08 15:35:02','0514','张掖市','AREA',201301000150),
 (201301000220,'2013-01-08 15:38:03',0x01,0x01,'2013-01-08 15:38:03','0601','中山市','AREA',201301000151),
 (201301000221,'2013-01-08 15:39:43',0x01,0x01,'2013-01-08 15:39:43','0602','佛山市','AREA',201301000151),
 (201301000222,'2013-01-08 15:40:00',0x01,0x01,'2013-01-08 15:40:00','0603','东莞市','AREA',201301000151),
 (201301000223,'2013-01-08 15:40:24',0x01,0x01,'2013-01-08 15:40:24','0604','江门市','AREA',201301000151),
 (201301000224,'2013-01-08 15:40:55',0x01,0x01,'2013-01-08 15:40:55','0605','珠海市','AREA',201301000151),
 (201301000225,'2013-01-08 15:41:15',0x01,0x01,'2013-01-08 15:41:15','0606','广州市','AREA',201301000151),
 (201301000226,'2013-01-08 15:41:36',0x01,0x01,'2013-01-08 15:41:36','0607','深圳市','AREA',201301000151),
 (201301000227,'2013-01-08 15:41:59',0x01,0x01,'2013-01-08 15:41:59','0608','惠州市','AREA',201301000151),
 (201301000228,'2013-01-08 15:42:38',0x01,0x01,'2013-01-08 15:42:38','0609','汕头市','AREA',201301000151),
 (201301000229,'2013-01-08 15:43:02',0x01,0x01,'2013-01-08 15:43:02','0610','潮州市','AREA',201301000151),
 (201301000230,'2013-01-08 15:43:31',0x01,0x01,'2013-01-08 15:43:31','0611','河源市','AREA',201301000151),
 (201301000231,'2013-01-08 15:43:57',0x01,0x01,'2013-01-08 15:43:57','0612','揭阳市','AREA',201301000151),
 (201301000232,'2013-01-08 15:44:22',0x01,0x01,'2013-01-08 15:44:22','0613','茂名市','AREA',201301000151),
 (201301000233,'2013-01-08 15:44:38',0x01,0x01,'2013-01-08 15:44:38','0614','梅州市','AREA',201301000151),
 (201301000234,'2013-01-08 15:44:56',0x01,0x01,'2013-01-08 15:44:56','0615','清远市','AREA',201301000151),
 (201301000235,'2013-01-08 15:45:24',0x01,0x01,'2013-01-08 15:45:24','0616','汕尾市','AREA',201301000151),
 (201301000236,'2013-01-08 15:45:49',0x01,0x01,'2013-01-08 15:45:49','0617','韶关市','AREA',201301000151),
 (201301000237,'2013-01-08 15:46:09',0x01,0x01,'2013-01-08 15:46:09','0618','阳江市','AREA',201301000151),
 (201301000238,'2013-01-08 15:46:33',0x01,0x01,'2013-01-08 15:46:33','0619','云浮市','AREA',201301000151),
 (201301000239,'2013-01-08 15:46:55',0x01,0x01,'2013-01-08 15:46:55','0620','湛江市','AREA',201301000151),
 (201301000240,'2013-01-08 15:47:18',0x01,0x01,'2013-01-08 15:47:18','0621','肇庆市','AREA',201301000151),
 (201301000241,'2013-01-08 15:48:20',0x01,0x01,'2013-01-08 15:48:20','0701','百色市','AREA',201301000152),
 (201301000242,'2013-01-08 15:48:37',0x01,0x01,'2013-01-08 15:48:37','0702','北海市','AREA',201301000152),
 (201301000243,'2013-01-08 15:48:54',0x01,0x01,'2013-01-08 15:48:54','0703','崇左市','AREA',201301000152),
 (201301000244,'2013-01-08 15:49:16',0x01,0x01,'2013-01-08 15:49:16','0704','防城港市','AREA',201301000152),
 (201301000245,'2013-01-08 15:49:41',0x01,0x01,'2013-01-08 15:49:41','0705','贵港市','AREA',201301000152),
 (201301000246,'2013-01-08 15:49:59',0x01,0x01,'2013-01-08 15:49:59','0706','桂林市','AREA',201301000152),
 (201301000247,'2013-01-08 15:50:33',0x01,0x01,'2013-01-08 15:50:33','0707','河池市','AREA',201301000152),
 (201301000248,'2013-01-08 15:50:54',0x01,0x01,'2013-01-08 15:50:54','0708','贺州市','AREA',201301000152),
 (201301000249,'2013-01-08 15:51:14',0x01,0x01,'2013-01-08 15:51:14','0709','来宾市','AREA',201301000152),
 (201301000250,'2013-01-08 15:51:36',0x01,0x01,'2013-01-08 15:51:36','0710','柳州市','AREA',201301000152),
 (201301000251,'2013-01-08 15:51:55',0x01,0x01,'2013-01-08 15:51:55','0711','南宁市','AREA',201301000152),
 (201301000252,'2013-01-08 15:52:12',0x01,0x01,'2013-01-08 15:52:12','0712','钦州市','AREA',201301000152),
 (201301000253,'2013-01-08 15:59:18',0x01,0x01,'2013-01-08 15:59:18','0713','梧州市','AREA',201301000152),
 (201301000254,'2013-01-08 15:59:37',0x01,0x01,'2013-01-08 15:59:37','0714','玉林市','AREA',201301000152),
 (201301000255,'2013-01-08 16:11:23',0x01,0x01,'2013-01-08 16:11:23','0801','安顺市','AREA',201301000153),
 (201301000256,'2013-01-08 16:11:40',0x01,0x01,'2013-01-08 16:11:40','0802','毕节地区','AREA',201301000153),
 (201301000257,'2013-01-08 16:12:04',0x01,0x01,'2013-01-08 16:12:04','0803','贵阳市','AREA',201301000153),
 (201301000258,'2013-01-08 16:12:26',0x01,0x01,'2013-01-08 16:12:26','0804','六盘水市','AREA',201301000153),
 (201301000259,'2013-01-08 16:12:48',0x01,0x01,'2013-01-08 16:12:48','0805','黔东南州','AREA',201301000153),
 (201301000260,'2013-01-08 16:13:08',0x01,0x01,'2013-01-08 16:13:08','0806','黔南州','AREA',201301000153),
 (201301000261,'2013-01-08 16:13:29',0x01,0x01,'2013-01-08 16:13:29','0807','黔西南州','AREA',201301000153),
 (201301000262,'2013-01-08 16:13:47',0x01,0x01,'2013-01-08 16:13:47','0808','铜仁地区','AREA',201301000153),
 (201301000263,'2013-01-08 16:14:15',0x01,0x01,'2013-01-08 16:14:15','0809','遵义市','AREA',201301000153),
 (201301000264,'2013-01-08 16:15:08',0x01,0x01,'2013-01-08 16:15:08','0901','海口市','AREA',201301000154),
 (201301000265,'2013-01-08 16:15:28',0x01,0x01,'2013-01-08 16:15:28','0902','三亚市','AREA',201301000154),
 (201301000266,'2013-01-08 16:15:52',0x01,0x01,'2013-01-08 16:15:52','0903','省直辖行政单位','AREA',201301000154),
 (201301000267,'2013-01-08 16:17:26',0x01,0x01,'2013-01-08 16:17:26','1001','保定市','AREA',201301000155),
 (201301000268,'2013-01-08 16:18:33',0x01,0x01,'2013-01-08 16:18:33','1002','沧州市','AREA',201301000155),
 (201301000269,'2013-01-08 16:19:39',0x01,0x01,'2013-01-08 16:19:39','1003','承德市','AREA',201301000155),
 (201301000270,'2013-01-08 16:20:00',0x01,0x01,'2013-01-08 16:20:00','1004','邯郸市','AREA',201301000155),
 (201301000271,'2013-01-08 16:20:20',0x01,0x01,'2013-01-08 16:20:20','1005','衡水市','AREA',201301000155),
 (201301000272,'2013-01-08 16:20:38',0x01,0x01,'2013-01-08 16:20:38','1006','廊坊市','AREA',201301000155),
 (201301000273,'2013-01-08 16:20:57',0x01,0x01,'2013-01-08 16:20:57','1007','秦皇岛市','AREA',201301000155),
 (201301000274,'2013-01-08 16:21:24',0x01,0x01,'2013-01-08 16:21:24','1008','石家庄市','AREA',201301000155),
 (201301000275,'2013-01-08 16:21:44',0x01,0x01,'2013-01-08 16:21:44','1009','唐山市','AREA',201301000155),
 (201301000276,'2013-01-08 16:22:06',0x01,0x01,'2013-01-08 16:22:06','1010','邢台市','AREA',201301000155),
 (201301000277,'2013-01-08 16:22:25',0x01,0x01,'2013-01-08 16:22:25','1011','张家口市','AREA',201301000155),
 (201301000278,'2013-01-08 16:23:43',0x01,0x01,'2013-01-08 16:23:43','1101','大庆市','AREA',201301000156),
 (201301000279,'2013-01-08 16:24:08',0x01,0x01,'2013-01-08 16:24:08','1102','大兴安岭地区','AREA',201301000156),
 (201301000280,'2013-01-08 16:24:26',0x01,0x01,'2013-01-08 16:24:26','1103','哈尔滨市','AREA',201301000156),
 (201301000281,'2013-01-08 16:24:47',0x01,0x01,'2013-01-08 16:24:47','1104','鹤岗市','AREA',201301000156),
 (201301000282,'2013-01-08 16:25:08',0x01,0x01,'2013-01-08 16:25:08','1105','黑河市','AREA',201301000156),
 (201301000283,'2013-01-08 16:25:30',0x01,0x01,'2013-01-08 16:25:30','1106','佳木斯市','AREA',201301000156),
 (201301000284,'2013-01-08 16:25:54',0x01,0x01,'2013-01-08 16:25:54','1107','鸡西市','AREA',201301000156),
 (201301000285,'2013-01-08 16:26:19',0x01,0x01,'2013-01-08 16:26:19','1108','牡丹江市','AREA',201301000156),
 (201301000286,'2013-01-08 16:26:38',0x01,0x01,'2013-01-08 16:26:38','1109','齐齐哈尔市','AREA',201301000156),
 (201301000287,'2013-01-08 16:26:59',0x01,0x01,'2013-01-08 16:26:59','1110','七台河市','AREA',201301000156),
 (201301000288,'2013-01-08 16:27:31',0x01,0x01,'2013-01-08 16:27:31','1111','双鸭山市','AREA',201301000156),
 (201301000289,'2013-01-08 16:27:54',0x01,0x01,'2013-01-08 16:27:54','1112','绥化市','AREA',201301000156),
 (201301000290,'2013-01-08 16:28:11',0x01,0x01,'2013-01-08 16:28:11','1113','伊春市','AREA',201301000156),
 (201301000291,'2013-01-08 16:29:28',0x01,0x01,'2013-01-08 16:29:28','1201','安阳市','AREA',201301000157),
 (201301000292,'2013-01-08 16:29:45',0x01,0x01,'2013-01-08 16:29:45','1202','鹤壁市','AREA',201301000157),
 (201301000293,'2013-01-08 16:30:04',0x01,0x01,'2013-01-08 16:30:04','1203','焦作市','AREA',201301000157),
 (201301000294,'2013-01-08 16:30:26',0x01,0x01,'2013-01-08 16:30:26','1204','开封市','AREA',201301000157),
 (201301000295,'2013-01-08 16:30:52',0x01,0x01,'2013-01-08 16:30:52','1205','漯河市','AREA',201301000157),
 (201301000296,'2013-01-08 16:31:11',0x01,0x01,'2013-01-08 16:31:11','1206','洛阳市','AREA',201301000157),
 (201301000297,'2013-01-08 16:31:34',0x01,0x01,'2013-01-08 16:31:34','1207','南阳市','AREA',201301000157),
 (201301000298,'2013-01-08 16:31:53',0x01,0x01,'2013-01-08 16:31:53','1208','平顶山市','AREA',201301000157),
 (201301000299,'2013-01-08 16:32:13',0x01,0x01,'2013-01-08 16:32:13','1209','濮阳市','AREA',201301000157),
 (201301000300,'2013-01-08 16:32:34',0x01,0x01,'2013-01-08 16:32:34','1210','三门峡市','AREA',201301000157),
 (201301000301,'2013-01-08 16:32:55',0x01,0x01,'2013-01-08 16:32:55','1211','商丘市','AREA',201301000157),
 (201301000302,'2013-01-08 16:33:14',0x01,0x01,'2013-01-08 16:33:14','1212','新乡市','AREA',201301000157),
 (201301000303,'2013-01-08 16:33:36',0x01,0x01,'2013-01-08 16:33:36','1213','信阳市','AREA',201301000157),
 (201301000304,'2013-01-08 16:33:56',0x01,0x01,'2013-01-08 16:33:56','1214','许昌市','AREA',201301000157),
 (201301000305,'2013-01-08 16:34:17',0x01,0x01,'2013-01-08 16:34:17','1215','郑州市','AREA',201301000157),
 (201301000306,'2013-01-08 16:34:44',0x01,0x01,'2013-01-08 16:34:44','1216','周口市','AREA',201301000157),
 (201301000307,'2013-01-08 16:35:04',0x01,0x01,'2013-01-08 16:35:04','1217','驻马店市','AREA',201301000157),
 (201301000308,'2013-01-08 16:37:00',0x01,0x01,'2013-01-08 16:37:00','1401','恩施州','AREA',201301000159),
 (201301000309,'2013-01-08 16:37:25',0x01,0x01,'2013-01-08 16:37:25','1402','鄂州市','AREA',201301000159),
 (201301000310,'2013-01-08 16:37:46',0x01,0x01,'2013-01-08 16:37:46','1403','黄冈市','AREA',201301000159),
 (201301000311,'2013-01-08 16:38:07',0x01,0x01,'2013-01-08 16:38:07','1404','黄石市','AREA',201301000159),
 (201301000312,'2013-01-08 16:38:27',0x01,0x01,'2013-01-08 16:38:27','1405','荆门市','AREA',201301000159),
 (201301000313,'2013-01-08 16:38:47',0x01,0x01,'2013-01-08 16:38:47','1406','荆州市','AREA',201301000159),
 (201301000314,'2013-01-08 16:39:10',0x01,0x01,'2013-01-08 16:39:10','1407','十堰市','AREA',201301000159),
 (201301000315,'2013-01-08 16:39:33',0x01,0x01,'2013-01-08 16:39:33','1408','随州市','AREA',201301000159),
 (201301000316,'2013-01-08 16:40:03',0x01,0x01,'2013-01-08 16:40:03','1409','武汉市','AREA',201301000159),
 (201301000317,'2013-01-08 16:40:25',0x01,0x01,'2013-01-08 16:40:25','1410','襄樊市','AREA',201301000159),
 (201301000318,'2013-01-08 16:40:47',0x01,0x01,'2013-01-08 16:40:47','1411','咸宁市','AREA',201301000159),
 (201301000319,'2013-01-08 16:41:11',0x01,0x01,'2013-01-08 16:41:11','1412','孝感市','AREA',201301000159),
 (201301000320,'2013-01-08 16:41:31',0x01,0x01,'2013-01-08 16:41:31','1413','宜昌市','AREA',201301000159),
 (201301000321,'2013-01-08 16:51:40',0x01,0x01,'2013-01-08 16:51:40','1501','常德市','AREA',201301000160),
 (201301000322,'2013-01-08 16:52:03',0x01,0x01,'2013-01-08 16:52:03','1502','长沙市','AREA',201301000160),
 (201301000323,'2013-01-08 16:52:24',0x01,0x01,'2013-01-08 16:52:24','1503','郴州市','AREA',201301000160),
 (201301000324,'2013-01-08 16:52:47',0x01,0x01,'2013-01-08 16:52:47','1504','衡阳市','AREA',201301000160),
 (201301000325,'2013-01-08 16:53:18',0x01,0x01,'2013-01-08 16:53:18','1505','怀化市','AREA',201301000160),
 (201301000326,'2013-01-08 16:53:53',0x01,0x01,'2013-01-08 16:53:53','1506','娄底市','AREA',201301000160),
 (201301000327,'2013-01-08 16:54:18',0x01,0x01,'2013-01-08 16:54:18','1507','邵阳市','AREA',201301000160),
 (201301000328,'2013-01-08 16:54:48',0x01,0x01,'2013-01-08 16:54:48','1508','湘潭市','AREA',201301000160),
 (201301000329,'2013-01-08 16:55:11',0x01,0x01,'2013-01-08 16:55:11','1509','湘西州','AREA',201301000160),
 (201301000330,'2013-01-08 16:55:59',0x01,0x01,'2013-01-08 16:55:59','1510','益阳市','AREA',201301000160),
 (201301000331,'2013-01-08 16:56:43',0x01,0x01,'2013-01-08 16:56:43','1511','岳阳市','AREA',201301000160),
 (201301000332,'2013-01-08 16:57:24',0x01,0x01,'2013-01-08 16:57:24','1512','张家界市','AREA',201301000160),
 (201301000333,'2013-01-08 16:58:04',0x01,0x01,'2013-01-08 16:58:04','1513','株洲市','AREA',201301000160),
 (201301000334,'2013-01-08 17:10:52',0x01,0x01,'2013-01-08 17:10:52','1601','阿拉善盟','AREA',201301000161),
 (201301000335,'2013-01-08 17:11:33',0x01,0x01,'2013-01-08 17:11:33','1602','包头市','AREA',201301000161),
 (201301000336,'2013-01-08 17:12:58',0x01,0x01,'2013-01-08 17:12:58','1603','巴彦淖尔市','AREA',201301000161),
 (201301000337,'2013-01-08 17:18:54',0x01,0x01,'2013-01-08 17:18:54','1604','赤峰市','AREA',201301000161),
 (201301000338,'2013-01-08 17:19:19',0x01,0x01,'2013-01-08 17:19:19','1605','呼和浩特市','AREA',201301000161),
 (201301000339,'2013-01-08 17:19:48',0x01,0x01,'2013-01-08 17:19:48','1606','呼伦贝尔市','AREA',201301000161),
 (201301000340,'2013-01-08 17:20:15',0x01,0x01,'2013-01-08 17:20:15','1607','鄂尔多斯市','AREA',201301000161),
 (201301000341,'2013-01-08 17:20:42',0x01,0x01,'2013-01-08 17:20:42','1608','通辽市','AREA',201301000161),
 (201301000342,'2013-01-08 17:21:10',0x01,0x01,'2013-01-08 17:21:10','1609','乌海市','AREA',201301000161),
 (201301000343,'2013-01-08 17:21:43',0x01,0x01,'2013-01-08 17:21:43','1610','乌兰察布市','AREA',201301000161),
 (201301000344,'2013-01-08 17:22:11',0x01,0x01,'2013-01-08 17:22:11','1611','锡林郭勒盟','AREA',201301000161),
 (201301000345,'2013-01-08 17:22:49',0x01,0x01,'2013-01-08 17:22:49','1612','兴安盟','AREA',201301000161),
 (201301000346,'2013-01-08 19:41:07',0x01,0x01,'2013-01-08 19:41:07','1701','常州市','AREA',201301000162),
 (201301000347,'2013-01-08 19:41:23',0x01,0x01,'2013-01-08 19:41:23','1702','淮安市','AREA',201301000162),
 (201301000348,'2013-01-08 19:41:40',0x01,0x01,'2013-01-08 19:41:40','1703','连云港','AREA',201301000162),
 (201301000349,'2013-01-08 19:41:54',0x01,0x01,'2013-01-08 19:41:54','1704','南京市','AREA',201301000162),
 (201301000350,'2013-01-08 19:42:11',0x01,0x01,'2013-01-08 19:42:11','1705','南通市','AREA',201301000162),
 (201301000351,'2013-01-08 19:42:26',0x01,0x01,'2013-01-08 19:42:26','1706','宿迁市','AREA',201301000162),
 (201301000352,'2013-01-08 19:42:45',0x01,0x01,'2013-01-08 19:42:45','1707','苏州市','AREA',201301000162),
 (201301000353,'2013-01-08 19:43:03',0x01,0x01,'2013-01-08 19:43:03','1708','泰州市','AREA',201301000162),
 (201301000354,'2013-01-08 19:43:22',0x01,0x01,'2013-01-08 19:43:22','1709','无锡市','AREA',201301000162),
 (201301000355,'2013-01-08 19:43:41',0x01,0x01,'2013-01-08 19:43:41','1710','徐州市','AREA',201301000162),
 (201301000356,'2013-01-08 19:43:57',0x01,0x01,'2013-01-08 19:43:57','1711','盐城市','AREA',201301000162),
 (201301000357,'2013-01-08 19:44:16',0x01,0x01,'2013-01-08 19:44:16','1712','扬州市','AREA',201301000162),
 (201301000358,'2013-01-08 19:44:34',0x01,0x01,'2013-01-08 19:44:34','1713','镇江市','AREA',201301000162),
 (201301000359,'2013-01-08 19:45:44',0x01,0x01,'2013-01-08 19:45:44','1801','南昌市','AREA',201301000163),
 (201301000360,'2013-01-08 19:45:59',0x01,0x01,'2013-01-08 19:45:59','1802','景德镇市','AREA',201301000163),
 (201301000361,'2013-01-08 19:46:16',0x01,0x01,'2013-01-08 19:46:16','1803','萍乡市','AREA',201301000163),
 (201301000362,'2013-01-08 19:46:38',0x01,0x01,'2013-01-08 19:46:38','1804','九江市','AREA',201301000163),
 (201301000363,'2013-01-08 19:46:53',0x01,0x01,'2013-01-08 19:46:53','1805','新余市','AREA',201301000163),
 (201301000364,'2013-01-08 19:47:07',0x01,0x01,'2013-01-08 19:47:07','1806','鹰潭市','AREA',201301000163),
 (201301000365,'2013-01-08 19:47:22',0x01,0x01,'2013-01-08 19:47:22','1807','赣州市','AREA',201301000163),
 (201301000366,'2013-01-08 19:47:42',0x01,0x01,'2013-01-08 19:47:42','1808','吉安市','AREA',201301000163),
 (201301000367,'2013-01-08 19:47:59',0x01,0x01,'2013-01-08 19:47:59','1809','宜春市','AREA',201301000163),
 (201301000368,'2013-01-08 19:48:27',0x01,0x01,'2013-01-08 19:48:27','1810','抚州市','AREA',201301000163),
 (201301000369,'2013-01-08 19:48:45',0x01,0x01,'2013-01-08 19:48:45','1811','上饶市','AREA',201301000163),
 (201301000370,'2013-01-08 19:49:20',0x01,0x01,'2013-01-08 19:49:20','1901','白城市','AREA',201301000164),
 (201301000372,'2013-01-08 19:50:11',0x01,0x01,'2013-01-08 19:50:11','1902','白山市','AREA',201301000164),
 (201301000373,'2013-01-08 19:50:33',0x01,0x01,'2013-01-08 19:50:33','1903','长春市','AREA',201301000164),
 (201301000374,'2013-01-08 19:50:48',0x01,0x01,'2013-01-08 19:50:48','1904','吉林市','AREA',201301000164),
 (201301000375,'2013-01-08 19:51:06',0x01,0x01,'2013-01-08 19:51:06','1905','辽源市','AREA',201301000164),
 (201301000376,'2013-01-08 19:51:22',0x01,0x01,'2013-01-08 19:51:22','1906','四平市','AREA',201301000164),
 (201301000377,'2013-01-08 19:51:41',0x01,0x01,'2013-01-08 19:51:41','1907','松原市','AREA',201301000164),
 (201301000378,'2013-01-08 19:51:59',0x01,0x01,'2013-01-08 19:51:59','1908','通化市','AREA',201301000164),
 (201301000379,'2013-01-08 19:52:18',0x01,0x01,'2013-01-08 19:52:18','1909','延边朝鲜族自治州','AREA',201301000164),
 (201301000380,'2013-01-08 19:54:47',0x01,0x01,'2013-01-08 19:54:47','2001','鞍山市','AREA',201301000165),
 (201301000381,'2013-01-08 19:59:11',0x01,0x01,'2013-01-08 19:59:11','2002','本溪市','AREA',201301000165),
 (201301000382,'2013-01-08 19:59:36',0x01,0x01,'2013-01-08 19:59:36','2003','朝阳市','AREA',201301000165),
 (201301000383,'2013-01-08 19:59:52',0x01,0x01,'2013-01-08 19:59:52','2004','大连市','AREA',201301000165),
 (201301000384,'2013-01-08 20:00:06',0x01,0x01,'2013-01-08 20:00:06','2005','丹东市','AREA',201301000165),
 (201301000385,'2013-01-08 20:00:21',0x01,0x01,'2013-01-08 20:00:21','2006','抚顺市','AREA',201301000165),
 (201301000386,'2013-01-08 20:00:40',0x01,0x01,'2013-01-08 20:00:40','2007','阜新市','AREA',201301000165),
 (201301000387,'2013-01-08 20:00:58',0x01,0x01,'2013-01-08 20:00:58','2008','葫芦岛市','AREA',201301000165),
 (201301000388,'2013-01-08 20:01:18',0x01,0x01,'2013-01-08 20:01:18','2009','锦州市','AREA',201301000165),
 (201301000389,'2013-01-08 20:01:33',0x01,0x01,'2013-01-08 20:01:33','2010','辽阳市','AREA',201301000165),
 (201301000390,'2013-01-08 20:01:48',0x01,0x01,'2013-01-08 20:01:48','2011','盘锦市','AREA',201301000165),
 (201301000391,'2013-01-08 20:02:06',0x01,0x01,'2013-01-08 20:02:06','2012','沈阳市','AREA',201301000165),
 (201301000392,'2013-01-08 20:02:31',0x01,0x01,'2013-01-08 20:02:31','2013','铁岭市','AREA',201301000165),
 (201301000393,'2013-01-08 20:02:47',0x01,0x01,'2013-01-08 20:02:47','2014','营口市','AREA',201301000165),
 (201301000394,'2013-01-08 20:09:32',0x01,0x01,'2013-01-08 20:09:32','2201','固原市','AREA',201301000167),
 (201301000395,'2013-01-08 20:09:50',0x01,0x01,'2013-01-08 20:09:50','2202','石嘴山市','AREA',201301000167),
 (201301000396,'2013-01-08 20:10:08',0x01,0x01,'2013-01-08 20:10:08','2203','吴忠市','AREA',201301000167),
 (201301000397,'2013-01-08 20:10:24',0x01,0x01,'2013-01-08 20:10:24','2204','银川市','AREA',201301000167),
 (201301000398,'2013-01-08 20:10:39',0x01,0x01,'2013-01-08 20:10:39','2205','中卫市','AREA',201301000167),
 (201301000399,'2013-01-08 20:12:44',0x01,0x01,'2013-01-08 20:12:44','2301','果洛州','AREA',201301000168),
 (201301000400,'2013-01-08 20:13:00',0x01,0x01,'2013-01-08 20:13:00','2302','海北州','AREA',201301000168),
 (201301000401,'2013-01-08 20:13:19',0x01,0x01,'2013-01-08 20:13:19','2303','海东地区','AREA',201301000168),
 (201301000402,'2013-01-08 20:13:32',0x01,0x01,'2013-01-08 20:13:32','2304','海南州','AREA',201301000168),
 (201301000403,'2013-01-08 20:13:51',0x01,0x01,'2013-01-08 20:13:51','2305','海西州','AREA',201301000168),
 (201301000404,'2013-01-08 20:14:10',0x01,0x01,'2013-01-08 20:14:10','2306','黄南州','AREA',201301000168),
 (201301000405,'2013-01-08 20:14:25',0x01,0x01,'2013-01-08 20:14:25','2307','西宁市','AREA',201301000168),
 (201301000406,'2013-01-08 20:14:42',0x01,0x01,'2013-01-08 20:14:42','2308','玉树州','AREA',201301000168),
 (201301000407,'2013-01-08 20:15:16',0x01,0x01,'2013-01-08 20:15:16','2401','安康市','AREA',201301000169),
 (201301000408,'2013-01-08 20:15:29',0x01,0x01,'2013-01-08 20:15:29','2402','宝鸡市','AREA',201301000169),
 (201301000409,'2013-01-08 20:15:43',0x01,0x01,'2013-01-08 20:15:43','2403','汉中市','AREA',201301000169),
 (201301000410,'2013-01-08 20:15:58',0x01,0x01,'2013-01-08 20:15:58','2404','商洛市','AREA',201301000169),
 (201301000411,'2013-01-08 20:16:13',0x01,0x01,'2013-01-08 20:16:13','2405','铜川市','AREA',201301000169),
 (201301000412,'2013-01-08 20:16:26',0x01,0x01,'2013-01-08 20:16:26','2406','渭南市','AREA',201301000169),
 (201301000413,'2013-01-08 20:16:41',0x01,0x01,'2013-01-08 20:16:41','2407','西安市','AREA',201301000169),
 (201301000414,'2013-01-08 20:16:55',0x01,0x01,'2013-01-08 20:16:55','2408','咸阳市','AREA',201301000169),
 (201301000415,'2013-01-08 20:17:10',0x01,0x01,'2013-01-08 20:17:10','2409','延安市','AREA',201301000169),
 (201301000416,'2013-01-08 20:17:26',0x01,0x01,'2013-01-08 20:17:26','2410','榆林市','AREA',201301000169),
 (201301000417,'2013-01-08 20:20:03',0x01,0x01,'2013-01-08 20:20:03','2501','滨州市','AREA',201301000170),
 (201301000418,'2013-01-08 20:20:20',0x01,0x01,'2013-01-08 20:20:20','2502','德州市','AREA',201301000170),
 (201301000419,'2013-01-08 20:20:34',0x01,0x01,'2013-01-08 20:20:34','2503','东营市','AREA',201301000170),
 (201301000420,'2013-01-08 20:20:48',0x01,0x01,'2013-01-08 20:20:48','2504','菏泽市','AREA',201301000170),
 (201301000421,'2013-01-08 20:21:01',0x01,0x01,'2013-01-08 20:21:01','2505','济南市','AREA',201301000170),
 (201301000422,'2013-01-08 20:21:14',0x01,0x01,'2013-01-08 20:21:14','2506','济宁市','AREA',201301000170),
 (201301000423,'2013-01-08 20:21:29',0x01,0x01,'2013-01-08 20:21:29','2507','莱芜市','AREA',201301000170),
 (201301000424,'2013-01-08 20:21:46',0x01,0x01,'2013-01-08 20:21:46','2508','聊城市','AREA',201301000170),
 (201301000425,'2013-01-08 20:22:01',0x01,0x01,'2013-01-08 20:22:01','2509','临沂市','AREA',201301000170),
 (201301000426,'2013-01-08 20:22:16',0x01,0x01,'2013-01-08 20:22:16','2510','青岛市','AREA',201301000170),
 (201301000427,'2013-01-08 20:22:32',0x01,0x01,'2013-01-08 20:22:32','2511','日照市','AREA',201301000170),
 (201301000428,'2013-01-08 20:22:48',0x01,0x01,'2013-01-08 20:22:48','2512','泰安市','AREA',201301000170),
 (201301000429,'2013-01-08 20:23:02',0x01,0x01,'2013-01-08 20:23:02','2513','潍坊市','AREA',201301000170),
 (201301000430,'2013-01-08 20:23:16',0x01,0x01,'2013-01-08 20:23:16','2514','威海市','AREA',201301000170),
 (201301000431,'2013-01-08 20:23:30',0x01,0x01,'2013-01-08 20:23:30','2515','烟台市','AREA',201301000170),
 (201301000432,'2013-01-08 20:23:45',0x01,0x01,'2013-01-08 20:23:45','2516','枣庄市','AREA',201301000170),
 (201301000433,'2013-01-08 20:23:59',0x01,0x01,'2013-01-08 20:23:59','2517','淄博市','AREA',201301000170),
 (201301000434,'2013-01-08 20:27:12',0x01,0x01,'2013-01-08 20:27:12','2701','长治市','AREA',201301000172),
 (201301000435,'2013-01-08 20:27:30',0x01,0x01,'2013-01-08 20:27:30','2702','大同市','AREA',201301000172),
 (201301000436,'2013-01-08 20:27:44',0x01,0x01,'2013-01-08 20:27:44','2703','晋城市','AREA',201301000172),
 (201301000437,'2013-01-08 20:28:01',0x01,0x01,'2013-01-08 20:28:01','2704','晋中市','AREA',201301000172),
 (201301000438,'2013-01-08 20:28:16',0x01,0x01,'2013-01-08 20:28:16','2705','临汾市','AREA',201301000172),
 (201301000439,'2013-01-08 20:28:30',0x01,0x01,'2013-01-08 20:28:30','2706','吕梁市','AREA',201301000172),
 (201301000440,'2013-01-08 20:28:44',0x01,0x01,'2013-01-08 20:28:44','2707','朔州市','AREA',201301000172),
 (201301000441,'2013-01-08 20:28:59',0x01,0x01,'2013-01-08 20:28:59','2708','太原市','AREA',201301000172),
 (201301000442,'2013-01-08 20:29:14',0x01,0x01,'2013-01-08 20:29:14','2709','阳泉市','AREA',201301000172),
 (201301000443,'2013-01-08 20:29:28',0x01,0x01,'2013-01-08 20:29:28','2710','忻州市','AREA',201301000172),
 (201301000444,'2013-01-08 20:29:43',0x01,0x01,'2013-01-08 20:29:43','2711','运城市','AREA',201301000172),
 (201301000445,'2013-01-08 20:33:17',0x01,0x01,'2013-01-08 20:33:17','2801','阿坝州','AREA',201301000173),
 (201301000446,'2013-01-08 20:33:32',0x01,0x01,'2013-01-08 20:33:32','2802','巴中市','AREA',201301000173),
 (201301000447,'2013-01-08 20:33:48',0x01,0x01,'2013-01-08 20:33:48','2803','成都市','AREA',201301000173),
 (201301000448,'2013-01-08 20:34:10',0x01,0x01,'2013-01-08 20:34:10','2804','达州市','AREA',201301000173),
 (201301000449,'2013-01-08 20:34:23',0x01,0x01,'2013-01-08 20:34:23','2805','德阳市','AREA',201301000173),
 (201301000450,'2013-01-08 20:34:39',0x01,0x01,'2013-01-08 20:34:39','2806','甘孜州','AREA',201301000173),
 (201301000451,'2013-01-08 20:34:58',0x01,0x01,'2013-01-08 20:34:58','2807','广安市','AREA',201301000173),
 (201301000452,'2013-01-08 20:35:12',0x01,0x01,'2013-01-08 20:35:12','2808','广元市','AREA',201301000173),
 (201301000453,'2013-01-08 20:35:25',0x01,0x01,'2013-01-08 20:35:25','2809','乐山市','AREA',201301000173),
 (201301000454,'2013-01-08 20:35:42',0x01,0x01,'2013-01-08 20:35:42','2810','凉山州','AREA',201301000173),
 (201301000455,'2013-01-08 20:35:57',0x01,0x01,'2013-01-08 20:35:57','2811','泸州市','AREA',201301000173),
 (201301000456,'2013-01-08 20:36:10',0x01,0x01,'2013-01-08 20:36:10','2812','眉山市','AREA',201301000173),
 (201301000457,'2013-01-08 20:36:24',0x01,0x01,'2013-01-08 20:36:24','2813','绵阳市','AREA',201301000173),
 (201301000458,'2013-01-08 20:36:39',0x01,0x01,'2013-01-08 20:36:39','2814','南充市','AREA',201301000173),
 (201301000459,'2013-01-08 20:36:58',0x01,0x01,'2013-01-08 20:36:58','2815','内江市','AREA',201301000173),
 (201301000460,'2013-01-08 20:37:10',0x01,0x01,'2013-01-08 20:37:10','2816','攀枝花市','AREA',201301000173),
 (201301000461,'2013-01-08 20:37:23',0x01,0x01,'2013-01-08 20:37:23','2817','遂宁市','AREA',201301000173),
 (201301000462,'2013-01-08 20:37:37',0x01,0x01,'2013-01-08 20:37:37','2818','雅安市','AREA',201301000173),
 (201301000463,'2013-01-08 20:37:49',0x01,0x01,'2013-01-08 20:37:49','2819','宜宾市','AREA',201301000173),
 (201301000464,'2013-01-08 20:38:03',0x01,0x01,'2013-01-08 20:38:03','2820','自贡市','AREA',201301000173),
 (201301000465,'2013-01-08 20:38:20',0x01,0x01,'2013-01-08 20:38:20','2821','资阳市','AREA',201301000173),
 (201301000466,'2013-01-08 20:40:51',0x01,0x01,'2013-01-08 20:40:51','2901','嘉义市','AREA',201301000174),
 (201301000467,'2013-01-08 20:41:11',0x01,0x01,'2013-01-08 20:41:11','2902','新竹市','AREA',201301000174),
 (201301000468,'2013-01-08 20:41:25',0x01,0x01,'2013-01-08 20:41:25','2903','高雄市','AREA',201301000174),
 (201301000469,'2013-01-08 20:41:44',0x01,0x01,'2013-01-08 20:41:44','2904','基隆市','AREA',201301000174),
 (201301000470,'2013-01-08 20:42:01',0x01,0x01,'2013-01-08 20:42:01','2905','台中市','AREA',201301000174),
 (201301000471,'2013-01-08 20:42:17',0x01,0x01,'2013-01-08 20:42:17','2906','台南市','AREA',201301000174),
 (201301000472,'2013-01-08 20:42:35',0x01,0x01,'2013-01-08 20:42:35','2907','台北市','AREA',201301000174),
 (201301000473,'2013-01-08 20:44:50',0x01,0x01,'2013-01-08 20:44:50','3101','拉萨市','AREA',201301000176),
 (201301000474,'2013-01-08 20:45:05',0x01,0x01,'2013-01-08 20:45:05','3102','那曲地区','AREA',201301000176),
 (201301000475,'2013-01-08 20:45:19',0x01,0x01,'2013-01-08 20:45:19','3103','阿里地区','AREA',201301000176),
 (201301000476,'2013-01-08 20:45:34',0x01,0x01,'2013-01-08 20:45:34','3104','林芝地区','AREA',201301000176),
 (201301000477,'2013-01-08 20:45:47',0x01,0x01,'2013-01-08 20:45:47','3105','昌都地区','AREA',201301000176),
 (201301000478,'2013-01-08 20:46:01',0x01,0x01,'2013-01-08 20:46:01','3106','日喀则地区','AREA',201301000176),
 (201301000479,'2013-01-08 20:46:17',0x01,0x01,'2013-01-08 20:46:17','3107','山南地区','AREA',201301000176),
 (201301000480,'2013-01-08 20:49:15',0x01,0x01,'2013-01-08 20:49:15','3201','阿克苏地区','AREA',201301000177),
 (201301000481,'2013-01-08 20:49:27',0x01,0x01,'2013-01-08 20:49:27','3202','阿勒泰地区','AREA',201301000177),
 (201301000482,'2013-01-08 20:49:42',0x01,0x01,'2013-01-08 20:49:42','3203','博尔塔拉蒙古自治州','AREA',201301000177),
 (201301000483,'2013-01-08 20:49:59',0x01,0x01,'2013-01-08 20:49:59','3204','昌吉回族自治州','AREA',201301000177),
 (201301000484,'2013-01-08 20:50:13',0x01,0x01,'2013-01-08 20:50:13','3205','哈密地区','AREA',201301000177),
 (201301000485,'2013-01-08 20:50:28',0x01,0x01,'2013-01-08 20:50:28','3206','和田地区','AREA',201301000177),
 (201301000486,'2013-01-08 20:50:49',0x01,0x01,'2013-01-08 20:50:49','3207','伊犁哈萨克自治州','AREA',201301000177),
 (201301000487,'2013-01-08 20:51:05',0x01,0x01,'2013-01-08 20:51:05','3208','克拉玛依市','AREA',201301000177),
 (201301000488,'2013-01-08 20:51:22',0x01,0x01,'2013-01-08 20:51:22','3209','喀什地区','AREA',201301000177),
 (201301000489,'2013-01-08 20:51:38',0x01,0x01,'2013-01-08 20:52:08','3210','克孜勒苏柯尔克孜自治州','AREA',201301000177),
 (201301000490,'2013-01-08 20:51:55',0x01,0x01,'2013-01-08 20:51:55','3211','巴音郭楞蒙古自治州','AREA',201301000177),
 (201301000491,'2013-01-08 20:52:30',0x01,0x01,'2013-01-08 20:52:30','3212','塔城地区','AREA',201301000177),
 (201301000492,'2013-01-08 20:52:43',0x01,0x01,'2013-01-08 20:52:43','3213','吐鲁番地区','AREA',201301000177),
 (201301000493,'2013-01-08 20:52:58',0x01,0x01,'2013-01-08 20:52:58','3214','乌鲁木齐市','AREA',201301000177),
 (201301000494,'2013-01-08 20:54:06',0x01,0x01,'2013-01-08 20:54:06','3301','保山市','AREA',201301000178),
 (201301000495,'2013-01-08 20:54:30',0x01,0x01,'2013-01-08 20:54:30','3302','楚雄州','AREA',201301000178),
 (201301000496,'2013-01-08 20:54:49',0x01,0x01,'2013-01-08 20:54:49','3303','大理州','AREA',201301000178),
 (201301000497,'2013-01-08 20:55:03',0x01,0x01,'2013-01-08 20:55:03','3304','德宏州','AREA',201301000178),
 (201301000498,'2013-01-08 20:55:25',0x01,0x01,'2013-01-08 20:55:25','3305','迪庆州','AREA',201301000178),
 (201301000499,'2013-01-08 20:55:44',0x01,0x01,'2013-01-08 20:55:44','3306','红河州','AREA',201301000178),
 (201301000500,'2013-01-08 20:55:59',0x01,0x01,'2013-01-08 20:55:59','3307','昆明市','AREA',201301000178),
 (201301000501,'2013-01-08 20:56:14',0x01,0x01,'2013-01-08 20:56:14','3308','丽江市','AREA',201301000178),
 (201301000502,'2013-01-08 20:56:28',0x01,0x01,'2013-01-08 20:56:28','3309','临沧市','AREA',201301000178),
 (201301000503,'2013-01-08 20:56:43',0x01,0x01,'2013-01-08 20:56:43','3310','怒江州','AREA',201301000178),
 (201301000504,'2013-01-08 20:56:59',0x01,0x01,'2013-01-08 20:56:59','3311','普洱市','AREA',201301000178),
 (201301000505,'2013-01-08 20:57:15',0x01,0x01,'2013-01-08 20:57:15','3312','曲靖市','AREA',201301000178),
 (201301000506,'2013-01-08 20:57:29',0x01,0x01,'2013-01-08 20:57:29','3313','昭通市','AREA',201301000178),
 (201301000507,'2013-01-08 20:57:42',0x01,0x01,'2013-01-08 20:57:42','3314','文山州','AREA',201301000178),
 (201301000508,'2013-01-08 20:57:54',0x01,0x01,'2013-01-08 20:57:54','3315','西双版纳州','AREA',201301000178),
 (201301000509,'2013-01-08 20:58:10',0x01,0x01,'2013-01-08 20:58:10','3316','玉溪市','AREA',201301000178),
 (201301000510,'2013-01-08 20:59:14',0x01,0x01,'2013-01-08 20:59:14','3401','杭州市','AREA',201301000179),
 (201301000511,'2013-01-08 20:59:29',0x01,0x01,'2013-01-08 20:59:29','3402','湖州市','AREA',201301000179),
 (201301000512,'2013-01-08 20:59:44',0x01,0x01,'2013-01-08 20:59:44','3403','嘉兴市','AREA',201301000179),
 (201301000513,'2013-01-08 21:00:02',0x01,0x01,'2013-01-08 21:00:02','3404','金华市','AREA',201301000179),
 (201301000514,'2013-01-08 21:00:24',0x01,0x01,'2013-01-08 21:00:24','3405','丽水市','AREA',201301000179),
 (201301000515,'2013-01-08 21:00:44',0x01,0x01,'2013-01-08 21:00:44','3406','宁波市','AREA',201301000179),
 (201301000516,'2013-01-08 21:01:00',0x01,0x01,'2013-01-08 21:01:00','3407','衢州市','AREA',201301000179),
 (201301000517,'2013-01-08 21:01:17',0x01,0x01,'2013-01-08 21:01:17','3408','绍兴市','AREA',201301000179),
 (201301000518,'2013-01-08 21:01:33',0x01,0x01,'2013-01-08 21:01:33','3409','台州市','AREA',201301000179),
 (201301000519,'2013-01-08 21:01:49',0x01,0x01,'2013-01-08 21:01:49','3410','温州市','AREA',201301000179),
 (201301000520,'2013-01-08 21:02:04',0x01,0x01,'2013-01-08 21:02:04','3411','舟山市','AREA',201301000179),
 (201301000521,'2013-01-08 21:03:09',0x01,0x01,'2013-01-08 21:03:09','0201','北京市','AREA',201301000147),
 (201301000522,'2013-01-08 21:03:33',0x01,0x01,'2013-01-08 21:03:33','3001','天津市','AREA',201301000175),
 (201301000523,'2013-01-08 21:04:00',0x01,0x01,'2013-01-08 21:04:00','2601','上海市','AREA',201301000171),
 (201301000524,'2013-01-08 21:04:25',0x01,0x01,'2013-01-08 21:04:25','0301','重庆市','AREA',201301000148),
 (201303000001,'2013-03-13 00:31:05',0x01,0x01,'2013-03-13 00:31:05','01','个','UNIT',NULL),
 (201303000002,'2013-03-13 00:36:47',0x01,0x01,'2013-03-13 00:36:47','01','件','PRODUCT',NULL),
 (201303000003,'2013-03-16 08:45:05',0x01,0x01,'2013-03-16 08:45:05','02','裙子','PRODUCT',NULL),
 (201303000004,'2013-03-16 08:45:30',0x01,0x01,'2013-03-16 08:45:30','02','件','UNIT',NULL);
/*!40000 ALTER TABLE `base_category` ENABLE KEYS */;


--
-- Definition of table `base_company`
--

DROP TABLE IF EXISTS `base_company`;
CREATE TABLE `base_company` (
  `id` bigint(20) NOT NULL,
  `createTime` varchar(255) NOT NULL,
  `flag` bit(1) NOT NULL,
  `status` bit(1) NOT NULL,
  `updateTime` varchar(255) NOT NULL,
  `address` varchar(255) DEFAULT NULL,
  `badd` varchar(255) DEFAULT NULL,
  `bcode` varchar(255) DEFAULT NULL,
  `bman` varchar(255) DEFAULT NULL,
  `bname` varchar(255) DEFAULT NULL,
  `code` varchar(255) NOT NULL,
  `email` varchar(255) DEFAULT NULL,
  `fax` varchar(255) DEFAULT NULL,
  `linkman` varchar(255) DEFAULT NULL,
  `mobile` varchar(255) DEFAULT NULL,
  `name` varchar(255) NOT NULL,
  `phone` varchar(255) DEFAULT NULL,
  `postcode` varchar(255) DEFAULT NULL,
  `qq` varchar(255) DEFAULT NULL,
  `shortName` varchar(255) DEFAULT NULL,
  `tel` varchar(255) DEFAULT NULL,
  `web` varchar(255) DEFAULT NULL,
  `fk_city_id` bigint(20) DEFAULT NULL,
  `fk_province_id` bigint(20) DEFAULT NULL,
  `fk_company_id` bigint(20) DEFAULT NULL,
  `nature` varchar(10) NOT NULL,
  `fk_vocation_id` bigint(20) DEFAULT NULL,
  PRIMARY KEY (`id`),
  UNIQUE KEY `id` (`id`),
  UNIQUE KEY `code` (`code`),
  KEY `FK5DDD890FD1CC81EA` (`fk_province_id`),
  KEY `FK5DDD890F46B61FF3` (`fk_company_id`),
  KEY `FK5DDD890FC4FCD8CF` (`fk_city_id`),
  KEY `FK5DDD890F37A7FECF` (`fk_vocation_id`),
  CONSTRAINT `FK5DDD890F37A7FECF` FOREIGN KEY (`fk_vocation_id`) REFERENCES `base_category` (`id`),
  CONSTRAINT `FK5DDD890F46B61FF3` FOREIGN KEY (`fk_company_id`) REFERENCES `base_company` (`id`),
  CONSTRAINT `FK5DDD890FC4FCD8CF` FOREIGN KEY (`fk_city_id`) REFERENCES `base_category` (`id`),
  CONSTRAINT `FK5DDD890FD1CC81EA` FOREIGN KEY (`fk_province_id`) REFERENCES `base_category` (`id`)
) ENGINE=InnoDB DEFAULT CHARSET=utf8;

--
-- Dumping data for table `base_company`
--

/*!40000 ALTER TABLE `base_company` DISABLE KEYS */;
/*!40000 ALTER TABLE `base_company` ENABLE KEYS */;


--
-- Definition of table `base_customer`
--

DROP TABLE IF EXISTS `base_customer`;
CREATE TABLE `base_customer` (
  `id` bigint(20) NOT NULL,
  `createTime` varchar(255) NOT NULL,
  `flag` bit(1) NOT NULL,
  `status` bit(1) NOT NULL,
  `updateTime` varchar(255) NOT NULL,
  `address` varchar(255) DEFAULT NULL,
  `badd` varchar(255) DEFAULT NULL,
  `bcode` varchar(255) DEFAULT NULL,
  `bman` varchar(255) DEFAULT NULL,
  `bname` varchar(255) DEFAULT NULL,
  `code` varchar(255) NOT NULL,
  `email` varchar(255) DEFAULT NULL,
  `fax` varchar(255) DEFAULT NULL,
  `linkman` varchar(255) DEFAULT NULL,
  `mobile` varchar(255) DEFAULT NULL,
  `name` varchar(255) NOT NULL,
  `phone` varchar(255) DEFAULT NULL,
  `postcode` varchar(255) DEFAULT NULL,
  `qq` varchar(255) DEFAULT NULL,
  `shortName` varchar(255) DEFAULT NULL,
  `tel` varchar(255) DEFAULT NULL,
  `web` varchar(255) DEFAULT NULL,
  `fk_city_id` bigint(20) DEFAULT NULL,
  `fk_province_id` bigint(20) DEFAULT NULL,
  `fk_sort_id` bigint(20) DEFAULT NULL,
  PRIMARY KEY (`id`),
  UNIQUE KEY `id` (`id`),
  UNIQUE KEY `code` (`code`),
  KEY `FKA5B4C58C1D7F2BBC` (`fk_sort_id`),
  KEY `FKA5B4C58CD1CC81EA` (`fk_province_id`),
  KEY `FKA5B4C58CC4FCD8CF` (`fk_city_id`),
  CONSTRAINT `FKA5B4C58C1D7F2BBC` FOREIGN KEY (`fk_sort_id`) REFERENCES `base_category` (`id`),
  CONSTRAINT `FKA5B4C58CC4FCD8CF` FOREIGN KEY (`fk_city_id`) REFERENCES `base_category` (`id`),
  CONSTRAINT `FKA5B4C58CD1CC81EA` FOREIGN KEY (`fk_province_id`) REFERENCES `base_category` (`id`)
) ENGINE=InnoDB DEFAULT CHARSET=utf8;

--
-- Dumping data for table `base_customer`
--

/*!40000 ALTER TABLE `base_customer` DISABLE KEYS */;
INSERT INTO `base_customer` (`id`,`createTime`,`flag`,`status`,`updateTime`,`address`,`badd`,`bcode`,`bman`,`bname`,`code`,`email`,`fax`,`linkman`,`mobile`,`name`,`phone`,`postcode`,`qq`,`shortName`,`tel`,`web`,`fk_city_id`,`fk_province_id`,`fk_sort_id`) VALUES 
 (201303000001,'2013-03-11 22:58:13',0x01,0x01,'2013-03-12 00:00:15','中山八路78号','三乡镇文昌路47号','9558802011112994908','杜永生','工商银行','201300006','llhua@sina.com','0760-8554130','雷丽华','13178698994','广东京通资讯科技有限公司','0760-86685628','528463','459938018','京通科技','0760-23328389','http://www.gdtextiles.com/',201301000203,201301000149,201301000073),
 (201303000002,'2013-03-16 08:42:45',0x01,0x01,'2013-03-16 08:42:45','文昌东路51',NULL,NULL,NULL,NULL,'201300007',NULL,NULL,NULL,NULL,'三乡车站','0760-23386601',NULL,NULL,'三乡车站','0760-23386601',NULL,201301000220,201301000151,201301000079);
/*!40000 ALTER TABLE `base_customer` ENABLE KEYS */;


--
-- Definition of table `base_customer_log`
--

DROP TABLE IF EXISTS `base_customer_log`;
CREATE TABLE `base_customer_log` (
  `id` bigint(20) NOT NULL,
  `createTime` varchar(255) NOT NULL,
  `flag` bit(1) NOT NULL,
  `status` bit(1) NOT NULL,
  `updateTime` varchar(255) NOT NULL,
  `context` varchar(255) NOT NULL,
  `fk_customer_id` bigint(20) DEFAULT NULL,
  `fk_employee_id` bigint(20) DEFAULT NULL,
  PRIMARY KEY (`id`),
  UNIQUE KEY `id` (`id`),
  KEY `FK8BABF211FD4C895C` (`fk_customer_id`),
  KEY `FK8BABF2114FB4DAC1` (`fk_employee_id`),
  CONSTRAINT `FK8BABF2114FB4DAC1` FOREIGN KEY (`fk_employee_id`) REFERENCES `base_employee` (`id`),
  CONSTRAINT `FK8BABF211FD4C895C` FOREIGN KEY (`fk_customer_id`) REFERENCES `base_customer` (`id`)
) ENGINE=InnoDB DEFAULT CHARSET=utf8;

--
-- Dumping data for table `base_customer_log`
--

/*!40000 ALTER TABLE `base_customer_log` DISABLE KEYS */;
/*!40000 ALTER TABLE `base_customer_log` ENABLE KEYS */;


--
-- Definition of table `base_customer_plan`
--

DROP TABLE IF EXISTS `base_customer_plan`;
CREATE TABLE `base_customer_plan` (
  `id` bigint(20) NOT NULL,
  `createTime` varchar(255) NOT NULL,
  `flag` bit(1) NOT NULL,
  `status` bit(1) NOT NULL,
  `updateTime` varchar(255) NOT NULL,
  `context` varchar(255) NOT NULL,
  `sort` varchar(255) NOT NULL,
  `fk_customer_id` bigint(20) DEFAULT NULL,
  `fk_employee_id` bigint(20) DEFAULT NULL,
  PRIMARY KEY (`id`),
  UNIQUE KEY `id` (`id`),
  KEY `FKE9D415FCFD4C895C` (`fk_customer_id`),
  KEY `FKE9D415FC4FB4DAC1` (`fk_employee_id`),
  CONSTRAINT `FKE9D415FC4FB4DAC1` FOREIGN KEY (`fk_employee_id`) REFERENCES `base_employee` (`id`),
  CONSTRAINT `FKE9D415FCFD4C895C` FOREIGN KEY (`fk_customer_id`) REFERENCES `base_customer` (`id`)
) ENGINE=InnoDB DEFAULT CHARSET=utf8;

--
-- Dumping data for table `base_customer_plan`
--

/*!40000 ALTER TABLE `base_customer_plan` DISABLE KEYS */;
/*!40000 ALTER TABLE `base_customer_plan` ENABLE KEYS */;


--
-- Definition of table `base_employee`
--

DROP TABLE IF EXISTS `base_employee`;
CREATE TABLE `base_employee` (
  `id` bigint(20) NOT NULL,
  `createTime` varchar(255) NOT NULL,
  `flag` bit(1) NOT NULL,
  `status` bit(1) NOT NULL,
  `updateTime` varchar(255) NOT NULL,
  `blood` varchar(255) DEFAULT NULL,
  `born` varchar(255) DEFAULT NULL,
  `email` varchar(255) DEFAULT NULL,
  `height` varchar(255) DEFAULT NULL,
  `love` varchar(255) DEFAULT NULL,
  `mobile` varchar(255) DEFAULT NULL,
  `name` varchar(255) DEFAULT NULL,
  `phone` varchar(255) DEFAULT NULL,
  `postcode` varchar(255) DEFAULT NULL,
  `qq` varchar(255) DEFAULT NULL,
  `sex` varchar(255) NOT NULL,
  `weight` varchar(255) DEFAULT NULL,
  `code` varchar(255) NOT NULL,
  `idcard` varchar(255) NOT NULL,
  `fk_department_id` bigint(20) DEFAULT NULL,
  `fk_duty_id` bigint(20) DEFAULT NULL,
  `fk_idtype_id` bigint(20) DEFAULT NULL,
  `badd` varchar(100) DEFAULT NULL,
  `bcode` varchar(25) DEFAULT NULL,
  `bman` varchar(20) DEFAULT NULL,
  `bname` varchar(50) DEFAULT NULL,
  `fk_nation_id` bigint(20) DEFAULT NULL,
  `fk_polity_id` bigint(20) DEFAULT NULL,
  `address` varchar(50) DEFAULT NULL,
  `photo` varchar(255) DEFAULT NULL,
  `fk_city_id` bigint(20) DEFAULT NULL,
  `fk_province_id` bigint(20) DEFAULT NULL,
  `degree` varchar(10) DEFAULT NULL,
  `school` varchar(30) DEFAULT NULL,
  `specialty` varchar(30) DEFAULT NULL,
  PRIMARY KEY (`id`),
  UNIQUE KEY `id` (`id`),
  UNIQUE KEY `code` (`code`),
  UNIQUE KEY `idcard` (`idcard`),
  KEY `FKC8B62C5C72E77BF3` (`fk_nation_id`),
  KEY `FKC8B62C5CA2DA69B9` (`fk_polity_id`),
  KEY `FKC8B62C5CE08C61A5` (`fk_idtype_id`),
  KEY `FKC8B62C5CE5D3B84` (`fk_duty_id`),
  KEY `FKC8B62C5C352E1508` (`fk_department_id`),
  KEY `FKC8B62C5CD1CC81EA` (`fk_province_id`),
  KEY `FKC8B62C5CC4FCD8CF` (`fk_city_id`),
  CONSTRAINT `FKC8B62C5C352E1508` FOREIGN KEY (`fk_department_id`) REFERENCES `base_category` (`id`),
  CONSTRAINT `FKC8B62C5C72E77BF3` FOREIGN KEY (`fk_nation_id`) REFERENCES `base_category` (`id`),
  CONSTRAINT `FKC8B62C5CA2DA69B9` FOREIGN KEY (`fk_polity_id`) REFERENCES `base_category` (`id`),
  CONSTRAINT `FKC8B62C5CC4FCD8CF` FOREIGN KEY (`fk_city_id`) REFERENCES `base_category` (`id`),
  CONSTRAINT `FKC8B62C5CD1CC81EA` FOREIGN KEY (`fk_province_id`) REFERENCES `base_category` (`id`),
  CONSTRAINT `FKC8B62C5CE08C61A5` FOREIGN KEY (`fk_idtype_id`) REFERENCES `base_category` (`id`),
  CONSTRAINT `FKC8B62C5CE5D3B84` FOREIGN KEY (`fk_duty_id`) REFERENCES `base_category` (`id`)
) ENGINE=InnoDB DEFAULT CHARSET=utf8;

--
-- Dumping data for table `base_employee`
--

/*!40000 ALTER TABLE `base_employee` DISABLE KEYS */;
INSERT INTO `base_employee` (`id`,`createTime`,`flag`,`status`,`updateTime`,`blood`,`born`,`email`,`height`,`love`,`mobile`,`name`,`phone`,`postcode`,`qq`,`sex`,`weight`,`code`,`idcard`,`fk_department_id`,`fk_duty_id`,`fk_idtype_id`,`badd`,`bcode`,`bman`,`bname`,`fk_nation_id`,`fk_polity_id`,`address`,`photo`,`fk_city_id`,`fk_province_id`,`degree`,`school`,`specialty`) VALUES 
 (201209000001,'2012-09-09 09:30:39',0x01,0x01,'2013-01-07 23:11:12','O','1985-10-10','duloveping@qq.com','123','打球','13652220051','杜永生','0760-86323161','528403','419116736','MALE','140','20120001','441621198510082231',201301000001,201301000006,201301000065,'三乡镇文昌路','9558802011112995902','杜永生','工商银行',201301000009,201301000115,'三乡镇三合村三合路一巷10号','/resource/manual/employee2013/01/07/1357570356029.jpg',201301000008,201301000007,NULL,NULL,NULL);
/*!40000 ALTER TABLE `base_employee` ENABLE KEYS */;


--
-- Definition of table `base_linkman`
--

DROP TABLE IF EXISTS `base_linkman`;
CREATE TABLE `base_linkman` (
  `id` bigint(20) NOT NULL,
  `createTime` varchar(255) NOT NULL,
  `flag` bit(1) NOT NULL,
  `status` bit(1) NOT NULL,
  `updateTime` varchar(255) NOT NULL,
  `email` varchar(50) DEFAULT NULL,
  `mobile` varchar(20) DEFAULT NULL,
  `name` varchar(20) NOT NULL,
  `phone` varchar(20) DEFAULT NULL,
  `qq` varchar(20) DEFAULT NULL,
  `dataId` bigint(20) NOT NULL,
  `sort` varchar(255) NOT NULL,
  `company` varchar(20) DEFAULT NULL,
  `duty` varchar(10) DEFAULT NULL,
  `fk_relation_id` bigint(20) DEFAULT NULL,
  PRIMARY KEY (`id`),
  UNIQUE KEY `id` (`id`),
  KEY `FK2FC487B28F9EAF9E` (`fk_relation_id`),
  CONSTRAINT `FK2FC487B28F9EAF9E` FOREIGN KEY (`fk_relation_id`) REFERENCES `base_category` (`id`)
) ENGINE=InnoDB DEFAULT CHARSET=utf8;

--
-- Dumping data for table `base_linkman`
--

/*!40000 ALTER TABLE `base_linkman` DISABLE KEYS */;
INSERT INTO `base_linkman` (`id`,`createTime`,`flag`,`status`,`updateTime`,`email`,`mobile`,`name`,`phone`,`qq`,`dataId`,`sort`,`company`,`duty`,`fk_relation_id`) VALUES 
 (201303000004,'2013-03-12 00:00:15',0x01,0x01,'2013-03-12 00:00:15',NULL,'13652220051','杜永生','0760-88617198',NULL,201303000001,'CUSTOMER','研发中心','软件工程师',NULL),
 (201303000005,'2013-03-12 00:00:15',0x01,0x01,'2013-03-12 00:00:15',NULL,'13652220000','李小明','0760-88617199',NULL,201303000001,'CUSTOMER','行政部','行政助理',NULL);
/*!40000 ALTER TABLE `base_linkman` ENABLE KEYS */;


--
-- Definition of table `base_material`
--

DROP TABLE IF EXISTS `base_material`;
CREATE TABLE `base_material` (
  `id` bigint(20) NOT NULL,
  `createTime` varchar(255) NOT NULL,
  `flag` bit(1) NOT NULL,
  `status` bit(1) NOT NULL,
  `updateTime` varchar(255) NOT NULL,
  `code` varchar(255) NOT NULL,
  `model` varchar(50) DEFAULT NULL,
  `name` varchar(255) NOT NULL,
  `price` double DEFAULT NULL,
  `spec` varchar(50) DEFAULT NULL,
  `fk_category_id` bigint(20) DEFAULT NULL,
  `fk_provider_id` bigint(20) DEFAULT NULL,
  `fk_unit_id` bigint(20) DEFAULT NULL,
  `brand` varchar(20) DEFAULT NULL,
  `caption` varchar(255) DEFAULT NULL,
  `color` varchar(20) DEFAULT NULL,
  `photo` varchar(255) DEFAULT NULL,
  `density` varchar(20) DEFAULT NULL,
  `dye` varchar(20) DEFAULT NULL,
  `element` varchar(20) DEFAULT NULL,
  `gauze` varchar(20) DEFAULT NULL,
  `produce` varchar(20) DEFAULT NULL,
  `tricot` varchar(20) DEFAULT NULL,
  `weight` varchar(20) DEFAULT NULL,
  `width` varchar(20) DEFAULT NULL,
  PRIMARY KEY (`id`),
  UNIQUE KEY `id` (`id`),
  UNIQUE KEY `code` (`code`),
  KEY `FK9366AAD582FF6C7C` (`fk_provider_id`),
  KEY `FK9366AAD5A175F55C` (`fk_category_id`),
  KEY `FK9366AAD58517F616` (`fk_unit_id`),
  CONSTRAINT `FK9366AAD582FF6C7C` FOREIGN KEY (`fk_provider_id`) REFERENCES `base_provider` (`id`),
  CONSTRAINT `FK9366AAD58517F616` FOREIGN KEY (`fk_unit_id`) REFERENCES `base_category` (`id`),
  CONSTRAINT `FK9366AAD5A175F55C` FOREIGN KEY (`fk_category_id`) REFERENCES `base_category` (`id`)
) ENGINE=InnoDB DEFAULT CHARSET=utf8;

--
-- Dumping data for table `base_material`
--

/*!40000 ALTER TABLE `base_material` DISABLE KEYS */;
INSERT INTO `base_material` (`id`,`createTime`,`flag`,`status`,`updateTime`,`code`,`model`,`name`,`price`,`spec`,`fk_category_id`,`fk_provider_id`,`fk_unit_id`,`brand`,`caption`,`color`,`photo`,`density`,`dye`,`element`,`gauze`,`produce`,`tricot`,`weight`,`width`) VALUES 
 (201303000001,'2013-03-13 00:31:32',0x01,0x01,'2013-03-13 00:31:32','201300006',NULL,'物料01',10,NULL,201301000142,201303000001,201303000001,NULL,NULL,NULL,NULL,NULL,NULL,NULL,NULL,NULL,NULL,NULL,NULL),
 (201303000002,'2013-03-16 16:23:04',0x01,0x01,'2013-03-17 15:34:09','201300007',NULL,'20D闪光平布',2.2,'码',201301000126,201303000002,201303000001,NULL,NULL,NULL,NULL,NULL,NULL,NULL,NULL,NULL,NULL,NULL,NULL);
/*!40000 ALTER TABLE `base_material` ENABLE KEYS */;


--
-- Definition of table `base_product`
--

DROP TABLE IF EXISTS `base_product`;
CREATE TABLE `base_product` (
  `id` bigint(20) NOT NULL,
  `createTime` varchar(255) NOT NULL,
  `flag` bit(1) NOT NULL,
  `status` bit(1) NOT NULL,
  `updateTime` varchar(255) NOT NULL,
  `code` varchar(255) NOT NULL,
  `name` varchar(255) NOT NULL,
  `price` double NOT NULL,
  `type` varchar(255) NOT NULL,
  `fk_sort_id` bigint(20) DEFAULT NULL,
  `fk_unit_id` bigint(20) DEFAULT NULL,
  `caption` varchar(255) DEFAULT NULL,
  `photo` varchar(255) DEFAULT NULL,
  `fk_customer_id` bigint(20) DEFAULT NULL,
  `cost` double DEFAULT NULL,
  PRIMARY KEY (`id`),
  UNIQUE KEY `id` (`id`),
  UNIQUE KEY `code` (`code`),
  KEY `FK12C419811D7F2BBC` (`fk_sort_id`),
  KEY `FK12C419818517F616` (`fk_unit_id`),
  KEY `FK12C41981FD4C895C` (`fk_customer_id`),
  CONSTRAINT `FK12C419811D7F2BBC` FOREIGN KEY (`fk_sort_id`) REFERENCES `base_category` (`id`),
  CONSTRAINT `FK12C419818517F616` FOREIGN KEY (`fk_unit_id`) REFERENCES `base_category` (`id`),
  CONSTRAINT `FK12C41981FD4C895C` FOREIGN KEY (`fk_customer_id`) REFERENCES `base_customer` (`id`)
) ENGINE=InnoDB DEFAULT CHARSET=utf8;

--
-- Dumping data for table `base_product`
--

/*!40000 ALTER TABLE `base_product` DISABLE KEYS */;
INSERT INTO `base_product` (`id`,`createTime`,`flag`,`status`,`updateTime`,`code`,`name`,`price`,`type`,`fk_sort_id`,`fk_unit_id`,`caption`,`photo`,`fk_customer_id`,`cost`) VALUES 
 (201303000001,'2013-03-13 00:37:20',0x01,0x01,'2013-03-13 00:37:20','201300037','衣服',120,'INSIDE',201303000002,201303000001,NULL,NULL,NULL,NULL),
 (201303000002,'2013-03-16 08:46:56',0x01,0x01,'2013-03-20 21:48:39','201300038','英伦范儿百褶裙',60,'INSIDE',201303000003,201303000004,NULL,NULL,NULL,13.05),
 (201303000004,'2013-03-16 08:53:33',0x01,0x01,'2013-03-21 22:35:50','201300040','女生抹胸裙裸露',65,'INSIDE',201303000003,201303000004,NULL,NULL,NULL,13.55);
/*!40000 ALTER TABLE `base_product` ENABLE KEYS */;


--
-- Definition of table `base_prov_mate`
--

DROP TABLE IF EXISTS `base_prov_mate`;
CREATE TABLE `base_prov_mate` (
  `id` bigint(20) NOT NULL,
  `createTime` varchar(255) NOT NULL,
  `flag` bit(1) NOT NULL,
  `status` bit(1) NOT NULL,
  `updateTime` varchar(255) NOT NULL,
  `fk_material_id` bigint(20) DEFAULT NULL,
  `fk_provider_id` bigint(20) DEFAULT NULL,
  PRIMARY KEY (`id`),
  UNIQUE KEY `id` (`id`),
  UNIQUE KEY `fk_provider_id` (`fk_provider_id`,`fk_material_id`),
  KEY `FK8FA9462D82FF6C7C` (`fk_provider_id`),
  KEY `FK8FA9462DBBE798BC` (`fk_material_id`),
  CONSTRAINT `FK8FA9462D82FF6C7C` FOREIGN KEY (`fk_provider_id`) REFERENCES `base_provider` (`id`),
  CONSTRAINT `FK8FA9462DBBE798BC` FOREIGN KEY (`fk_material_id`) REFERENCES `base_material` (`id`)
) ENGINE=InnoDB DEFAULT CHARSET=utf8;

--
-- Dumping data for table `base_prov_mate`
--

/*!40000 ALTER TABLE `base_prov_mate` DISABLE KEYS */;
/*!40000 ALTER TABLE `base_prov_mate` ENABLE KEYS */;


--
-- Definition of table `base_provider`
--

DROP TABLE IF EXISTS `base_provider`;
CREATE TABLE `base_provider` (
  `id` bigint(20) NOT NULL,
  `createTime` varchar(255) NOT NULL,
  `flag` bit(1) NOT NULL,
  `status` bit(1) NOT NULL,
  `updateTime` varchar(255) NOT NULL,
  `address` varchar(255) DEFAULT NULL,
  `badd` varchar(255) DEFAULT NULL,
  `bcode` varchar(255) DEFAULT NULL,
  `bman` varchar(255) DEFAULT NULL,
  `bname` varchar(255) DEFAULT NULL,
  `code` varchar(255) NOT NULL,
  `email` varchar(255) DEFAULT NULL,
  `fax` varchar(255) DEFAULT NULL,
  `linkman` varchar(255) DEFAULT NULL,
  `mobile` varchar(255) DEFAULT NULL,
  `name` varchar(255) NOT NULL,
  `phone` varchar(255) DEFAULT NULL,
  `postcode` varchar(255) DEFAULT NULL,
  `qq` varchar(255) DEFAULT NULL,
  `shortName` varchar(255) DEFAULT NULL,
  `tel` varchar(255) DEFAULT NULL,
  `web` varchar(255) DEFAULT NULL,
  `fk_city_id` bigint(20) DEFAULT NULL,
  `fk_province_id` bigint(20) DEFAULT NULL,
  PRIMARY KEY (`id`),
  UNIQUE KEY `id` (`id`),
  UNIQUE KEY `code` (`code`),
  KEY `FK46B74B9FD1CC81EA` (`fk_province_id`),
  KEY `FK46B74B9FC4FCD8CF` (`fk_city_id`),
  CONSTRAINT `FK46B74B9FC4FCD8CF` FOREIGN KEY (`fk_city_id`) REFERENCES `base_category` (`id`),
  CONSTRAINT `FK46B74B9FD1CC81EA` FOREIGN KEY (`fk_province_id`) REFERENCES `base_category` (`id`)
) ENGINE=InnoDB DEFAULT CHARSET=utf8;

--
-- Dumping data for table `base_provider`
--

/*!40000 ALTER TABLE `base_provider` DISABLE KEYS */;
INSERT INTO `base_provider` (`id`,`createTime`,`flag`,`status`,`updateTime`,`address`,`badd`,`bcode`,`bman`,`bname`,`code`,`email`,`fax`,`linkman`,`mobile`,`name`,`phone`,`postcode`,`qq`,`shortName`,`tel`,`web`,`fk_city_id`,`fk_province_id`) VALUES 
 (201303000001,'2013-03-13 00:30:24',0x01,0x01,'2013-03-13 00:30:24',NULL,NULL,NULL,NULL,NULL,'201300016',NULL,NULL,NULL,NULL,'供应商01',NULL,NULL,NULL,NULL,NULL,NULL,NULL,NULL),
 (201303000002,'2013-03-16 16:16:22',0x01,0x01,'2013-03-16 16:16:53','三乡镇大布城桂工业中心',NULL,NULL,NULL,NULL,'201300017','yuxaing769@163.com',NULL,'王小姐','13434505720','广东皮料进口清关代理公司','0760-85564117','528463','82612836','广东清关',NULL,NULL,201301000220,201301000151);
/*!40000 ALTER TABLE `base_provider` ENABLE KEYS */;


--
-- Definition of table `base_storage`
--

DROP TABLE IF EXISTS `base_storage`;
CREATE TABLE `base_storage` (
  `id` bigint(20) NOT NULL,
  `createTime` varchar(255) NOT NULL,
  `flag` bit(1) NOT NULL,
  `status` bit(1) NOT NULL,
  `updateTime` varchar(255) NOT NULL,
  `amount` double NOT NULL,
  `dataId` bigint(20) NOT NULL,
  `down` double DEFAULT NULL,
  `name` varchar(50) NOT NULL,
  `size` varchar(10) DEFAULT NULL,
  `sort` varchar(10) NOT NULL,
  `state` varchar(10) DEFAULT NULL,
  `storeId` bigint(20) NOT NULL,
  `up` double DEFAULT NULL,
  PRIMARY KEY (`id`),
  UNIQUE KEY `id` (`id`)
) ENGINE=InnoDB DEFAULT CHARSET=utf8;

--
-- Dumping data for table `base_storage`
--

/*!40000 ALTER TABLE `base_storage` DISABLE KEYS */;
INSERT INTO `base_storage` (`id`,`createTime`,`flag`,`status`,`updateTime`,`amount`,`dataId`,`down`,`name`,`size`,`sort`,`state`,`storeId`,`up`) VALUES 
 (201303000013,'2013-03-13 22:09:13',0x01,0x01,'2013-03-13 22:09:13',10,201303000001,NULL,'衣服','XL','PRODUCT',NULL,201303000001,NULL),
 (201303000014,'2013-03-13 22:22:25',0x01,0x01,'2013-03-13 22:22:25',100,201303000001,NULL,'衣服',NULL,'PRODUCT',NULL,201303000001,NULL),
 (201303000015,'2013-03-13 22:29:10',0x01,0x01,'2013-03-13 22:29:10',100,201303000001,NULL,'衣服','M','PRODUCT',NULL,201303000001,NULL),
 (201303000016,'2013-03-13 22:29:23',0x01,0x01,'2013-03-13 22:29:23',159,201303000001,NULL,'物料01',NULL,'MATERIAL',NULL,201303000001,NULL),
 (201303000017,'2013-03-17 15:34:09',0x01,0x01,'2013-03-17 15:34:09',10,201303000002,NULL,'20D闪光平布码',NULL,'MATERIAL',NULL,201303000001,NULL);
/*!40000 ALTER TABLE `base_storage` ENABLE KEYS */;


--
-- Definition of table `base_store`
--

DROP TABLE IF EXISTS `base_store`;
CREATE TABLE `base_store` (
  `id` bigint(20) NOT NULL,
  `createTime` varchar(20) NOT NULL,
  `flag` bit(1) NOT NULL,
  `status` bit(1) NOT NULL,
  `updateTime` varchar(20) NOT NULL,
  `name` varchar(20) NOT NULL,
  PRIMARY KEY (`id`),
  UNIQUE KEY `id` (`id`)
) ENGINE=InnoDB DEFAULT CHARSET=utf8;

--
-- Dumping data for table `base_store`
--

/*!40000 ALTER TABLE `base_store` DISABLE KEYS */;
INSERT INTO `base_store` (`id`,`createTime`,`flag`,`status`,`updateTime`,`name`) VALUES 
 (201303000001,'2013-03-13 20:25:57',0x01,0x01,'2013-03-13 20:25:57','总仓库');
/*!40000 ALTER TABLE `base_store` ENABLE KEYS */;


--
-- Definition of table `base_work`
--

DROP TABLE IF EXISTS `base_work`;
CREATE TABLE `base_work` (
  `id` bigint(20) NOT NULL COMMENT '流水号',
  `createtime` varchar(20) NOT NULL COMMENT '创建时间',
  `updatetime` varchar(20) NOT NULL COMMENT '更新时间',
  `flag` bit(1) NOT NULL COMMENT '标记',
  `status` bit(1) NOT NULL COMMENT '状态',
  `code` varchar(10) NOT NULL COMMENT '编号',
  `name` varchar(50) NOT NULL COMMENT '名称',
  `price` decimal(12,2) NOT NULL COMMENT '价格',
  `remark` varchar(50) DEFAULT NULL COMMENT '备注',
  PRIMARY KEY (`id`),
  UNIQUE KEY `id` (`id`),
  UNIQUE KEY `uq_base_work_code` (`code`)
) ENGINE=InnoDB DEFAULT CHARSET=utf8;

--
-- Dumping data for table `base_work`
--

/*!40000 ALTER TABLE `base_work` DISABLE KEYS */;
INSERT INTO `base_work` (`id`,`createtime`,`updatetime`,`flag`,`status`,`code`,`name`,`price`,`remark`) VALUES 
 (201303000004,'2013-03-20 20:47:38','2013-03-20 20:47:38',0x01,0x01,'201300005','袖子','0.35',NULL),
 (201303000005,'2013-03-20 20:48:11','2013-03-20 20:48:11',0x01,0x01,'201300006','衣领','0.25',NULL),
 (201303000006,'2013-03-20 20:48:44','2013-03-20 20:48:44',0x01,0x01,'201300007','剪板','0.50',NULL),
 (201303000007,'2013-03-20 20:49:09','2013-03-20 20:49:25',0x01,0x01,'201300008','针车','0.25',NULL);
/*!40000 ALTER TABLE `base_work` ENABLE KEYS */;


--
-- Definition of table `bg_day_report`
--

DROP TABLE IF EXISTS `bg_day_report`;
CREATE TABLE `bg_day_report` (
  `id` bigint(20) NOT NULL,
  `createTime` varchar(255) NOT NULL,
  `flag` bit(1) NOT NULL,
  `status` bit(1) NOT NULL,
  `updateTime` varchar(255) NOT NULL,
  `afterEnd` varchar(255) DEFAULT NULL,
  `afterStart` varchar(255) DEFAULT NULL,
  `departId` bigint(20) NOT NULL,
  `departName` varchar(255) NOT NULL,
  `empCode` varchar(255) NOT NULL,
  `empId` bigint(20) NOT NULL,
  `empName` varchar(255) NOT NULL,
  `mornEnd` varchar(255) DEFAULT NULL,
  `mornStart` varchar(255) DEFAULT NULL,
  `nightEnd` varchar(255) DEFAULT NULL,
  `nightStart` varchar(255) DEFAULT NULL,
  `state` varchar(255) DEFAULT NULL,
  `workDate` varchar(255) DEFAULT NULL,
  PRIMARY KEY (`id`),
  UNIQUE KEY `id` (`id`)
) ENGINE=InnoDB DEFAULT CHARSET=utf8;

--
-- Dumping data for table `bg_day_report`
--

/*!40000 ALTER TABLE `bg_day_report` DISABLE KEYS */;
/*!40000 ALTER TABLE `bg_day_report` ENABLE KEYS */;


--
-- Definition of table `bg_month_report`
--

DROP TABLE IF EXISTS `bg_month_report`;
CREATE TABLE `bg_month_report` (
  `id` bigint(20) NOT NULL,
  `createTime` varchar(255) NOT NULL,
  `flag` bit(1) NOT NULL,
  `status` bit(1) NOT NULL,
  `updateTime` varchar(255) NOT NULL,
  `departId` bigint(20) NOT NULL,
  `departName` varchar(255) NOT NULL,
  `empCode` varchar(255) NOT NULL,
  `empId` bigint(20) NOT NULL,
  `empName` varchar(255) NOT NULL,
  `lateHour` decimal(10,2) DEFAULT NULL,
  `leaveHour` decimal(10,2) DEFAULT NULL,
  `noDays` decimal(10,2) DEFAULT NULL,
  `state` varchar(255) DEFAULT NULL,
  `workDate` varchar(255) DEFAULT NULL,
  `workDays` decimal(10,2) DEFAULT NULL,
  `workHour` decimal(10,2) DEFAULT NULL,
  PRIMARY KEY (`id`),
  UNIQUE KEY `id` (`id`)
) ENGINE=InnoDB DEFAULT CHARSET=utf8;

--
-- Dumping data for table `bg_month_report`
--

/*!40000 ALTER TABLE `bg_month_report` DISABLE KEYS */;
/*!40000 ALTER TABLE `bg_month_report` ENABLE KEYS */;


--
-- Definition of table `bg_produce_report`
--

DROP TABLE IF EXISTS `bg_produce_report`;
CREATE TABLE `bg_produce_report` (
  `id` bigint(20) NOT NULL,
  `createTime` varchar(255) NOT NULL,
  `flag` bit(1) NOT NULL,
  `status` bit(1) NOT NULL,
  `updateTime` varchar(255) NOT NULL,
  `amount` int(11) DEFAULT NULL,
  `departId` bigint(20) NOT NULL,
  `departName` varchar(255) NOT NULL,
  `empCode` varchar(255) NOT NULL,
  `empId` bigint(20) NOT NULL,
  `empName` varchar(255) NOT NULL,
  `orderId` bigint(20) DEFAULT NULL,
  `price` varchar(255) DEFAULT NULL,
  `proId` bigint(20) DEFAULT NULL,
  `proName` varchar(255) DEFAULT NULL,
  `state` varchar(255) DEFAULT NULL,
  `workDate` varchar(255) DEFAULT NULL,
  `workId` bigint(20) DEFAULT NULL,
  `workName` varchar(255) DEFAULT NULL,
  PRIMARY KEY (`id`),
  UNIQUE KEY `id` (`id`)
) ENGINE=InnoDB DEFAULT CHARSET=utf8;

--
-- Dumping data for table `bg_produce_report`
--

/*!40000 ALTER TABLE `bg_produce_report` DISABLE KEYS */;
/*!40000 ALTER TABLE `bg_produce_report` ENABLE KEYS */;


--
-- Definition of table `bg_wage_report`
--

DROP TABLE IF EXISTS `bg_wage_report`;
CREATE TABLE `bg_wage_report` (
  `id` bigint(20) NOT NULL,
  `createTime` varchar(255) NOT NULL,
  `flag` bit(1) NOT NULL,
  `status` bit(1) NOT NULL,
  `updateTime` varchar(255) NOT NULL,
  `allowance` decimal(10,2) DEFAULT NULL,
  `amerce` decimal(10,2) DEFAULT NULL,
  `basic` decimal(10,2) DEFAULT NULL,
  `bonus` decimal(10,2) DEFAULT NULL,
  `countwork` decimal(10,2) DEFAULT NULL,
  `departId` bigint(20) NOT NULL,
  `departName` varchar(255) NOT NULL,
  `empCode` varchar(255) NOT NULL,
  `empId` bigint(20) NOT NULL,
  `empName` varchar(255) NOT NULL,
  `fact` decimal(10,2) DEFAULT NULL,
  `insurance` decimal(10,2) DEFAULT NULL,
  `overtime` decimal(10,2) DEFAULT NULL,
  `percent` decimal(10,2) DEFAULT NULL,
  `revenue` decimal(10,2) DEFAULT NULL,
  `should` decimal(10,2) DEFAULT NULL,
  `state` varchar(255) DEFAULT NULL,
  `timework` decimal(10,2) DEFAULT NULL,
  PRIMARY KEY (`id`),
  UNIQUE KEY `id` (`id`)
) ENGINE=InnoDB DEFAULT CHARSET=utf8;

--
-- Dumping data for table `bg_wage_report`
--

/*!40000 ALTER TABLE `bg_wage_report` DISABLE KEYS */;
/*!40000 ALTER TABLE `bg_wage_report` ENABLE KEYS */;


--
-- Definition of table `sys_app_sequence`
--

DROP TABLE IF EXISTS `sys_app_sequence`;
CREATE TABLE `sys_app_sequence` (
  `id` bigint(20) unsigned NOT NULL AUTO_INCREMENT COMMENT '流水号ID',
  `createtime` varchar(20) NOT NULL COMMENT '创建时间',
  `updatetime` varchar(20) NOT NULL COMMENT '更新时间',
  `flag` tinyint(1) NOT NULL COMMENT '标记',
  `status` tinyint(1) NOT NULL COMMENT '状态',
  `enseqname` varchar(50) NOT NULL COMMENT '名称',
  `cnseqname` varchar(50) NOT NULL COMMENT '备注',
  `seqvalue` varchar(22) NOT NULL COMMENT '值',
  PRIMARY KEY (`id`),
  UNIQUE KEY `uq_sequence_id` (`enseqname`)
) ENGINE=InnoDB AUTO_INCREMENT=255 DEFAULT CHARSET=utf8;

--
-- Dumping data for table `sys_app_sequence`
--

/*!40000 ALTER TABLE `sys_app_sequence` DISABLE KEYS */;
INSERT INTO `sys_app_sequence` (`id`,`createtime`,`updatetime`,`flag`,`status`,`enseqname`,`cnseqname`,`seqvalue`) VALUES 
 (112,'2013-01-06 11:48:02','2013-01-07 17:59:38',1,1,'CATEGORY_DEPARTMENT','CATEGORY_DEPARTMENT','2'),
 (113,'2013-01-06 11:48:02','2013-01-11 21:35:22',1,1,'201301_BASE_CATEGORY','BASE_CATEGORY','601'),
 (114,'2013-01-06 15:12:46','2013-01-06 15:12:46',1,1,'CATEGORY_DEPARTMENT_01','CATEGORY_DEPARTMENT_01','1'),
 (115,'2013-01-06 15:16:58','2013-01-23 17:15:17',1,1,'201301_SYS_ROLE_MENU','SYS_ROLE_MENU','149'),
 (116,'2013-01-07 18:00:13','2013-01-07 18:00:13',1,1,'CATEGORY_DEPARTMENT_02','分类编号','1'),
 (117,'2013-01-07 18:00:49','2013-01-07 18:01:14',1,1,'CATEGORY_DUTY','分类编号','2'),
 (118,'2013-01-07 19:10:36','2013-01-08 14:59:12',1,1,'CATEGORY_AREA','分类编号','34'),
 (119,'2013-01-07 19:10:54','2013-01-08 15:08:25',1,1,'CATEGORY_AREA_01','分类编号','17'),
 (120,'2013-01-07 19:14:10','2013-01-07 19:25:57',1,1,'CATEGORY_NATION','分类编号','56'),
 (121,'2013-01-07 22:08:53','2013-01-07 22:10:54',1,1,'CATEGORY_CERTIFICATE','分类编号','8'),
 (122,'2013-01-07 22:11:30','2013-01-07 22:12:59',1,1,'CATEGORY_CUSTOMER','分类编号','7'),
 (123,'2013-01-07 22:13:54','2013-01-07 22:17:20',1,1,'CATEGORY_SELL','分类编号','8'),
 (124,'2013-01-07 22:16:52','2013-01-07 22:17:47',1,1,'CATEGORY_RECEIPT','分类编号','3'),
 (125,'2013-01-07 22:18:25','2013-01-07 22:24:02',1,1,'CATEGORY_PAY','分类编号','15'),
 (128,'2013-01-07 22:25:15','2013-01-07 22:26:18',1,1,'CATEGORY_ASK','分类编号','6'),
 (129,'2013-01-07 22:26:54','2013-01-07 22:27:24',1,1,'CATEGORY_POLITY','分类编号','3'),
 (137,'2013-01-08 15:11:36','2013-01-08 15:18:44',1,1,'CATEGORY_AREA_04','分类编号','17'),
 (138,'2013-01-08 15:21:01','2013-01-08 15:35:02',1,1,'CATEGORY_AREA_05','分类编号','14'),
 (139,'2013-01-08 15:38:03','2013-01-08 15:47:18',1,1,'CATEGORY_AREA_06','分类编号','21'),
 (140,'2013-01-08 15:48:20','2013-01-08 15:59:37',1,1,'CATEGORY_AREA_07','分类编号','14'),
 (141,'2013-01-08 16:11:23','2013-01-08 16:14:15',1,1,'CATEGORY_AREA_08','分类编号','9'),
 (142,'2013-01-08 16:15:08','2013-01-08 16:15:52',1,1,'CATEGORY_AREA_09','分类编号','3'),
 (143,'2013-01-08 16:17:26','2013-01-08 16:22:25',1,1,'CATEGORY_AREA_10','分类编号','11'),
 (144,'2013-01-08 16:23:43','2013-01-08 16:28:11',1,1,'CATEGORY_AREA_11','分类编号','13'),
 (145,'2013-01-08 16:29:28','2013-01-08 16:35:04',1,1,'CATEGORY_AREA_12','分类编号','17'),
 (146,'2013-01-08 16:37:00','2013-01-08 16:41:31',1,1,'CATEGORY_AREA_14','分类编号','13'),
 (147,'2013-01-08 16:51:40','2013-01-08 16:58:03',1,1,'CATEGORY_AREA_15','分类编号','13'),
 (148,'2013-01-08 17:10:52','2013-01-08 17:22:49',1,1,'CATEGORY_AREA_16','分类编号','12'),
 (149,'2013-01-08 19:41:07','2013-01-08 19:44:34',1,1,'CATEGORY_AREA_17','分类编号','13'),
 (150,'2013-01-08 19:45:44','2013-01-08 19:48:45',1,1,'CATEGORY_AREA_18','分类编号','11'),
 (151,'2013-01-08 19:49:20','2013-01-08 19:52:18',1,1,'CATEGORY_AREA_19','分类编号','9'),
 (152,'2013-01-08 19:49:38','2013-01-08 20:02:47',1,1,'CATEGORY_AREA_20','分类编号','14'),
 (153,'2013-01-08 20:09:32','2013-01-08 20:10:39',1,1,'CATEGORY_AREA_22','分类编号','5'),
 (154,'2013-01-08 20:12:44','2013-01-08 20:14:42',1,1,'CATEGORY_AREA_23','分类编号','8'),
 (155,'2013-01-08 20:15:16','2013-01-08 20:17:26',1,1,'CATEGORY_AREA_24','分类编号','10'),
 (156,'2013-01-08 20:20:03','2013-01-08 20:23:59',1,1,'CATEGORY_AREA_25','分类编号','17'),
 (157,'2013-01-08 20:27:12','2013-01-08 20:29:43',1,1,'CATEGORY_AREA_27','分类编号','11'),
 (158,'2013-01-08 20:33:17','2013-01-08 20:38:20',1,1,'CATEGORY_AREA_28','分类编号','21'),
 (159,'2013-01-08 20:40:51','2013-01-08 20:42:35',1,1,'CATEGORY_AREA_29','分类编号','7'),
 (160,'2013-01-08 20:44:50','2013-01-08 20:46:17',1,1,'CATEGORY_AREA_31','分类编号','7'),
 (161,'2013-01-08 20:49:15','2013-01-08 20:52:58',1,1,'CATEGORY_AREA_32','分类编号','14'),
 (162,'2013-01-08 20:54:06','2013-01-08 20:58:10',1,1,'CATEGORY_AREA_33','分类编号','16'),
 (163,'2013-01-08 20:59:14','2013-01-08 21:02:04',1,1,'CATEGORY_AREA_34','分类编号','11'),
 (164,'2013-01-08 21:03:09','2013-01-08 21:03:09',1,1,'CATEGORY_AREA_02','分类编号','1'),
 (165,'2013-01-08 21:03:33','2013-01-08 21:03:33',1,1,'CATEGORY_AREA_30','分类编号','1'),
 (166,'2013-01-08 21:04:00','2013-01-08 21:04:00',1,1,'CATEGORY_AREA_26','分类编号','1'),
 (167,'2013-01-08 21:04:25','2013-01-08 21:04:25',1,1,'CATEGORY_AREA_03','分类编号','1'),
 (169,'2013-01-09 11:40:07','2013-03-16 08:42:45',1,1,'2013_CUSTOMER','客户编号','7'),
 (171,'2013-01-09 14:24:52','2013-03-16 16:16:22',1,1,'2013_PROVIDER','供应商编号','17'),
 (174,'2013-01-10 11:02:16','2013-03-16 16:23:04',1,1,'2013_MATERIAL','物料编号','7'),
 (175,'2013-01-10 11:02:16','2013-01-19 10:10:50',1,1,'201301_BASE_MATERIAL','BASE_MATERIAL','5'),
 (177,'2013-01-10 22:14:21','2013-03-16 08:53:33',1,1,'2013_PRODUCT','产品编号','41'),
 (178,'2013-01-10 22:14:21','2013-01-11 19:20:30',1,1,'201301_BASE_PRODUCT','BASE_PRODUCT','36'),
 (188,'2013-01-16 12:02:54','2013-01-24 18:43:46',1,1,'201301_SELLORDER','销售订单编号','19'),
 (189,'2013-01-16 12:02:54','2013-01-24 18:47:37',1,1,'201301_XM_SELL_ORDER','XM_SELL_ORDER','13'),
 (190,'2013-01-16 17:00:41','2013-01-24 19:25:35',1,1,'201301_XM_SELL_ORDER_LIST','XM_SELL_ORDER_LIST','132'),
 (191,'2013-01-17 11:12:59','2013-01-24 18:47:38',1,1,'201301_BASE_ACCESSORY','BASE_ACCESSORY','16'),
 (192,'2013-01-17 17:49:19','2013-01-21 22:34:49',1,1,'201301_XM_AUDIT_MIND','XM_AUDIT_MIND','19'),
 (193,'2013-01-18 16:57:41','2013-01-21 14:58:20',1,1,'201301_SYS_MENU','SYS_MENU','11'),
 (194,'2013-01-18 23:32:16','2013-01-23 17:17:09',1,1,'201301_BUYPRICE','物料咨询单编号','19'),
 (195,'2013-01-19 00:05:38','2013-01-21 22:39:55',1,1,'201301_XM_BUY_PRICE','XM_BUY_PRICE','5'),
 (196,'2013-01-19 11:24:51','2013-01-21 22:39:55',1,1,'201301_XM_BUY_PRICE_LIST','XM_BUY_PRICE_LIST','50'),
 (197,'2013-01-21 16:33:18','2013-01-22 20:41:56',1,1,'201301_BUYORDER','物料采购单编号','27'),
 (198,'2013-01-21 18:50:07','2013-01-21 22:42:49',1,1,'201301_XM_BUY_ORDER','XM_BUY_ORDER','5'),
 (199,'2013-01-21 18:50:07','2013-01-21 22:42:49',1,1,'201301_XM_BUY_ORDER_LIST','XM_BUY_ORDER_LIST','29'),
 (200,'2013-02-20 15:04:57','2013-02-26 21:46:19',1,1,'201302_SELLORDER','销售订单编号','8'),
 (201,'2013-02-20 15:06:47','2013-02-26 21:46:49',1,1,'201302_XM_SELL_ORDER','XM_SELL_ORDER','4'),
 (202,'2013-02-20 15:06:48','2013-02-26 21:46:54',1,1,'201302_XM_SELL_ORDER_LIST','XM_SELL_ORDER_LIST','18'),
 (203,'2013-02-20 15:06:48','2013-02-26 23:03:48',1,1,'201302_BASE_ACCESSORY','BASE_ACCESSORY','8'),
 (204,'2013-02-21 20:45:38','2013-03-20 20:49:09',1,1,'2013_WORK','产品工序编号','8'),
 (205,'2013-02-21 20:45:38','2013-02-21 20:45:38',1,1,'201302_BASE_WORK','BASE_WORK','1'),
 (206,'2013-02-22 00:31:50','2013-02-26 22:15:55',1,1,'201302_XM_ORDER_BUDGET','XM_ORDER_BUDGET','17'),
 (207,'2013-02-22 19:50:31','2013-02-27 23:43:13',1,1,'201302_SYS_MENU','SYS_MENU','10'),
 (208,'2013-02-22 19:51:20','2013-02-27 23:43:22',1,1,'201302_SYS_ROLE_MENU','SYS_ROLE_MENU','246'),
 (209,'2013-02-22 20:10:53','2013-02-22 20:10:53',1,1,'201302_BASE_STORE','BASE_STORE','1'),
 (210,'2013-02-22 22:12:26','2013-02-22 22:23:39',1,1,'201302_BUYPRICE','物料咨询单编号','5'),
 (211,'2013-02-22 22:13:43','2013-02-22 22:23:32',1,1,'201302_XM_BUY_PRICE','XM_BUY_PRICE','3'),
 (212,'2013-02-22 22:13:44','2013-02-22 22:26:58',1,1,'201302_XM_BUY_PRICE_LIST','XM_BUY_PRICE_LIST','12'),
 (213,'2013-02-22 22:27:44','2013-02-25 22:22:23',1,1,'201302_BUYORDER','物料采购单编号','19'),
 (214,'2013-02-22 22:55:39','2013-02-25 22:22:32',1,1,'201302_XM_BUY_ORDER','XM_BUY_ORDER','5'),
 (215,'2013-02-22 22:55:40','2013-02-25 22:22:32',1,1,'201302_XM_BUY_ORDER_LIST','XM_BUY_ORDER_LIST','16'),
 (216,'2013-02-22 23:00:40','2013-02-26 23:03:00',1,1,'201302_XM_AUDIT_MIND','XM_AUDIT_MIND','10'),
 (217,'2013-02-23 13:32:03','2013-02-23 13:43:28',1,1,'201302_BASE_STORAGE','BASE_STORAGE','4'),
 (218,'2013-02-23 13:32:03','2013-02-23 22:46:57',1,1,'201302_XM_STORE_RECORD','XM_STORE_RECORD','14'),
 (219,'2013-03-03 18:16:16','2013-03-17 16:10:34',1,1,'201303_SELLORDER','销售订单编号','10'),
 (220,'2013-03-03 18:43:37','2013-03-17 16:10:34',1,1,'201303_XM_SELL_ORDER','XM_SELL_ORDER','6'),
 (221,'2013-03-03 18:43:38','2013-03-17 16:23:50',1,1,'201303_XM_SELL_ORDER_LIST','XM_SELL_ORDER_LIST','42'),
 (222,'2013-03-03 18:44:01','2013-03-17 16:10:34',1,1,'201303_BASE_ACCESSORY','BASE_ACCESSORY','27'),
 (223,'2013-03-03 19:10:24','2013-03-03 19:10:24',1,1,'201303_XM_ORDER_BUDGET','XM_ORDER_BUDGET','1'),
 (224,'2013-03-03 19:31:18','2013-03-17 16:00:25',1,1,'201303_XM_AUDIT_MIND','XM_AUDIT_MIND','33'),
 (225,'2013-03-07 23:42:09','2013-03-21 23:40:35',1,1,'201303_SYS_ROLE_MENU','SYS_ROLE_MENU','336'),
 (226,'2013-03-07 23:42:36','2013-03-07 23:42:36',1,1,'201303_SYS_ROLE_USER','SYS_ROLE_USER','1'),
 (227,'2013-03-07 23:43:59','2013-03-07 23:43:59',1,1,'2013_EMPLOYEE','员工编号','1'),
 (228,'2013-03-07 23:43:59','2013-03-07 23:43:59',1,1,'201303_BASE_EMPLOYEE','BASE_EMPLOYEE','1'),
 (230,'2013-03-10 17:00:03','2013-03-21 23:40:27',1,1,'201303_SYS_MENU','SYS_MENU','55'),
 (231,'2013-03-11 22:18:39','2013-03-16 16:29:16',1,1,'201303_BUYPRICE','物料咨询单编号','2'),
 (232,'2013-03-11 22:18:53','2013-03-17 09:55:04',1,1,'201303_BUYORDER','物料采购单编号','8'),
 (233,'2013-03-11 22:58:13','2013-03-16 08:42:45',1,1,'201303_BASE_CUSTOMER','BASE_CUSTOMER','2'),
 (234,'2013-03-11 23:06:53','2013-03-12 00:00:15',1,1,'201303_BASE_LINKMAN','BASE_LINKMAN','5'),
 (235,'2013-03-13 00:30:24','2013-03-16 16:16:22',1,1,'201303_BASE_PROVIDER','BASE_PROVIDER','2'),
 (236,'2013-03-13 00:31:05','2013-03-16 08:45:30',1,1,'CATEGORY_UNIT','分类编号','2'),
 (237,'2013-03-13 00:31:05','2013-03-16 08:45:30',1,1,'201303_BASE_CATEGORY','BASE_CATEGORY','4'),
 (238,'2013-03-13 00:31:32','2013-03-16 16:23:04',1,1,'201303_BASE_MATERIAL','BASE_MATERIAL','2'),
 (239,'2013-03-13 00:36:46','2013-03-16 08:45:05',1,1,'CATEGORY_PRODUCT','分类编号','2'),
 (240,'2013-03-13 00:37:20','2013-03-16 08:53:33',1,1,'201303_BASE_PRODUCT','BASE_PRODUCT','5'),
 (241,'2013-03-13 00:52:50','2013-03-17 15:34:09',1,1,'201303_BASE_STORAGE','BASE_STORAGE','17'),
 (242,'2013-03-13 20:25:57','2013-03-13 20:25:57',1,1,'201303_BASE_STORE','BASE_STORE','1'),
 (243,'2013-03-13 21:06:41','2013-03-13 21:28:42',1,1,'201303_XM_STORE_RECORD','XM_STORE_RECORD','6'),
 (244,'2013-03-15 21:57:09','2013-03-17 15:56:15',1,1,'201303_PRODUCTPRICE','产品报价单号','6'),
 (245,'2013-03-15 21:57:09','2013-03-17 15:56:15',1,1,'201303_XM_PRODUCT_PRICE','XM_PRODUCT_PRICE','6'),
 (246,'2013-03-15 21:57:09','2013-03-17 15:56:25',1,1,'201303_XM_PRODUCT_PRICE_LIST','XM_PRODUCT_PRICE_LIST','56'),
 (247,'2013-03-16 16:29:16','2013-03-16 16:29:16',1,1,'201303_XM_BUY_PRICE','XM_BUY_PRICE','1'),
 (248,'2013-03-16 16:29:16','2013-03-16 16:34:30',1,1,'201303_XM_BUY_PRICE_LIST','XM_BUY_PRICE_LIST','2'),
 (249,'2013-03-16 18:43:48','2013-03-17 09:26:20',1,1,'201303_XM_BUY_ORDER','XM_BUY_ORDER','5'),
 (250,'2013-03-16 18:48:42','2013-03-17 09:55:05',1,1,'201303_XM_BUY_ORDER_LIST','XM_BUY_ORDER_LIST','4'),
 (251,'2013-03-18 21:04:43','2013-03-20 20:49:09',1,1,'201303_BASE_WORK','BASE_WORK','7'),
 (252,'2013-03-19 22:04:16','2013-03-21 22:35:51',1,1,'201303_XM_PRODUCT_MATE','XM_PRODUCT_MATE','28'),
 (253,'2013-03-20 21:41:34','2013-03-21 22:35:51',1,1,'201303_XM_PRODUCT_WORK','XM_PRODUCT_WORK','27'),
 (254,'2013-03-22 00:03:37','2013-03-22 00:22:28',1,1,'201303_XM_WORK_REPORT','XM_WORK_REPORT','8');
/*!40000 ALTER TABLE `sys_app_sequence` ENABLE KEYS */;


--
-- Definition of table `sys_dict`
--

DROP TABLE IF EXISTS `sys_dict`;
CREATE TABLE `sys_dict` (
  `id` bigint(20) NOT NULL,
  `createTime` varchar(255) NOT NULL,
  `flag` bit(1) NOT NULL,
  `status` bit(1) NOT NULL,
  `updateTime` varchar(255) NOT NULL,
  `caption` varchar(255) DEFAULT NULL,
  `name` varchar(50) NOT NULL,
  `sort` varchar(20) NOT NULL,
  PRIMARY KEY (`id`),
  UNIQUE KEY `id` (`id`)
) ENGINE=InnoDB DEFAULT CHARSET=utf8;

--
-- Dumping data for table `sys_dict`
--

/*!40000 ALTER TABLE `sys_dict` DISABLE KEYS */;
INSERT INTO `sys_dict` (`id`,`createTime`,`flag`,`status`,`updateTime`,`caption`,`name`,`sort`) VALUES 
 (201209000001,'2012-09-07 23:40:07',0x01,0x01,'2012-09-08 00:14:21','','信息中心','DEPARTMENT'),
 (201209000003,'2012-09-08 00:13:11',0x01,0x01,'2012-09-08 00:19:08','','生产部','DEPARTMENT'),
 (201209000004,'2012-09-08 00:21:13',0x01,0x01,'2012-09-08 00:21:13','','业务部','DEPARTMENT'),
 (201209000005,'2012-09-08 14:45:34',0x01,0x01,'2012-09-08 14:45:34','','初次客户','CUSTOMER'),
 (201209000006,'2012-09-08 14:45:55',0x01,0x01,'2012-09-08 14:45:55','','潜在客户','CUSTOMER'),
 (201209000007,'2012-09-08 14:46:13',0x01,0x01,'2012-09-08 14:46:13','','跟单客户','CUSTOMER'),
 (201209000008,'2012-09-08 14:46:40',0x01,0x01,'2012-09-08 14:46:40','','商机客户','CUSTOMER'),
 (201209000009,'2012-09-08 14:47:07',0x01,0x01,'2012-09-08 14:47:07','','成交客户','CUSTOMER'),
 (201209000010,'2012-09-08 14:47:35',0x01,0x01,'2012-09-08 14:47:35','','储备客户','CUSTOMER'),
 (201209000011,'2012-09-08 14:47:57',0x01,0x01,'2012-09-08 14:47:57','','放弃客户','CUSTOMER'),
 (201209000012,'2012-09-08 22:48:51',0x01,0x01,'2012-09-08 22:48:51','','身份证','CERTIFICATE'),
 (201209000013,'2012-09-08 22:49:09',0x01,0x01,'2012-09-08 22:49:09','','驾驶证','CERTIFICATE'),
 (201209000014,'2012-09-08 22:49:41',0x01,0x01,'2012-09-08 22:49:41','','户口簿','CERTIFICATE'),
 (201209000015,'2012-09-08 22:49:55',0x01,0x01,'2012-09-08 22:49:55','','军人证','CERTIFICATE'),
 (201209000016,'2012-09-08 22:50:21',0x01,0x01,'2012-09-08 22:50:21','','居住证','CERTIFICATE'),
 (201209000017,'2012-09-08 22:50:52',0x01,0x01,'2012-09-08 22:50:52','','学生证','CERTIFICATE'),
 (201209000018,'2012-09-08 22:51:09',0x01,0x01,'2012-09-08 22:51:09','','护照','CERTIFICATE'),
 (201209000019,'2012-09-08 22:51:33',0x01,0x01,'2012-09-08 22:51:33','','营业执照','CERTIFICATE'),
 (201209000020,'2012-09-09 09:20:23',0x01,0x01,'2012-09-09 09:20:23','','软件工程师','DUTY'),
 (201209000029,'2012-09-15 14:07:48',0x01,0x01,'2012-09-15 14:07:48',NULL,'生产工','DUTY'),
 (201209000030,'2012-09-17 23:14:29',0x01,0x01,'2012-09-17 23:14:29',NULL,'计算机软件','VOCATION'),
 (201209000031,'2012-09-17 23:14:29',0x01,0x01,'2012-09-17 23:14:29',NULL,'计算机硬件','VOCATION'),
 (201209000032,'2012-09-17 23:14:29',0x01,0x01,'2012-09-17 23:14:29',NULL,'通信/电信/网络设备/电信运营/增值服务','VOCATION'),
 (201209000033,'2012-09-17 23:14:29',0x01,0x01,'2012-09-17 23:14:29',NULL,'电子技术/微电子/半导体/集成电路','VOCATION'),
 (201209000034,'2012-09-17 23:14:29',0x01,0x01,'2012-09-17 23:14:29',NULL,'互联网/电子商务/网络游戏/计算机服务（系统、数据服务、维修）','VOCATION'),
 (201209000035,'2012-09-17 23:14:29',0x01,0x01,'2012-09-17 23:14:29',NULL,'仪器仪表/工业自动化','VOCATION'),
 (201209000036,'2012-09-17 23:14:29',0x01,0x01,'2012-09-17 23:14:29',NULL,'会计/审计','VOCATION'),
 (201209000037,'2012-09-17 23:14:29',0x01,0x01,'2012-09-17 23:14:29',NULL,'保险/金融/投资/证券/银行','VOCATION'),
 (201209000038,'2012-09-17 23:14:29',0x01,0x01,'2012-09-17 23:14:29',NULL,'贸易/进出口/批发/零售','VOCATION'),
 (201209000039,'2012-09-17 23:14:29',0x01,0x01,'2012-09-17 23:14:29',NULL,'服装/纺织/皮革','VOCATION'),
 (201209000040,'2012-09-17 23:14:29',0x01,0x01,'2012-09-17 23:14:29',NULL,'机械/机电/设备/重工','VOCATION'),
 (201209000041,'2012-09-17 23:14:29',0x01,0x01,'2012-09-17 23:14:29',NULL,'家具/家电/家居/木材及竹、藤、棕、草制品','VOCATION'),
 (201209000042,'2012-09-17 23:14:29',0x01,0x01,'2012-09-17 23:14:29',NULL,'工艺美术/礼品/玩具/收藏品','VOCATION'),
 (201209000043,'2012-09-17 23:14:29',0x01,0x01,'2012-09-17 23:14:29',NULL,'汽车及零配件','VOCATION'),
 (201209000044,'2012-09-17 23:14:30',0x01,0x01,'2012-09-17 23:14:30',NULL,'快速消费品（食品、饮料、化妆品、烟酒等）/办公用品及设备','VOCATION'),
 (201209000045,'2012-09-17 23:14:30',0x01,0x01,'2012-09-17 23:14:30',NULL,'制药/生物工程','VOCATION'),
 (201209000046,'2012-09-17 23:14:30',0x01,0x01,'2012-09-17 23:14:30',NULL,'医疗/护理/保健/美容/卫生','VOCATION'),
 (201209000047,'2012-09-17 23:14:30',0x01,0x01,'2012-09-17 23:14:30',NULL,'医疗设备/器械','VOCATION'),
 (201209000048,'2012-09-17 23:14:30',0x01,0x01,'2012-09-17 23:14:30',NULL,'文字媒体/出版/印刷/包装/造纸','VOCATION'),
 (201209000049,'2012-09-17 23:14:30',0x01,0x01,'2012-09-17 23:14:30',NULL,'广告/公关/市场推广/会展','VOCATION'),
 (201209000050,'2012-09-17 23:14:30',0x01,0x01,'2012-09-17 23:14:30',NULL,'影视/媒体/艺术','VOCATION'),
 (201209000051,'2012-09-17 23:14:30',0x01,0x01,'2012-09-17 23:14:30',NULL,'房地产开发/建筑与工程','VOCATION'),
 (201209000052,'2012-09-17 23:14:30',0x01,0x01,'2012-09-17 23:14:30',NULL,'家居/室内设计/装潢/物业管理/商业中心','VOCATION'),
 (201209000053,'2012-09-17 23:14:30',0x01,0x01,'2012-09-17 23:14:30',NULL,'中介服务','VOCATION'),
 (201209000054,'2012-09-17 23:14:30',0x01,0x01,'2012-09-17 23:14:30',NULL,'法律/专业服务（咨询、产业管理、人力资源）','VOCATION'),
 (201209000055,'2012-09-17 23:14:30',0x01,0x01,'2012-09-17 23:14:30',NULL,'教育/培训/学术/科研','VOCATION'),
 (201209000056,'2012-09-17 23:14:30',0x01,0x01,'2012-09-17 23:14:30',NULL,'检验/检测/认证','VOCATION'),
 (201209000057,'2012-09-17 23:14:30',0x01,0x01,'2012-09-17 23:14:30',NULL,'酒店/旅游/度假/餐饮业/生活服务','VOCATION'),
 (201209000058,'2012-09-17 23:14:30',0x01,0x01,'2012-09-17 23:14:30',NULL,'娱乐/休闲/体育','VOCATION'),
 (201209000059,'2012-09-17 23:14:30',0x01,0x01,'2012-09-17 23:14:30',NULL,'交通/运输/物流','VOCATION'),
 (201209000060,'2012-09-17 23:14:30',0x01,0x01,'2012-09-17 23:14:30',NULL,'航天/航空/航天研究与制造','VOCATION'),
 (201209000061,'2012-09-17 23:14:30',0x01,0x01,'2012-09-17 23:14:30',NULL,'能源/石油/化工/矿产/地质','VOCATION'),
 (201209000062,'2012-09-17 23:14:30',0x01,0x01,'2012-09-17 23:14:30',NULL,'原材料和加工（金属、木材、橡胶、塑料、玻璃、陶瓷、建材）/模具加工','VOCATION'),
 (201209000063,'2012-09-17 23:14:30',0x01,0x01,'2012-09-17 23:14:30',NULL,'采掘业/冶炼','VOCATION'),
 (201209000064,'2012-09-17 23:14:31',0x01,0x01,'2012-09-17 23:14:31',NULL,'电气/电力/水利','VOCATION'),
 (201209000065,'2012-09-17 23:14:31',0x01,0x01,'2012-09-17 23:14:31',NULL,'政府/非赢利机构','VOCATION'),
 (201209000066,'2012-09-17 23:14:31',0x01,0x01,'2012-09-17 23:14:31',NULL,'农业/渔业/林业/牧业/环保','VOCATION'),
 (201209000067,'2012-09-17 23:14:31',0x01,0x01,'2012-09-17 23:14:31',NULL,'多元化业务集团公司/跨领域经营','VOCATION'),
 (201209000068,'2012-09-17 23:14:31',0x01,0x01,'2012-09-17 23:14:31',NULL,'灯饰照明','VOCATION'),
 (201209000069,'2012-09-17 23:14:31',0x01,0x01,'2012-09-17 23:14:31',NULL,'其他行业','VOCATION'),
 (201209000071,'2012-09-25 21:07:29',0x01,0x01,'2012-09-25 21:07:29',NULL,'箱','UNIT'),
 (201209000072,'2012-09-25 21:07:39',0x01,0x01,'2012-09-25 21:07:39',NULL,'件','UNIT'),
 (201209000073,'2012-09-25 21:07:57',0x01,0x01,'2012-09-25 21:07:57',NULL,'米','UNIT'),
 (201209000074,'2012-09-25 21:08:08',0x01,0x01,'2012-09-25 21:08:08',NULL,'颗','UNIT'),
 (201209000075,'2012-09-25 21:08:41',0x01,0x01,'2012-09-25 21:08:41',NULL,'盒','UNIT'),
 (201209000076,'2012-09-25 21:08:54',0x01,0x01,'2012-09-25 21:08:54',NULL,'袋','UNIT'),
 (201209000077,'2012-09-25 21:09:08',0x01,0x01,'2012-09-25 21:09:08',NULL,'斤','UNIT'),
 (201209000078,'2012-09-25 21:09:22',0x01,0x01,'2012-09-25 21:09:22',NULL,'个','UNIT'),
 (201209000079,'2012-09-25 21:11:28',0x01,0x01,'2012-09-25 21:11:28',NULL,'支','UNIT'),
 (201209000080,'2012-09-25 21:11:43',0x01,0x01,'2012-09-25 21:11:43',NULL,'张','UNIT'),
 (201209000081,'2012-09-25 21:15:30',0x01,0x01,'2012-09-25 21:15:30',NULL,'包','UNIT'),
 (201210000001,'2012-10-08 09:39:22',0x01,0x01,'2012-10-08 09:39:22',NULL,'套','UNIT'),
 (201210000003,'2012-10-13 08:44:36',0x01,0x01,'2012-10-13 08:44:36',NULL,'一般销售','SELL'),
 (201210000004,'2012-10-13 08:44:53',0x01,0x01,'2012-10-13 08:44:53',NULL,'大宗销售','SELL'),
 (201210000005,'2012-10-13 08:45:05',0x01,0x01,'2012-10-13 08:45:05',NULL,'分销销售','SELL'),
 (201210000006,'2012-10-13 08:45:20',0x01,0x01,'2012-10-13 08:45:20',NULL,'协议销售','SELL'),
 (201210000007,'2012-10-13 08:45:40',0x01,0x01,'2012-10-13 08:45:40',NULL,'总部直销','SELL'),
 (201210000008,'2012-10-13 08:45:57',0x01,0x01,'2012-10-13 08:45:57',NULL,'客户上门','SELL'),
 (201210000009,'2012-10-13 08:46:16',0x01,0x01,'2012-10-13 08:46:16',NULL,'本司上门','SELL'),
 (201210000010,'2012-10-13 08:46:30',0x01,0x01,'2012-10-13 08:46:30',NULL,'项目订单','SELL'),
 (201210000011,'2012-10-13 08:48:12',0x01,0x01,'2012-10-13 08:48:12',NULL,'收据','RECEIPT'),
 (201210000012,'2012-10-13 08:48:27',0x01,0x01,'2012-10-13 08:48:27',NULL,'普通发票','RECEIPT'),
 (201210000013,'2012-10-13 08:48:48',0x01,0x01,'2012-10-13 08:48:48',NULL,'增值发票','RECEIPT'),
 (201210000014,'2012-10-13 09:01:38',0x01,0x01,'2012-10-13 09:01:38',NULL,'货到付款','PAY'),
 (201210000015,'2012-10-13 09:02:20',0x01,0x01,'2012-10-13 09:02:20',NULL,'在线支付','PAY'),
 (201210000016,'2012-10-13 09:02:35',0x01,0x01,'2012-10-13 09:02:35',NULL,'银行转账','PAY'),
 (201210000017,'2012-10-13 09:02:51',0x01,0x01,'2012-10-13 09:02:51',NULL,'月结','PAY'),
 (201210000018,'2012-10-13 09:03:33',0x01,0x01,'2012-10-13 09:03:33',NULL,'信用卡支付','PAY'),
 (201210000019,'2012-10-13 09:03:54',0x01,0x01,'2012-10-13 09:03:54',NULL,'PayPal支付','PAY'),
 (201210000020,'2012-10-13 09:04:18',0x01,0x01,'2012-10-13 09:04:18',NULL,'银行电汇','PAY'),
 (201210000021,'2012-10-13 09:04:53',0x01,0x01,'2012-10-13 09:05:01',NULL,'邮政汇款','PAY'),
 (201210000022,'2012-10-13 09:05:22',0x01,0x01,'2012-10-13 09:05:22',NULL,'分期付款','PAY'),
 (201210000023,'2012-10-13 09:06:18',0x01,0x01,'2012-10-13 09:06:18',NULL,'网银支付','PAY'),
 (201210000024,'2012-10-13 09:10:04',0x01,0x01,'2012-10-13 09:10:04',NULL,'交货付款','PAY'),
 (201210000025,'2012-10-13 09:10:22',0x01,0x01,'2012-10-13 09:10:22',NULL,'交单付款','PAY'),
 (201210000026,'2012-10-13 09:10:59',0x01,0x01,'2012-10-13 09:10:59',NULL,'记账','PAY'),
 (201210000027,'2012-10-13 09:11:17',0x01,0x01,'2012-10-13 09:11:17',NULL,'托收','PAY'),
 (201210000028,'2012-10-13 09:15:43',0x01,0x01,'2012-10-13 09:15:43',NULL,'信用证','PAY'),
 (201210000029,'2012-10-13 15:55:03',0x01,0x01,'2012-10-13 15:55:03',NULL,'当面','ASK'),
 (201210000030,'2012-10-13 15:55:12',0x01,0x01,'2012-10-13 15:55:12',NULL,'电话','ASK'),
 (201210000031,'2012-10-13 15:55:28',0x01,0x01,'2012-10-13 15:55:28',NULL,'传真','ASK'),
 (201210000032,'2012-10-13 15:55:46',0x01,0x01,'2012-10-13 15:55:46',NULL,'快递','ASK'),
 (201210000033,'2012-10-13 15:56:01',0x01,0x01,'2012-10-13 15:56:01',NULL,'信函','ASK'),
 (201210000034,'2012-10-13 15:56:18',0x01,0x01,'2012-10-13 15:56:18',NULL,'邮件','ASK'),
 (201210000035,'2012-10-13 20:50:54',0x01,0x01,'2012-10-13 20:50:54',NULL,'现金支付','PAY');
/*!40000 ALTER TABLE `sys_dict` ENABLE KEYS */;


--
-- Definition of table `sys_menu`
--

DROP TABLE IF EXISTS `sys_menu`;
CREATE TABLE `sys_menu` (
  `id` bigint(20) NOT NULL,
  `createTime` varchar(255) NOT NULL,
  `flag` bit(1) NOT NULL,
  `status` bit(1) NOT NULL,
  `updateTime` varchar(255) NOT NULL,
  `chName` varchar(255) NOT NULL,
  `enName` varchar(255) NOT NULL,
  `href` varchar(255) DEFAULT NULL,
  `sort` int(11) NOT NULL,
  `parentId` bigint(20) DEFAULT NULL,
  PRIMARY KEY (`id`),
  UNIQUE KEY `id` (`id`),
  UNIQUE KEY `enName` (`enName`),
  KEY `FK74A44791C83CF32E` (`parentId`),
  CONSTRAINT `FK74A44791C83CF32E` FOREIGN KEY (`parentId`) REFERENCES `sys_menu` (`id`)
) ENGINE=InnoDB DEFAULT CHARSET=utf8;

--
-- Dumping data for table `sys_menu`
--

/*!40000 ALTER TABLE `sys_menu` DISABLE KEYS */;
INSERT INTO `sys_menu` (`id`,`createTime`,`flag`,`status`,`updateTime`,`chName`,`enName`,`href`,`sort`,`parentId`) VALUES 
 (201303000002,'2013-03-10 17:00:33',0x01,0x01,'2013-03-10 17:00:33','系统管理','XTGL',NULL,1,NULL),
 (201303000003,'2013-03-10 17:02:14',0x01,0x01,'2013-03-10 17:02:14','角色管理','XTGL_JSGL','/system/sys-role/index.jhtml',2,201303000002),
 (201303000004,'2013-03-10 17:02:55',0x01,0x01,'2013-03-10 17:02:55','用户管理','XTGL_YHGL','/system/sys-user/index.jhtml',2,201303000002),
 (201303000005,'2013-03-10 17:03:51',0x01,0x01,'2013-03-10 17:03:51','菜单管理','XTGL_CDGL','/system/sys-menu/index.jhtml',2,201303000002),
 (201303000006,'2013-03-10 17:05:03',0x01,0x01,'2013-03-10 17:05:03','基础信息管理','JCXXGL',NULL,1,NULL),
 (201303000007,'2013-03-10 17:06:10',0x01,0x01,'2013-03-10 17:06:10','员工管理','JCXXGL_YGGL','/basic/employee/index.jhtml',2,201303000006),
 (201303000008,'2013-03-10 17:06:36',0x01,0x01,'2013-03-10 17:06:36','客户管理','JCXXGL_KHGL','/basic/customer/index.jhtml',2,201303000006),
 (201303000009,'2013-03-10 17:07:51',0x01,0x01,'2013-03-10 17:07:51','供应商管理','JCXXGL_GYSGL','/basic/provider/index.jhtml',2,201303000006),
 (201303000010,'2013-03-10 17:08:22',0x01,0x01,'2013-03-10 17:08:22','物料管理','JCXXGL_WLGL','/basic/material/index.jhtml',2,201303000006),
 (201303000011,'2013-03-10 17:08:48',0x01,0x01,'2013-03-10 17:08:48','产品管理','JCXXGL_CPGL','/basic/product/index.jhtml',2,201303000006),
 (201303000012,'2013-03-10 17:09:43',0x01,0x01,'2013-03-10 17:09:43','工序管理','JCXXGL_GXGL','/basic/work/index.jhtml',2,201303000006),
 (201303000013,'2013-03-10 17:10:07',0x01,0x01,'2013-03-10 17:10:07','分类管理','JCXXGL_FLGL','/basic/category/index.jhtml',2,201303000006),
 (201303000014,'2013-03-10 17:11:47',0x01,0x01,'2013-03-10 17:11:51','销售管理','XSGL',NULL,1,NULL),
 (201303000023,'2013-03-10 17:20:59',0x01,0x01,'2013-03-10 17:20:59','采购管理','CGGL',NULL,1,NULL),
 (201303000024,'2013-03-10 17:21:29',0x01,0x01,'2013-03-10 17:21:29','物料咨询','CGGL_WLZX',NULL,2,201303000023),
 (201303000025,'2013-03-10 17:22:07',0x01,0x01,'2013-03-10 17:22:07','询价咨询','CGGL_WLZX_XJZX','/buy/buy-price/edit.jhtml',3,201303000024),
 (201303000026,'2013-03-10 17:22:35',0x01,0x01,'2013-03-10 17:22:35','询价确认','CGGL_WLZX_XJQR','/buy/buy-price-audit/index.jhtml',3,201303000024),
 (201303000027,'2013-03-10 17:23:01',0x01,0x01,'2013-03-10 17:23:01','询价管理','CGGL_WLZX_XJGL','/buy/buy-price/index.jhtml',3,201303000024),
 (201303000029,'2013-03-10 17:24:48',0x01,0x01,'2013-03-10 17:25:41','物料采购','CGGL_WLCG',NULL,2,201303000023),
 (201303000030,'2013-03-10 17:26:13',0x01,0x01,'2013-03-10 17:26:13','采购申请','CGGL_WLCG_CGSQ','/buy/buy-order/edit.jhtml',3,201303000029),
 (201303000031,'2013-03-10 17:26:51',0x01,0x01,'2013-03-10 17:26:51','采购审核','CGGL_WLCG_CGSH','/buy/buy-order-audit/index.jhtml',3,201303000029),
 (201303000032,'2013-03-10 17:27:24',0x01,0x01,'2013-03-10 17:27:24','采购入库','CGGL_WLCG_CGRK','/buy/buy-enter/index.jhtml',3,201303000029),
 (201303000033,'2013-03-10 17:29:26',0x01,0x01,'2013-03-10 17:29:26','退回审核','CGGL_WLCG_THSH','/buy/buy-back/index.jhtml',3,201303000029),
 (201303000034,'2013-03-10 17:29:56',0x01,0x01,'2013-03-10 17:29:56','仓库管理','CKGL',NULL,1,NULL),
 (201303000035,'2013-03-10 17:31:11',0x01,0x01,'2013-03-10 17:31:11','仓库管理','CKGL_CKGL','/store/store/index.jhtml',2,201303000034),
 (201303000036,'2013-03-10 17:32:01',0x01,0x01,'2013-03-10 17:32:01','库存管理','CKGL_KCGL','/store/storage/index.jhtml',2,201303000034),
 (201303000038,'2013-03-10 17:33:01',0x01,0x01,'2013-03-10 17:33:01','生产管理','SCGL',NULL,1,NULL),
 (201303000039,'2013-03-10 17:33:30',0x01,0x01,'2013-03-10 17:33:30','订单生产管理','SCGL_DDSCGL','/produce/order-make/index.jhtml',2,201303000038),
 (201303000040,'2013-03-10 17:36:15',0x01,0x01,'2013-03-10 17:36:15','采购管理','CGGL_WLCG_CGGL','/buy/buy-order/index.jhtml',3,201303000029),
 (201303000041,'2013-03-14 19:39:19',0x01,0x01,'2013-03-14 19:39:19','订单管理','XSGL_DDGL',NULL,2,201303000014),
 (201303000042,'2013-03-14 19:40:53',0x01,0x01,'2013-03-14 19:40:53','订单录入','XSGL_DDGL_DDLR','/sell/order/sell-order/edit.jhtml',3,201303000041),
 (201303000048,'2013-03-14 23:41:02',0x01,0x01,'2013-03-14 23:41:02','订单管理','XSGL_DDGL_DDGL','/sell/order/sell-order/index.jhtml',3,201303000041),
 (201303000049,'2013-03-15 21:30:16',0x01,0x01,'2013-03-15 21:30:16','报价管理','XSGL_BJGL',NULL,2,201303000014),
 (201303000050,'2013-03-15 21:30:57',0x01,0x01,'2013-03-15 21:30:57','产品报价','XSGL_BJGL_CPBJ','/sell/order/product-price/edit.jhtml',3,201303000049),
 (201303000051,'2013-03-15 21:31:23',0x01,0x01,'2013-03-15 21:31:23','报价审核','XSGL_BJGL_BJSH','/sell/order/audit-price/index.jhtml',3,201303000049),
 (201303000052,'2013-03-15 21:31:44',0x01,0x01,'2013-03-15 21:31:44','报价确认','XSGL_BJGL_BJQR','/sell/order/confirm-price/index.jhtml',3,201303000049),
 (201303000053,'2013-03-15 21:32:21',0x01,0x01,'2013-03-15 21:32:21','报价管理','XSGL_BJGL_BJGL','/sell/order/product-price/index.jhtml',3,201303000049),
 (201303000055,'2013-03-21 23:40:27',0x01,0x01,'2013-03-21 23:40:27','生产报告管理','SCGL_SCBGGL','/produce/work-report/index.jhtml',2,201303000038);
/*!40000 ALTER TABLE `sys_menu` ENABLE KEYS */;


--
-- Definition of table `sys_role`
--

DROP TABLE IF EXISTS `sys_role`;
CREATE TABLE `sys_role` (
  `id` bigint(20) NOT NULL,
  `createTime` varchar(255) NOT NULL,
  `flag` bit(1) NOT NULL,
  `status` bit(1) NOT NULL,
  `updateTime` varchar(255) NOT NULL,
  `caption` varchar(255) DEFAULT NULL,
  `code` varchar(255) NOT NULL,
  `name` varchar(255) NOT NULL,
  PRIMARY KEY (`id`),
  UNIQUE KEY `id` (`id`),
  UNIQUE KEY `code` (`code`)
) ENGINE=InnoDB DEFAULT CHARSET=utf8;

--
-- Dumping data for table `sys_role`
--

/*!40000 ALTER TABLE `sys_role` DISABLE KEYS */;
INSERT INTO `sys_role` (`id`,`createTime`,`flag`,`status`,`updateTime`,`caption`,`code`,`name`) VALUES 
 (201209000002,'2012-09-08 20:57:50',0x01,0x01,'2012-09-08 20:57:50','','ADMINISTRATOR','系统管理员');
/*!40000 ALTER TABLE `sys_role` ENABLE KEYS */;


--
-- Definition of table `sys_role_menu`
--

DROP TABLE IF EXISTS `sys_role_menu`;
CREATE TABLE `sys_role_menu` (
  `id` bigint(20) NOT NULL,
  `createTime` varchar(255) NOT NULL,
  `flag` bit(1) NOT NULL,
  `status` bit(1) NOT NULL,
  `updateTime` varchar(255) NOT NULL,
  `fk_menu_id` bigint(20) DEFAULT NULL,
  `fk_role_id` bigint(20) DEFAULT NULL,
  PRIMARY KEY (`id`),
  UNIQUE KEY `id` (`id`),
  UNIQUE KEY `fk_role_id` (`fk_role_id`,`fk_menu_id`),
  KEY `FK65D48496AEB27F0A` (`fk_role_id`),
  KEY `FK65D484969543EA6A` (`fk_menu_id`),
  CONSTRAINT `FK65D484969543EA6A` FOREIGN KEY (`fk_menu_id`) REFERENCES `sys_menu` (`id`),
  CONSTRAINT `FK65D48496AEB27F0A` FOREIGN KEY (`fk_role_id`) REFERENCES `sys_role` (`id`)
) ENGINE=InnoDB DEFAULT CHARSET=utf8;

--
-- Dumping data for table `sys_role_menu`
--

/*!40000 ALTER TABLE `sys_role_menu` DISABLE KEYS */;
INSERT INTO `sys_role_menu` (`id`,`createTime`,`flag`,`status`,`updateTime`,`fk_menu_id`,`fk_role_id`) VALUES 
 (201303000299,'2013-03-21 23:40:33',0x01,0x01,'2013-03-21 23:40:33',201303000038,201209000002),
 (201303000300,'2013-03-21 23:40:33',0x01,0x01,'2013-03-21 23:40:33',201303000055,201209000002),
 (201303000301,'2013-03-21 23:40:33',0x01,0x01,'2013-03-21 23:40:33',201303000039,201209000002),
 (201303000302,'2013-03-21 23:40:33',0x01,0x01,'2013-03-21 23:40:33',201303000034,201209000002),
 (201303000303,'2013-03-21 23:40:33',0x01,0x01,'2013-03-21 23:40:33',201303000036,201209000002),
 (201303000304,'2013-03-21 23:40:33',0x01,0x01,'2013-03-21 23:40:33',201303000035,201209000002),
 (201303000305,'2013-03-21 23:40:33',0x01,0x01,'2013-03-21 23:40:33',201303000023,201209000002),
 (201303000306,'2013-03-21 23:40:33',0x01,0x01,'2013-03-21 23:40:33',201303000029,201209000002),
 (201303000307,'2013-03-21 23:40:33',0x01,0x01,'2013-03-21 23:40:33',201303000040,201209000002),
 (201303000308,'2013-03-21 23:40:33',0x01,0x01,'2013-03-21 23:40:33',201303000033,201209000002),
 (201303000309,'2013-03-21 23:40:33',0x01,0x01,'2013-03-21 23:40:33',201303000032,201209000002),
 (201303000310,'2013-03-21 23:40:33',0x01,0x01,'2013-03-21 23:40:33',201303000031,201209000002),
 (201303000311,'2013-03-21 23:40:34',0x01,0x01,'2013-03-21 23:40:34',201303000030,201209000002),
 (201303000312,'2013-03-21 23:40:34',0x01,0x01,'2013-03-21 23:40:34',201303000024,201209000002),
 (201303000313,'2013-03-21 23:40:34',0x01,0x01,'2013-03-21 23:40:34',201303000027,201209000002),
 (201303000314,'2013-03-21 23:40:34',0x01,0x01,'2013-03-21 23:40:34',201303000026,201209000002),
 (201303000315,'2013-03-21 23:40:34',0x01,0x01,'2013-03-21 23:40:34',201303000025,201209000002),
 (201303000316,'2013-03-21 23:40:34',0x01,0x01,'2013-03-21 23:40:34',201303000014,201209000002),
 (201303000317,'2013-03-21 23:40:34',0x01,0x01,'2013-03-21 23:40:34',201303000049,201209000002),
 (201303000318,'2013-03-21 23:40:34',0x01,0x01,'2013-03-21 23:40:34',201303000053,201209000002),
 (201303000319,'2013-03-21 23:40:34',0x01,0x01,'2013-03-21 23:40:34',201303000052,201209000002),
 (201303000320,'2013-03-21 23:40:34',0x01,0x01,'2013-03-21 23:40:34',201303000051,201209000002),
 (201303000321,'2013-03-21 23:40:34',0x01,0x01,'2013-03-21 23:40:34',201303000050,201209000002),
 (201303000322,'2013-03-21 23:40:34',0x01,0x01,'2013-03-21 23:40:34',201303000041,201209000002),
 (201303000323,'2013-03-21 23:40:34',0x01,0x01,'2013-03-21 23:40:34',201303000048,201209000002),
 (201303000324,'2013-03-21 23:40:34',0x01,0x01,'2013-03-21 23:40:34',201303000042,201209000002),
 (201303000325,'2013-03-21 23:40:34',0x01,0x01,'2013-03-21 23:40:34',201303000006,201209000002),
 (201303000326,'2013-03-21 23:40:34',0x01,0x01,'2013-03-21 23:40:34',201303000013,201209000002),
 (201303000327,'2013-03-21 23:40:34',0x01,0x01,'2013-03-21 23:40:34',201303000012,201209000002),
 (201303000328,'2013-03-21 23:40:35',0x01,0x01,'2013-03-21 23:40:35',201303000011,201209000002),
 (201303000329,'2013-03-21 23:40:35',0x01,0x01,'2013-03-21 23:40:35',201303000010,201209000002),
 (201303000330,'2013-03-21 23:40:35',0x01,0x01,'2013-03-21 23:40:35',201303000009,201209000002),
 (201303000331,'2013-03-21 23:40:35',0x01,0x01,'2013-03-21 23:40:35',201303000008,201209000002),
 (201303000332,'2013-03-21 23:40:35',0x01,0x01,'2013-03-21 23:40:35',201303000007,201209000002),
 (201303000333,'2013-03-21 23:40:35',0x01,0x01,'2013-03-21 23:40:35',201303000002,201209000002),
 (201303000334,'2013-03-21 23:40:35',0x01,0x01,'2013-03-21 23:40:35',201303000005,201209000002),
 (201303000335,'2013-03-21 23:40:35',0x01,0x01,'2013-03-21 23:40:35',201303000004,201209000002),
 (201303000336,'2013-03-21 23:40:35',0x01,0x01,'2013-03-21 23:40:35',201303000003,201209000002);
/*!40000 ALTER TABLE `sys_role_menu` ENABLE KEYS */;


--
-- Definition of table `sys_role_user`
--

DROP TABLE IF EXISTS `sys_role_user`;
CREATE TABLE `sys_role_user` (
  `id` bigint(20) NOT NULL,
  `createTime` varchar(255) NOT NULL,
  `flag` bit(1) NOT NULL,
  `status` bit(1) NOT NULL,
  `updateTime` varchar(255) NOT NULL,
  `fk_role_id` bigint(20) DEFAULT NULL,
  `fk_user_id` bigint(20) DEFAULT NULL,
  PRIMARY KEY (`id`),
  UNIQUE KEY `id` (`id`),
  UNIQUE KEY `fk_role_id` (`fk_role_id`,`fk_user_id`),
  KEY `FK65D85B02AEB27F0A` (`fk_role_id`),
  KEY `FK65D85B0253DD42EA` (`fk_user_id`),
  CONSTRAINT `FK65D85B0253DD42EA` FOREIGN KEY (`fk_user_id`) REFERENCES `sys_user` (`id`),
  CONSTRAINT `FK65D85B02AEB27F0A` FOREIGN KEY (`fk_role_id`) REFERENCES `sys_role` (`id`)
) ENGINE=InnoDB DEFAULT CHARSET=utf8;

--
-- Dumping data for table `sys_role_user`
--

/*!40000 ALTER TABLE `sys_role_user` DISABLE KEYS */;
INSERT INTO `sys_role_user` (`id`,`createTime`,`flag`,`status`,`updateTime`,`fk_role_id`,`fk_user_id`) VALUES 
 (201303000001,'2013-03-07 23:42:36',0x01,0x01,'2013-03-07 23:42:36',201209000002,201209000001);
/*!40000 ALTER TABLE `sys_role_user` ENABLE KEYS */;


--
-- Definition of table `sys_user`
--

DROP TABLE IF EXISTS `sys_user`;
CREATE TABLE `sys_user` (
  `id` bigint(20) NOT NULL,
  `createTime` varchar(255) NOT NULL,
  `flag` bit(1) NOT NULL,
  `status` bit(1) NOT NULL,
  `updateTime` varchar(255) NOT NULL,
  `password` varchar(255) NOT NULL,
  `username` varchar(255) NOT NULL,
  `fk_employee_id` bigint(20) DEFAULT NULL,
  PRIMARY KEY (`id`),
  UNIQUE KEY `id` (`id`),
  UNIQUE KEY `username` (`username`),
  KEY `FK74A81DFD4FB4DAC1` (`fk_employee_id`),
  CONSTRAINT `FK74A81DFD4FB4DAC1` FOREIGN KEY (`fk_employee_id`) REFERENCES `base_employee` (`id`)
) ENGINE=InnoDB DEFAULT CHARSET=utf8;

--
-- Dumping data for table `sys_user`
--

/*!40000 ALTER TABLE `sys_user` DISABLE KEYS */;
INSERT INTO `sys_user` (`id`,`createTime`,`flag`,`status`,`updateTime`,`password`,`username`,`fk_employee_id`) VALUES 
 (201209000001,'2012-09-06 21:54:01',0x01,0x01,'2013-03-07 23:42:36','ac386807446b3fa23ae7e0a03705307a','admin',201209000001);
/*!40000 ALTER TABLE `sys_user` ENABLE KEYS */;


--
-- Definition of table `xm_audit_mind`
--

DROP TABLE IF EXISTS `xm_audit_mind`;
CREATE TABLE `xm_audit_mind` (
  `id` bigint(20) NOT NULL,
  `createTime` varchar(255) NOT NULL,
  `flag` bit(1) NOT NULL,
  `status` bit(1) NOT NULL,
  `updateTime` varchar(255) NOT NULL,
  `auditDate` varchar(255) NOT NULL,
  `dataId` bigint(20) NOT NULL,
  `mind` varchar(255) NOT NULL,
  `realname` varchar(255) NOT NULL,
  `sort` varchar(255) NOT NULL,
  `state` varchar(255) NOT NULL,
  PRIMARY KEY (`id`),
  UNIQUE KEY `id` (`id`)
) ENGINE=InnoDB DEFAULT CHARSET=utf8;

--
-- Dumping data for table `xm_audit_mind`
--

/*!40000 ALTER TABLE `xm_audit_mind` DISABLE KEYS */;
INSERT INTO `xm_audit_mind` (`id`,`createTime`,`flag`,`status`,`updateTime`,`auditDate`,`dataId`,`mind`,`realname`,`sort`,`state`) VALUES 
 (201303000003,'2013-03-15 22:52:19',0x01,0x01,'2013-03-15 22:52:19','2013-03-15',201303000001,'此订单的单价有点偏高了。','杜永生','XSGL_BJGL_BJSH','AUDIT_NO'),
 (201303000004,'2013-03-15 23:05:59',0x01,0x01,'2013-03-15 23:05:59','2013-03-15',201303000001,'再修改一下衣服的报价。','杜永生','XSGL_BJGL_BJSH','AUDIT_NO'),
 (201303000005,'2013-03-15 23:06:37',0x01,0x01,'2013-03-15 23:06:37','2013-03-15',201303000001,'同意此报价。','杜永生','XSGL_BJGL_BJSH','AUDIT_YES'),
 (201303000006,'2013-03-15 23:41:38',0x01,0x01,'2013-03-15 23:41:38','2013-03-15',201303000001,'客户觉得价格偏高了。','杜永生','XSGL_BJGL_BJQR','CONFIRM_NO'),
 (201303000007,'2013-03-15 23:50:34',0x01,0x01,'2013-03-15 23:50:34','2013-03-15',201303000002,'asdfasdfa','杜永生','XSGL_BJGL_BJSH','AUDIT_YES'),
 (201303000008,'2013-03-15 23:55:21',0x01,0x01,'2013-03-15 23:55:21','2013-03-15',201303000002,'sdfasdfasdf','杜永生','XSGL_BJGL_BJSH','AUDIT_YES'),
 (201303000009,'2013-03-15 23:55:34',0x01,0x01,'2013-03-15 23:55:34','2013-03-15',201303000002,'asdfasdfeafadf','杜永生','XSGL_BJGL_BJQR','PRICE_NO'),
 (201303000010,'2013-03-15 23:58:51',0x01,0x01,'2013-03-15 23:58:51','2013-03-15',201303000002,'dasfedrfaea','杜永生','XSGL_BJGL_BJSH','AUDIT_YES'),
 (201303000011,'2013-03-15 23:59:33',0x01,0x01,'2013-03-15 23:59:33','2013-03-15',201303000002,'rtdfdfadfadferfad','杜永生','XSGL_BJGL_BJQR','PRICE_NO'),
 (201303000012,'2013-03-16 00:00:52',0x01,0x01,'2013-03-16 00:00:52','2013-03-16',201303000002,'我不希望有再不同意了。','杜永生','XSGL_BJGL_BJSH','AUDIT_NO'),
 (201303000013,'2013-03-16 00:01:14',0x01,0x01,'2013-03-16 00:01:14','2013-03-16',201303000002,'asdfasdfetag','杜永生','XSGL_BJGL_BJSH','AUDIT_YES'),
 (201303000014,'2013-03-16 00:01:29',0x01,0x01,'2013-03-16 00:01:29','2013-03-16',201303000002,'这次客户已经满意了。','杜永生','XSGL_BJGL_BJQR','PRICE_YES'),
 (201303000015,'2013-03-16 00:04:21',0x01,0x01,'2013-03-16 00:04:21','2013-03-16',201303000003,'asdtyasdgcagc','杜永生','XSGL_BJGL_BJSH','AUDIT_NO'),
 (201303000016,'2013-03-16 00:04:39',0x01,0x01,'2013-03-16 00:04:39','2013-03-16',201303000003,'asdfaetadf','杜永生','XSGL_BJGL_BJSH','AUDIT_YES'),
 (201303000017,'2013-03-16 00:04:49',0x01,0x01,'2013-03-16 00:04:49','2013-03-16',201303000003,'asdfartasd','杜永生','XSGL_BJGL_BJQR','PRICE_NO'),
 (201303000018,'2013-03-16 00:05:15',0x01,0x01,'2013-03-16 00:05:15','2013-03-16',201303000003,'sdfryfgs','杜永生','XSGL_BJGL_BJSH','AUDIT_YES'),
 (201303000019,'2013-03-16 00:05:23',0x01,0x01,'2013-03-16 00:05:23','2013-03-16',201303000003,'asdfrtafdfs','杜永生','XSGL_BJGL_BJQR','PRICE_YES'),
 (201303000020,'2013-03-16 10:16:43',0x01,0x01,'2013-03-16 10:16:43','2013-03-16',201303000004,'同意此报价','杜永生','XSGL_BJGL_BJSH','AUDIT_YES'),
 (201303000021,'2013-03-17 09:54:55',0x01,0x01,'2013-03-17 09:54:55','2013-03-17',201303000005,'不同意此采购，仓库还有库存。','杜永生','CGGL_WLCG','AUDIT_NO'),
 (201303000022,'2013-03-17 09:55:35',0x01,0x01,'2013-03-17 09:55:35','2013-03-17',201303000005,'同意此采购单','杜永生','CGGL_WLCG','AUDIT_YES'),
 (201303000023,'2013-03-17 09:57:13',0x01,0x01,'2013-03-17 09:57:13','2013-03-17',201303000005,'同意此采购单','杜永生','CGGL_WLCG','AUDIT_YES'),
 (201303000024,'2013-03-17 09:57:18',0x01,0x01,'2013-03-17 09:57:18','2013-03-17',201303000005,'同意此采购单','杜永生','CGGL_WLCG','AUDIT_YES'),
 (201303000025,'2013-03-17 09:59:59',0x01,0x01,'2013-03-17 09:59:59','2013-03-17',201303000005,'同意此采购单','杜永生','CGGL_WLCG','AUDIT_YES'),
 (201303000026,'2013-03-17 10:05:22',0x01,0x01,'2013-03-17 10:05:22','2013-03-17',201303000005,'同意此采购单','杜永生','CGGL_WLCG','AUDIT_YES'),
 (201303000027,'2013-03-17 10:09:00',0x01,0x01,'2013-03-17 10:09:00','2013-03-17',201303000005,'asdfasdf','杜永生','CGGL_WLCG','AUDIT_YES'),
 (201303000028,'2013-03-17 10:09:34',0x01,0x01,'2013-03-17 10:09:34','2013-03-17',201303000005,'asdfasdf','杜永生','CGGL_WLCG','AUDIT_YES'),
 (201303000029,'2013-03-17 10:12:38',0x01,0x01,'2013-03-17 10:12:38','2013-03-17',201303000005,'asdfasdf','杜永生','CGGL_WLCG','AUDIT_YES'),
 (201303000030,'2013-03-17 10:17:02',0x01,0x01,'2013-03-17 10:17:02','2013-03-17',201303000004,'fgdfgadfa','杜永生','CGGL_WLCG','AUDIT_YES'),
 (201303000031,'2013-03-17 15:33:19',0x01,0x01,'2013-03-17 15:33:19','2013-03-17',201303000005,'同意此采购单的退回。','杜永生','CGGL_WLCG_CGTH','AUDIT_YES'),
 (201303000032,'2013-03-17 15:57:25',0x01,0x01,'2013-03-17 15:57:25','2013-03-17',201303000006,'同意此报价。','杜永生','XSGL_BJGL_BJSH','AUDIT_YES'),
 (201303000033,'2013-03-17 16:00:25',0x01,0x01,'2013-03-17 16:00:25','2013-03-17',201303000006,'客户同意此报价。','杜永生','XSGL_BJGL_BJQR','PRICE_YES');
/*!40000 ALTER TABLE `xm_audit_mind` ENABLE KEYS */;


--
-- Definition of table `xm_buy_order`
--

DROP TABLE IF EXISTS `xm_buy_order`;
CREATE TABLE `xm_buy_order` (
  `id` bigint(20) NOT NULL,
  `createTime` varchar(255) NOT NULL,
  `flag` bit(1) NOT NULL,
  `status` bit(1) NOT NULL,
  `updateTime` varchar(255) NOT NULL,
  `addDate` varchar(10) DEFAULT NULL,
  `addId` bigint(20) DEFAULT NULL,
  `addName` varchar(20) DEFAULT NULL,
  `address` varchar(50) DEFAULT NULL,
  `auditDate` varchar(10) DEFAULT NULL,
  `auditId` bigint(20) DEFAULT NULL,
  `auditName` varchar(20) DEFAULT NULL,
  `auditState` varchar(20) DEFAULT NULL,
  `clientId` bigint(20) DEFAULT NULL,
  `code` varchar(15) NOT NULL,
  `fax` varchar(20) DEFAULT NULL,
  `followDate` varchar(10) DEFAULT NULL,
  `followId` bigint(20) DEFAULT NULL,
  `followName` varchar(20) DEFAULT NULL,
  `followState` varchar(20) DEFAULT NULL,
  `grade` varchar(10) DEFAULT NULL,
  `linkman` varchar(20) DEFAULT NULL,
  `mobile` varchar(20) DEFAULT NULL,
  `name` varchar(30) DEFAULT NULL,
  `nopay` double DEFAULT NULL,
  `payfor` double DEFAULT NULL,
  `payment` double DEFAULT NULL,
  `phone` varchar(20) DEFAULT NULL,
  `postcode` varchar(6) DEFAULT NULL,
  `state` varchar(20) DEFAULT NULL,
  `tel` varchar(20) DEFAULT NULL,
  `total` double DEFAULT NULL,
  `backState` varchar(15) DEFAULT NULL,
  `balanceState` varchar(20) DEFAULT NULL,
  `cause` varchar(50) DEFAULT NULL,
  `deliver` varchar(255) DEFAULT NULL,
  `inState` varchar(10) DEFAULT NULL,
  `fk_payment_id` bigint(20) DEFAULT NULL,
  `fk_ticket_id` bigint(20) DEFAULT NULL,
  PRIMARY KEY (`id`),
  UNIQUE KEY `id` (`id`),
  UNIQUE KEY `code` (`code`),
  KEY `FK8D42878B9C34A388` (`fk_payment_id`),
  KEY `FK8D42878BAB210E0E` (`fk_ticket_id`),
  CONSTRAINT `FK8D42878B9C34A388` FOREIGN KEY (`fk_payment_id`) REFERENCES `base_category` (`id`),
  CONSTRAINT `FK8D42878BAB210E0E` FOREIGN KEY (`fk_ticket_id`) REFERENCES `base_category` (`id`)
) ENGINE=InnoDB DEFAULT CHARSET=utf8;

--
-- Dumping data for table `xm_buy_order`
--

/*!40000 ALTER TABLE `xm_buy_order` DISABLE KEYS */;
INSERT INTO `xm_buy_order` (`id`,`createTime`,`flag`,`status`,`updateTime`,`addDate`,`addId`,`addName`,`address`,`auditDate`,`auditId`,`auditName`,`auditState`,`clientId`,`code`,`fax`,`followDate`,`followId`,`followName`,`followState`,`grade`,`linkman`,`mobile`,`name`,`nopay`,`payfor`,`payment`,`phone`,`postcode`,`state`,`tel`,`total`,`backState`,`balanceState`,`cause`,`deliver`,`inState`,`fk_payment_id`,`fk_ticket_id`) VALUES 
 (201303000004,'2013-03-16 18:48:42',0x01,0x01,'2013-03-17 10:17:04','2013-03-16',201209000001,'杜永生','广东省中山市三乡镇大布城桂工业中心',NULL,NULL,NULL,'AUDIT_YES',201303000002,'CG20130300005',NULL,NULL,NULL,NULL,NULL,NULL,'王小姐','13434505720','广东皮料进口清关代理公司',22,0,22,'0760-85564117',NULL,'CGGL_WLCG_CGGL',NULL,10,NULL,'BALANCE_WAIT',NULL,NULL,'IN_YES',NULL,NULL),
 (201303000005,'2013-03-17 09:26:20',0x01,0x01,'2013-03-17 15:33:19','2013-03-17',201209000001,'杜永生','广东省中山市三乡镇大布城桂工业中心',NULL,NULL,NULL,'AUDIT_YES',201303000002,'CG20130300008',NULL,NULL,NULL,NULL,NULL,NULL,'王小姐','13434505720','广东皮料进口清关代理公司',240,10,250,'0760-85564117','528463','CGGL_WLCG_CGTH',NULL,100,'BACK_YES','BALANCE_WAIT','20D闪光平布码的价格与我司签定采购价不一致。',NULL,'IN_NO',NULL,NULL);
/*!40000 ALTER TABLE `xm_buy_order` ENABLE KEYS */;


--
-- Definition of table `xm_buy_order_list`
--

DROP TABLE IF EXISTS `xm_buy_order_list`;
CREATE TABLE `xm_buy_order_list` (
  `id` bigint(20) NOT NULL,
  `createTime` varchar(255) NOT NULL,
  `flag` bit(1) NOT NULL,
  `status` bit(1) NOT NULL,
  `updateTime` varchar(255) NOT NULL,
  `amount` double DEFAULT NULL,
  `inAmount` double DEFAULT NULL,
  `mateId` bigint(20) DEFAULT NULL,
  `name` varchar(50) DEFAULT NULL,
  `price` double DEFAULT NULL,
  `remark` varchar(50) DEFAULT NULL,
  `spec` varchar(20) DEFAULT NULL,
  `unit` varchar(10) DEFAULT NULL,
  `fk_order_id` bigint(20) DEFAULT NULL,
  PRIMARY KEY (`id`),
  UNIQUE KEY `id` (`id`),
  KEY `FKBCD8E0D2CDD816D2` (`fk_order_id`),
  CONSTRAINT `FKBCD8E0D2CDD816D2` FOREIGN KEY (`fk_order_id`) REFERENCES `xm_buy_order` (`id`)
) ENGINE=InnoDB DEFAULT CHARSET=utf8;

--
-- Dumping data for table `xm_buy_order_list`
--

/*!40000 ALTER TABLE `xm_buy_order_list` DISABLE KEYS */;
INSERT INTO `xm_buy_order_list` (`id`,`createTime`,`flag`,`status`,`updateTime`,`amount`,`inAmount`,`mateId`,`name`,`price`,`remark`,`spec`,`unit`,`fk_order_id`) VALUES 
 (201303000001,'2013-03-16 18:48:42',0x01,0x01,'2013-03-17 15:34:09',10,10,201303000002,'20D闪光平布',2.2,'','码','个',201303000004),
 (201303000004,'2013-03-17 09:55:05',0x01,0x01,'2013-03-17 09:55:05',100,0,201303000002,'20D闪光平布',2.5,'','码','个',201303000005);
/*!40000 ALTER TABLE `xm_buy_order_list` ENABLE KEYS */;


--
-- Definition of table `xm_buy_price`
--

DROP TABLE IF EXISTS `xm_buy_price`;
CREATE TABLE `xm_buy_price` (
  `id` bigint(20) NOT NULL,
  `createTime` varchar(255) NOT NULL,
  `flag` bit(1) NOT NULL,
  `status` bit(1) NOT NULL,
  `updateTime` varchar(255) NOT NULL,
  `addDate` varchar(10) DEFAULT NULL,
  `addId` bigint(20) DEFAULT NULL,
  `addName` varchar(20) DEFAULT NULL,
  `address` varchar(50) DEFAULT NULL,
  `auditDate` varchar(10) DEFAULT NULL,
  `auditId` bigint(20) DEFAULT NULL,
  `auditName` varchar(20) DEFAULT NULL,
  `auditState` varchar(20) DEFAULT NULL,
  `clientId` bigint(20) DEFAULT NULL,
  `code` varchar(15) NOT NULL,
  `fax` varchar(20) DEFAULT NULL,
  `followDate` varchar(10) DEFAULT NULL,
  `followId` bigint(20) DEFAULT NULL,
  `followName` varchar(20) DEFAULT NULL,
  `followState` varchar(20) DEFAULT NULL,
  `grade` varchar(10) DEFAULT NULL,
  `linkman` varchar(20) DEFAULT NULL,
  `mobile` varchar(20) DEFAULT NULL,
  `name` varchar(30) DEFAULT NULL,
  `nopay` double DEFAULT NULL,
  `payfor` double DEFAULT NULL,
  `payment` double DEFAULT NULL,
  `phone` varchar(20) DEFAULT NULL,
  `postcode` varchar(6) DEFAULT NULL,
  `state` varchar(20) DEFAULT NULL,
  `tel` varchar(20) DEFAULT NULL,
  `total` double DEFAULT NULL,
  `askType` varchar(10) DEFAULT NULL,
  `fk_payment_id` bigint(20) DEFAULT NULL,
  `fk_ticket_id` bigint(20) DEFAULT NULL,
  PRIMARY KEY (`id`),
  UNIQUE KEY `id` (`id`),
  UNIQUE KEY `code` (`code`),
  KEY `FK8D50B1869C34A388` (`fk_payment_id`),
  KEY `FK8D50B186AB210E0E` (`fk_ticket_id`),
  CONSTRAINT `FK8D50B1869C34A388` FOREIGN KEY (`fk_payment_id`) REFERENCES `base_category` (`id`),
  CONSTRAINT `FK8D50B186AB210E0E` FOREIGN KEY (`fk_ticket_id`) REFERENCES `base_category` (`id`)
) ENGINE=InnoDB DEFAULT CHARSET=utf8;

--
-- Dumping data for table `xm_buy_price`
--

/*!40000 ALTER TABLE `xm_buy_price` DISABLE KEYS */;
INSERT INTO `xm_buy_price` (`id`,`createTime`,`flag`,`status`,`updateTime`,`addDate`,`addId`,`addName`,`address`,`auditDate`,`auditId`,`auditName`,`auditState`,`clientId`,`code`,`fax`,`followDate`,`followId`,`followName`,`followState`,`grade`,`linkman`,`mobile`,`name`,`nopay`,`payfor`,`payment`,`phone`,`postcode`,`state`,`tel`,`total`,`askType`,`fk_payment_id`,`fk_ticket_id`) VALUES 
 (201303000001,'2013-03-16 16:29:16',0x01,0x01,'2013-03-16 17:23:54','2013-03-16',201209000001,'杜永生','广东省中山市三乡镇大布城桂工业中心',NULL,NULL,NULL,'ASK_OK',201303000002,'XJ20130300002',NULL,NULL,NULL,NULL,NULL,NULL,'王小姐','13434505720','广东皮料进口清关代理公司',NULL,NULL,22,'0760-85564117',NULL,'CGGL_WLZX_XJGL',NULL,10,'MEET',NULL,NULL);
/*!40000 ALTER TABLE `xm_buy_price` ENABLE KEYS */;


--
-- Definition of table `xm_buy_price_list`
--

DROP TABLE IF EXISTS `xm_buy_price_list`;
CREATE TABLE `xm_buy_price_list` (
  `id` bigint(20) NOT NULL,
  `createTime` varchar(255) NOT NULL,
  `flag` bit(1) NOT NULL,
  `status` bit(1) NOT NULL,
  `updateTime` varchar(255) NOT NULL,
  `amount` double DEFAULT NULL,
  `mateId` bigint(20) DEFAULT NULL,
  `name` varchar(50) DEFAULT NULL,
  `price` double DEFAULT NULL,
  `remark` varchar(255) DEFAULT NULL,
  `spec` varchar(20) DEFAULT NULL,
  `unit` varchar(10) DEFAULT NULL,
  `fk_order_id` bigint(20) DEFAULT NULL,
  PRIMARY KEY (`id`),
  UNIQUE KEY `id` (`id`),
  KEY `FK388CBBB7CDE640CD` (`fk_order_id`),
  CONSTRAINT `FK388CBBB7CDE640CD` FOREIGN KEY (`fk_order_id`) REFERENCES `xm_buy_price` (`id`)
) ENGINE=InnoDB DEFAULT CHARSET=utf8;

--
-- Dumping data for table `xm_buy_price_list`
--

/*!40000 ALTER TABLE `xm_buy_price_list` DISABLE KEYS */;
INSERT INTO `xm_buy_price_list` (`id`,`createTime`,`flag`,`status`,`updateTime`,`amount`,`mateId`,`name`,`price`,`remark`,`spec`,`unit`,`fk_order_id`) VALUES 
 (201303000002,'2013-03-16 16:34:30',0x01,0x01,'2013-03-16 17:23:54',10,201303000002,'20D闪光平布',2.2,'','码','个',201303000001);
/*!40000 ALTER TABLE `xm_buy_price_list` ENABLE KEYS */;


--
-- Definition of table `xm_order_budget`
--

DROP TABLE IF EXISTS `xm_order_budget`;
CREATE TABLE `xm_order_budget` (
  `id` bigint(20) NOT NULL,
  `createTime` varchar(255) NOT NULL,
  `flag` bit(1) NOT NULL,
  `status` bit(1) NOT NULL,
  `updateTime` varchar(255) NOT NULL,
  `amount` double NOT NULL,
  `code` varchar(15) NOT NULL,
  `dataId` bigint(20) NOT NULL,
  `name` varchar(100) NOT NULL,
  `price` double NOT NULL,
  `remark` varchar(50) DEFAULT NULL,
  `sort` varchar(10) NOT NULL,
  `unit` varchar(10) NOT NULL,
  PRIMARY KEY (`id`),
  UNIQUE KEY `id` (`id`)
) ENGINE=InnoDB DEFAULT CHARSET=utf8;

--
-- Dumping data for table `xm_order_budget`
--

/*!40000 ALTER TABLE `xm_order_budget` DISABLE KEYS */;
INSERT INTO `xm_order_budget` (`id`,`createTime`,`flag`,`status`,`updateTime`,`amount`,`code`,`dataId`,`name`,`price`,`remark`,`sort`,`unit`) VALUES 
 (201301000001,'2013-02-26 21:35:52',0x01,0x01,'2013-02-26 21:35:52',12,'DD20130200006',201302000016,'test',123.06,NULL,'COST','个'),
 (201301000002,'2013-02-26 21:37:02',0x01,0x01,'2013-02-26 21:37:02',12,'DD20130200006',201302000016,'test',123.06,NULL,'COST','个'),
 (201301000003,'2013-02-26 21:37:06',0x01,0x01,'2013-02-26 21:37:06',12,'DD20130200006',201302000016,'test',123.06,NULL,'COST','个'),
 (201302000001,'2013-02-22 00:31:50',0x01,0x01,'2013-02-22 00:31:50',23,'DD20130200001',201302000004,'abafd',125,NULL,'COST','箱'),
 (201302000002,'2013-02-22 00:31:50',0x01,0x01,'2013-02-22 00:31:50',159,'DD20130200001',201302000004,'dfasdfade',35,NULL,'COST','千克'),
 (201302000003,'2013-02-22 00:38:00',0x01,0x01,'2013-02-22 00:38:00',15,'DD20130200001',201302000004,'dfasdfade',10,NULL,'COST','千克'),
 (201302000004,'2013-02-22 00:38:00',0x01,0x01,'2013-02-22 00:38:00',23,'DD20130200001',201302000004,'abafd',12,NULL,'COST','箱'),
 (201302000005,'2013-02-22 00:38:01',0x01,0x01,'2013-02-22 00:38:01',10,'DD20130200001',201302000004,'bce',1.3,NULL,'COST','个'),
 (201302000006,'2013-02-22 00:54:29',0x01,0x01,'2013-02-22 00:54:29',10,'DD20130200001',201302000004,'bce',1.3,NULL,'COST','个'),
 (201302000007,'2013-02-22 00:54:30',0x01,0x01,'2013-02-22 00:54:30',23,'DD20130200001',201302000004,'abafd',12,NULL,'COST','箱'),
 (201302000008,'2013-02-22 00:54:30',0x01,0x01,'2013-02-22 00:54:30',15,'DD20130200001',201302000004,'dfasdfade',10,NULL,'COST','千克'),
 (201302000009,'2013-02-26 21:41:36',0x01,0x01,'2013-02-26 21:41:36',12,'DD20130200006',201302000016,'test',123.06,NULL,'COST','个'),
 (201302000010,'2013-02-26 21:41:36',0x01,0x01,'2013-02-26 21:41:36',12,'DD20130200006',201302000016,'test',123.06,NULL,'COST','个'),
 (201302000011,'2013-02-26 21:41:36',0x01,0x01,'2013-02-26 21:41:36',12,'DD20130200006',201302000016,'test',123.06,NULL,'COST','个'),
 (201302000016,'2013-02-26 21:57:37',0x01,0x01,'2013-02-26 21:57:37',2,'DD20130200008',201302000018,'面料',2.5,NULL,'COST','米'),
 (201302000017,'2013-02-26 22:15:55',0x01,0x01,'2013-02-26 22:15:55',10,'DD20130200008',201302000018,'包装',0.1,NULL,'WAGE','袋'),
 (201303000001,'2013-03-03 19:10:24',0x01,0x01,'2013-03-03 19:10:24',2,'DD20130300004',201303000004,'面料',12.5,NULL,'COST','米');
/*!40000 ALTER TABLE `xm_order_budget` ENABLE KEYS */;


--
-- Definition of table `xm_product_mate`
--

DROP TABLE IF EXISTS `xm_product_mate`;
CREATE TABLE `xm_product_mate` (
  `id` bigint(20) NOT NULL,
  `createTime` varchar(19) NOT NULL,
  `flag` bit(1) NOT NULL,
  `status` bit(1) NOT NULL,
  `updateTime` varchar(19) NOT NULL,
  `amount` decimal(12,2) NOT NULL,
  `code` varchar(10) NOT NULL,
  `mateId` bigint(20) NOT NULL,
  `name` varchar(60) NOT NULL,
  `price` decimal(12,2) NOT NULL,
  `proId` bigint(20) NOT NULL,
  `total` decimal(12,2) NOT NULL,
  `unit` varchar(10) NOT NULL,
  PRIMARY KEY (`id`),
  UNIQUE KEY `id` (`id`)
) ENGINE=InnoDB DEFAULT CHARSET=utf8;

--
-- Dumping data for table `xm_product_mate`
--

/*!40000 ALTER TABLE `xm_product_mate` DISABLE KEYS */;
INSERT INTO `xm_product_mate` (`id`,`createTime`,`flag`,`status`,`updateTime`,`amount`,`code`,`mateId`,`name`,`price`,`proId`,`total`,`unit`) VALUES 
 (201303000023,'2013-03-20 21:48:39',0x01,0x01,'2013-03-20 21:48:39','1.00','201300007',201303000002,'20D闪光平布','2.20',201303000002,'2.20','个'),
 (201303000024,'2013-03-20 21:48:40',0x01,0x01,'2013-03-20 21:48:40','1.00','201300006',201303000001,'物料01','10.00',201303000002,'10.00','个'),
 (201303000027,'2013-03-21 22:35:50',0x01,0x01,'2013-03-21 22:35:50','1.00','201300006',201303000001,'物料01','10.00',201303000004,'10.00','个'),
 (201303000028,'2013-03-21 22:35:51',0x01,0x01,'2013-03-21 22:35:51','1.00','201300007',201303000002,'20D闪光平布','2.20',201303000004,'2.20','个');
/*!40000 ALTER TABLE `xm_product_mate` ENABLE KEYS */;


--
-- Definition of table `xm_product_price`
--

DROP TABLE IF EXISTS `xm_product_price`;
CREATE TABLE `xm_product_price` (
  `id` bigint(20) NOT NULL,
  `createTime` varchar(255) NOT NULL,
  `flag` bit(1) NOT NULL,
  `status` bit(1) NOT NULL,
  `updateTime` varchar(255) NOT NULL,
  `addDate` varchar(10) DEFAULT NULL,
  `addId` bigint(20) DEFAULT NULL,
  `addName` varchar(20) DEFAULT NULL,
  `address` varchar(50) DEFAULT NULL,
  `auditDate` varchar(10) DEFAULT NULL,
  `auditId` bigint(20) DEFAULT NULL,
  `auditName` varchar(20) DEFAULT NULL,
  `auditState` varchar(20) DEFAULT NULL,
  `clientId` bigint(20) DEFAULT NULL,
  `code` varchar(15) NOT NULL,
  `fax` varchar(20) DEFAULT NULL,
  `followDate` varchar(10) DEFAULT NULL,
  `followId` bigint(20) DEFAULT NULL,
  `followName` varchar(20) DEFAULT NULL,
  `followState` varchar(20) DEFAULT NULL,
  `grade` varchar(10) DEFAULT NULL,
  `linkman` varchar(20) DEFAULT NULL,
  `mobile` varchar(20) DEFAULT NULL,
  `name` varchar(30) DEFAULT NULL,
  `nopay` double DEFAULT NULL,
  `payfor` double DEFAULT NULL,
  `payment` double DEFAULT NULL,
  `phone` varchar(20) DEFAULT NULL,
  `postcode` varchar(6) DEFAULT NULL,
  `state` varchar(20) DEFAULT NULL,
  `tel` varchar(20) DEFAULT NULL,
  `total` double DEFAULT NULL,
  `askState` varchar(15) DEFAULT NULL,
  `askType` varchar(10) DEFAULT NULL,
  `fk_payment_id` bigint(20) DEFAULT NULL,
  `fk_ticket_id` bigint(20) DEFAULT NULL,
  PRIMARY KEY (`id`),
  UNIQUE KEY `id` (`id`),
  UNIQUE KEY `code` (`code`),
  KEY `FK228C422F9C34A388` (`fk_payment_id`),
  KEY `FK228C422FAB210E0E` (`fk_ticket_id`),
  CONSTRAINT `FK228C422F9C34A388` FOREIGN KEY (`fk_payment_id`) REFERENCES `base_category` (`id`),
  CONSTRAINT `FK228C422FAB210E0E` FOREIGN KEY (`fk_ticket_id`) REFERENCES `base_category` (`id`)
) ENGINE=InnoDB DEFAULT CHARSET=utf8;

--
-- Dumping data for table `xm_product_price`
--

/*!40000 ALTER TABLE `xm_product_price` DISABLE KEYS */;
INSERT INTO `xm_product_price` (`id`,`createTime`,`flag`,`status`,`updateTime`,`addDate`,`addId`,`addName`,`address`,`auditDate`,`auditId`,`auditName`,`auditState`,`clientId`,`code`,`fax`,`followDate`,`followId`,`followName`,`followState`,`grade`,`linkman`,`mobile`,`name`,`nopay`,`payfor`,`payment`,`phone`,`postcode`,`state`,`tel`,`total`,`askState`,`askType`,`fk_payment_id`,`fk_ticket_id`) VALUES 
 (201303000002,'2013-03-15 23:50:17',0x01,0x01,'2013-03-16 00:01:29','2013-03-15',201209000001,'杜永生','福建省厦门市中山八路78号',NULL,NULL,NULL,'AUDIT_YES',201303000001,'BJ20130300002','0760-8554130',NULL,NULL,NULL,NULL,NULL,'雷丽华','13178698994','广东京通资讯科技有限公司',4800,0,4800,'0760-86685628','528463','XSGL_BJGL_BJGL','0760-86685628',150,'CONFIRM_YES',NULL,NULL,NULL),
 (201303000003,'2013-03-16 00:03:49',0x01,0x01,'2013-03-16 00:05:24','2013-03-16',201209000001,'杜永生','福建省厦门市中山八路78号',NULL,NULL,NULL,'AUDIT_YES',201303000001,'BJ20130300003','0760-8554130',NULL,NULL,NULL,NULL,NULL,'雷丽华','13178698994','广东京通资讯科技有限公司',3750,0,3750,'0760-86685628','528463','XSGL_BJGL_BJGL','0760-86685628',75,'CONFIRM_YES','EXPRESS',NULL,NULL),
 (201303000004,'2013-03-16 08:37:15',0x01,0x01,'2013-03-16 10:16:43','2013-03-16',201209000001,'杜永生','福建省厦门市中山八路78号','2013-03-16',201209000001,'杜永生','AUDIT_YES',201303000001,'BJ20130300004','0760-8554130',NULL,NULL,NULL,NULL,NULL,'雷丽华','13178698994','广东京通资讯科技有限公司',2400,0,2400,'0760-86685628','528463','XSGL_BJGL_BJQR','0760-86685628',20,'CONFIRM_WAIT','MEET',NULL,NULL),
 (201303000005,'2013-03-16 08:55:24',0x01,0x01,'2013-03-16 08:55:24','2013-03-16',201209000001,'杜永生','广东省中山市文昌东路51',NULL,NULL,NULL,NULL,201303000002,'BJ20130300005',NULL,NULL,NULL,NULL,NULL,NULL,'李小红','13178698994','三乡车站',2825,0,2825,'0760-23386601','528463','XSGL_BJGL_CPBJ','0760-23386601',45,NULL,'MEET',NULL,NULL),
 (201303000006,'2013-03-17 15:56:15',0x01,0x01,'2013-03-17 16:00:25','2013-03-17',201209000001,'杜永生','福建省厦门市中山八路78号','2013-03-17',201209000001,'杜永生','AUDIT_YES',201303000001,'BJ20130300006','0760-8554130',NULL,NULL,NULL,NULL,NULL,'雷丽华','13178698994','广东京通资讯科技有限公司',3180,0,3180,'0760-86685628','528463','XSGL_BJGL_BJGL','0760-86685628',53,'CONFIRM_YES','POST',NULL,NULL);
/*!40000 ALTER TABLE `xm_product_price` ENABLE KEYS */;


--
-- Definition of table `xm_product_price_list`
--

DROP TABLE IF EXISTS `xm_product_price_list`;
CREATE TABLE `xm_product_price_list` (
  `id` bigint(20) NOT NULL,
  `createTime` varchar(255) NOT NULL,
  `flag` bit(1) NOT NULL,
  `status` bit(1) NOT NULL,
  `updateTime` varchar(255) NOT NULL,
  `amount` int(11) DEFAULT NULL,
  `name` varchar(100) NOT NULL,
  `price` double DEFAULT NULL,
  `proId` bigint(20) DEFAULT NULL,
  `remark` varchar(50) DEFAULT NULL,
  `size` varchar(10) NOT NULL,
  `unit` varchar(10) DEFAULT NULL,
  `fk_order_id` bigint(20) DEFAULT NULL,
  PRIMARY KEY (`id`),
  UNIQUE KEY `id` (`id`),
  KEY `FK8A6E2CAEBA9F8C40` (`fk_order_id`),
  CONSTRAINT `FK8A6E2CAEBA9F8C40` FOREIGN KEY (`fk_order_id`) REFERENCES `xm_product_price` (`id`)
) ENGINE=InnoDB DEFAULT CHARSET=utf8;

--
-- Dumping data for table `xm_product_price_list`
--

/*!40000 ALTER TABLE `xm_product_price_list` DISABLE KEYS */;
INSERT INTO `xm_product_price_list` (`id`,`createTime`,`flag`,`status`,`updateTime`,`amount`,`name`,`price`,`proId`,`remark`,`size`,`unit`,`fk_order_id`) VALUES 
 (201303000017,'2013-03-16 00:01:06',0x01,0x01,'2013-03-16 00:01:06',150,'衣服',32,201303000001,'','xl','个',201303000002),
 (201303000036,'2013-03-16 00:04:59',0x01,0x01,'2013-03-16 00:04:59',5,'衣服',50,201303000001,'','xxxl','个',201303000003),
 (201303000037,'2013-03-16 00:04:59',0x01,0x01,'2013-03-16 00:04:59',13,'衣服',50,201303000001,'','xxl','个',201303000003),
 (201303000038,'2013-03-16 00:04:59',0x01,0x01,'2013-03-16 00:04:59',20,'衣服',50,201303000001,'','xl','个',201303000003),
 (201303000039,'2013-03-16 00:04:59',0x01,0x01,'2013-03-16 00:04:59',15,'衣服',50,201303000001,'','l','个',201303000003),
 (201303000040,'2013-03-16 00:04:59',0x01,0x01,'2013-03-16 00:04:59',12,'衣服',50,201303000001,'','m','个',201303000003),
 (201303000041,'2013-03-16 00:04:59',0x01,0x01,'2013-03-16 00:04:59',10,'衣服',50,201303000001,'','s','个',201303000003),
 (201303000044,'2013-03-16 08:55:24',0x01,0x01,'2013-03-16 08:55:24',10,'英伦范儿百褶裙',60,201303000002,'','m','件',201303000005),
 (201303000045,'2013-03-16 08:55:24',0x01,0x01,'2013-03-16 08:55:24',25,'女生抹胸裙裸露',65,201303000004,'','m','件',201303000005),
 (201303000046,'2013-03-16 08:55:24',0x01,0x01,'2013-03-16 08:55:24',10,'英伦范儿百褶裙',60,201303000002,'','l','件',201303000005),
 (201303000047,'2013-03-16 10:14:47',0x01,0x01,'2013-03-16 10:14:47',10,'衣服',120,201303000001,'','l','个',201303000004),
 (201303000048,'2013-03-16 10:14:47',0x01,0x01,'2013-03-16 10:14:47',10,'衣服',120,201303000001,'','xl','个',201303000004),
 (201303000053,'2013-03-17 15:56:25',0x01,0x01,'2013-03-17 15:56:25',8,'英伦范儿百褶裙',60,201303000002,'','XL','件',201303000006),
 (201303000054,'2013-03-17 15:56:25',0x01,0x01,'2013-03-17 15:56:25',15,'英伦范儿百褶裙',60,201303000002,'','L','件',201303000006),
 (201303000055,'2013-03-17 15:56:25',0x01,0x01,'2013-03-17 15:56:25',20,'英伦范儿百褶裙',60,201303000002,'','M','件',201303000006),
 (201303000056,'2013-03-17 15:56:25',0x01,0x01,'2013-03-17 15:56:25',10,'英伦范儿百褶裙',60,201303000002,'','S','件',201303000006);
/*!40000 ALTER TABLE `xm_product_price_list` ENABLE KEYS */;


--
-- Definition of table `xm_product_work`
--

DROP TABLE IF EXISTS `xm_product_work`;
CREATE TABLE `xm_product_work` (
  `id` bigint(20) NOT NULL COMMENT '流水号',
  `createtime` varchar(20) NOT NULL COMMENT '创建时间',
  `updatetime` varchar(20) NOT NULL COMMENT '更新时间',
  `flag` bit(1) NOT NULL COMMENT '标记',
  `status` bit(1) NOT NULL COMMENT '状态',
  `fk_product_id` bigint(20) NOT NULL COMMENT '产品ID',
  `workId` bigint(20) NOT NULL COMMENT '工序ID',
  `code` varchar(10) NOT NULL COMMENT '工序编号',
  `name` varchar(60) NOT NULL COMMENT '工序名称',
  `amount` decimal(12,2) NOT NULL COMMENT '数量',
  `price` decimal(12,2) NOT NULL COMMENT '价格',
  `total` decimal(12,2) NOT NULL COMMENT '金额',
  PRIMARY KEY (`id`),
  UNIQUE KEY `id` (`id`),
  KEY `FK962816B3F6BF6B8` (`fk_product_id`),
  CONSTRAINT `FK962816B3F6BF6B8` FOREIGN KEY (`fk_product_id`) REFERENCES `base_product` (`id`)
) ENGINE=InnoDB DEFAULT CHARSET=utf8;

--
-- Dumping data for table `xm_product_work`
--

/*!40000 ALTER TABLE `xm_product_work` DISABLE KEYS */;
INSERT INTO `xm_product_work` (`id`,`createtime`,`updatetime`,`flag`,`status`,`fk_product_id`,`workId`,`code`,`name`,`amount`,`price`,`total`) VALUES 
 (201303000017,'2013-03-20 21:48:40','2013-03-20 21:48:40',0x01,0x01,201303000002,201303000007,'201300008','针车','1.00','0.25','0.25'),
 (201303000018,'2013-03-20 21:48:40','2013-03-20 21:48:40',0x01,0x01,201303000002,201303000004,'201300005','袖子','1.00','0.35','0.35'),
 (201303000019,'2013-03-20 21:48:40','2013-03-20 21:48:40',0x01,0x01,201303000002,201303000005,'201300006','衣领','1.00','0.25','0.25'),
 (201303000024,'2013-03-21 22:35:51','2013-03-21 22:35:51',0x01,0x01,201303000004,201303000007,'201300008','针车','1.00','0.25','0.25'),
 (201303000025,'2013-03-21 22:35:51','2013-03-21 22:35:51',0x01,0x01,201303000004,201303000006,'201300007','剪板','1.00','0.50','0.50'),
 (201303000026,'2013-03-21 22:35:51','2013-03-21 22:35:51',0x01,0x01,201303000004,201303000005,'201300006','衣领','1.00','0.25','0.25'),
 (201303000027,'2013-03-21 22:35:51','2013-03-21 22:35:51',0x01,0x01,201303000004,201303000004,'201300005','袖子','1.00','0.35','0.35');
/*!40000 ALTER TABLE `xm_product_work` ENABLE KEYS */;


--
-- Definition of table `xm_sell_order`
--

DROP TABLE IF EXISTS `xm_sell_order`;
CREATE TABLE `xm_sell_order` (
  `id` bigint(20) NOT NULL,
  `createTime` varchar(255) NOT NULL,
  `flag` bit(1) NOT NULL,
  `status` bit(1) NOT NULL,
  `updateTime` varchar(255) NOT NULL,
  `addDate` varchar(255) DEFAULT NULL,
  `addId` bigint(20) DEFAULT NULL,
  `addName` varchar(255) DEFAULT NULL,
  `address` varchar(255) DEFAULT NULL,
  `askDate` varchar(255) DEFAULT NULL,
  `askId` bigint(20) DEFAULT NULL,
  `askName` varchar(255) DEFAULT NULL,
  `askState` varchar(20) DEFAULT NULL,
  `auditDate` varchar(255) DEFAULT NULL,
  `auditId` bigint(20) DEFAULT NULL,
  `auditName` varchar(255) DEFAULT NULL,
  `auditState` varchar(255) DEFAULT NULL,
  `clientId` bigint(20) DEFAULT NULL,
  `code` varchar(255) NOT NULL,
  `fax` varchar(255) DEFAULT NULL,
  `followDate` varchar(255) DEFAULT NULL,
  `followId` bigint(20) DEFAULT NULL,
  `followName` varchar(255) DEFAULT NULL,
  `grade` varchar(255) DEFAULT NULL,
  `linkman` varchar(255) DEFAULT NULL,
  `mobile` varchar(255) DEFAULT NULL,
  `name` varchar(255) DEFAULT NULL,
  `nopay` double DEFAULT NULL,
  `payfor` double DEFAULT NULL,
  `payment` double DEFAULT NULL,
  `phone` varchar(255) DEFAULT NULL,
  `postcode` varchar(255) DEFAULT NULL,
  `state` varchar(255) DEFAULT NULL,
  `tel` varchar(255) DEFAULT NULL,
  `total` double DEFAULT NULL,
  `deliver` varchar(255) DEFAULT NULL,
  `fk_ask_id` bigint(20) DEFAULT NULL,
  `fk_payment_id` bigint(20) DEFAULT NULL,
  `fk_ticket_id` bigint(20) DEFAULT NULL,
  `fk_sort_id` bigint(20) DEFAULT NULL,
  `balance` double DEFAULT NULL,
  `budget` double DEFAULT NULL,
  `cost` double DEFAULT NULL,
  `costkState` varchar(20) DEFAULT NULL,
  `makeState` varchar(20) DEFAULT NULL,
  `followState` varchar(20) DEFAULT NULL,
  `balanceState` varchar(20) DEFAULT NULL,
  `budgetState` varchar(20) DEFAULT NULL,
  `outState` varchar(20) DEFAULT NULL,
  `signState` varchar(20) DEFAULT NULL,
  PRIMARY KEY (`id`),
  UNIQUE KEY `id` (`id`),
  UNIQUE KEY `code` (`code`),
  KEY `FK5D783FAB1D7F2BBC` (`fk_sort_id`),
  KEY `FK5D783FAB9C34A388` (`fk_payment_id`),
  KEY `FK5D783FABAB210E0E` (`fk_ticket_id`),
  KEY `FK5D783FAB879D8F35` (`fk_ask_id`),
  CONSTRAINT `FK5D783FAB1D7F2BBC` FOREIGN KEY (`fk_sort_id`) REFERENCES `base_category` (`id`),
  CONSTRAINT `FK5D783FAB879D8F35` FOREIGN KEY (`fk_ask_id`) REFERENCES `base_category` (`id`),
  CONSTRAINT `FK5D783FAB9C34A388` FOREIGN KEY (`fk_payment_id`) REFERENCES `base_category` (`id`),
  CONSTRAINT `FK5D783FABAB210E0E` FOREIGN KEY (`fk_ticket_id`) REFERENCES `base_category` (`id`)
) ENGINE=InnoDB DEFAULT CHARSET=utf8;

--
-- Dumping data for table `xm_sell_order`
--

/*!40000 ALTER TABLE `xm_sell_order` DISABLE KEYS */;
INSERT INTO `xm_sell_order` (`id`,`createTime`,`flag`,`status`,`updateTime`,`addDate`,`addId`,`addName`,`address`,`askDate`,`askId`,`askName`,`askState`,`auditDate`,`auditId`,`auditName`,`auditState`,`clientId`,`code`,`fax`,`followDate`,`followId`,`followName`,`grade`,`linkman`,`mobile`,`name`,`nopay`,`payfor`,`payment`,`phone`,`postcode`,`state`,`tel`,`total`,`deliver`,`fk_ask_id`,`fk_payment_id`,`fk_ticket_id`,`fk_sort_id`,`balance`,`budget`,`cost`,`costkState`,`makeState`,`followState`,`balanceState`,`budgetState`,`outState`,`signState`) VALUES 
 (201303000002,'2013-03-14 21:25:27',0x01,0x01,'2013-03-16 10:43:11',NULL,NULL,NULL,'福建省厦门市中山八路78号',NULL,NULL,NULL,NULL,NULL,NULL,NULL,NULL,201303000001,'DD20130300006','0760-8554130',NULL,NULL,NULL,'GENERAL','雷丽华','13178698994','广东京通资讯科技有限公司',22419.64,1700.36,24120,'0760-86685628',NULL,'XSGL_DDGL_DDGL','0760-86685628',201,'2013-05-25',NULL,NULL,NULL,NULL,NULL,NULL,NULL,NULL,NULL,NULL,NULL,NULL,NULL,NULL),
 (201303000003,'2013-03-14 22:39:36',0x01,0x01,'2013-03-16 10:40:38','2013-03-14',201209000001,'杜永生','福建省厦门市中山八路78号',NULL,NULL,NULL,NULL,NULL,NULL,NULL,NULL,201303000001,'DD20130300007','0760-8554130',NULL,NULL,NULL,'GENERAL','雷丽华','13178698994','广东京通资讯科技有限公司',3750,0,8100,'0760-86685628',NULL,'XSGL_DDGL_DDGL','0760-86685628',162,'2013-04-30',NULL,NULL,NULL,NULL,NULL,NULL,NULL,NULL,NULL,NULL,NULL,NULL,NULL,NULL),
 (201303000004,'2013-03-16 10:44:58',0x01,0x01,'2013-03-17 16:23:50','2013-03-16',201209000001,'杜永生','广东省中山市文昌东路51',NULL,NULL,NULL,NULL,'2013-03-17',201209000001,'杜永生','AUDIT_YES',201303000002,'DD20130300008',NULL,NULL,NULL,NULL,'GENERAL',NULL,NULL,'三乡车站',950,1000,1950,'0760-23386601',NULL,'SCGL_DDSC','0760-23386601',30,'2013-04-26',NULL,NULL,NULL,NULL,NULL,NULL,NULL,NULL,'MAKE_WAIT',NULL,NULL,NULL,NULL,'SIGN_OK'),
 (201303000005,'2013-03-17 16:06:29',0x01,0x01,'2013-03-17 16:06:29','2013-03-17',201209000001,'杜永生','福建省厦门市中山八路78号',NULL,NULL,NULL,NULL,NULL,NULL,NULL,'AUDIT_YES',201303000001,'DD20130300009','0760-8554130',NULL,NULL,NULL,'GENERAL','雷丽华','13178698994','广东京通资讯科技有限公司',2180,1000,3180,'0760-86685628',NULL,'SCGL_DDSC','0760-86685628',53,'2013-03-29',NULL,NULL,NULL,NULL,NULL,NULL,NULL,NULL,'MAKE_WAIT',NULL,NULL,NULL,NULL,'SIGN_OK'),
 (201303000006,'2013-03-17 16:10:34',0x01,0x01,'2013-03-23 16:12:37','2013-03-17',201209000001,'杜永生','广东省中山市文昌东路51',NULL,NULL,NULL,NULL,NULL,NULL,NULL,'AUDIT_YES',201303000002,'DD20130300010',NULL,NULL,NULL,NULL,'GENERAL',NULL,NULL,'三乡车站',4670,10,4680,'0760-23386601',NULL,'SCGL_DDSC','0760-23386601',78,'2013-03-29',NULL,NULL,NULL,NULL,NULL,NULL,NULL,NULL,'MAKE_PROCESS',NULL,NULL,NULL,NULL,'SIGN_OK');
/*!40000 ALTER TABLE `xm_sell_order` ENABLE KEYS */;


--
-- Definition of table `xm_sell_order_list`
--

DROP TABLE IF EXISTS `xm_sell_order_list`;
CREATE TABLE `xm_sell_order_list` (
  `id` bigint(20) NOT NULL,
  `createTime` varchar(255) NOT NULL,
  `flag` bit(1) NOT NULL,
  `status` bit(1) NOT NULL,
  `updateTime` varchar(255) NOT NULL,
  `amount` int(11) DEFAULT NULL,
  `price` double DEFAULT NULL,
  `proId` bigint(20) DEFAULT NULL,
  `remark` varchar(255) DEFAULT NULL,
  `unit` varchar(255) DEFAULT NULL,
  `fk_order_id` bigint(20) DEFAULT NULL,
  `name` varchar(50) DEFAULT NULL,
  `size` varchar(10) DEFAULT NULL,
  `budget` decimal(19,2) DEFAULT NULL,
  `outAmount` int(11) DEFAULT NULL,
  `inAmount` int(11) DEFAULT NULL,
  `code` varchar(10) DEFAULT NULL,
  PRIMARY KEY (`id`),
  UNIQUE KEY `id` (`id`),
  KEY `FKF8113CB298C4CC42` (`fk_order_id`),
  CONSTRAINT `FKF8113CB298C4CC42` FOREIGN KEY (`fk_order_id`) REFERENCES `xm_sell_order` (`id`)
) ENGINE=InnoDB DEFAULT CHARSET=utf8;

--
-- Dumping data for table `xm_sell_order_list`
--

/*!40000 ALTER TABLE `xm_sell_order_list` DISABLE KEYS */;
INSERT INTO `xm_sell_order_list` (`id`,`createTime`,`flag`,`status`,`updateTime`,`amount`,`price`,`proId`,`remark`,`unit`,`fk_order_id`,`name`,`size`,`budget`,`outAmount`,`inAmount`,`code`) VALUES 
 (201303000013,'2013-03-16 10:40:39',0x01,0x01,'2013-03-16 10:40:39',102,50,201303000001,'','个',201303000003,'衣服','s',NULL,NULL,NULL,NULL),
 (201303000014,'2013-03-16 10:40:39',0x01,0x01,'2013-03-16 10:40:39',12,50,201303000001,'','个',201303000003,'衣服','m',NULL,NULL,NULL,NULL),
 (201303000015,'2013-03-16 10:40:39',0x01,0x01,'2013-03-16 10:40:39',15,50,201303000001,'','个',201303000003,'衣服','l',NULL,NULL,NULL,NULL),
 (201303000016,'2013-03-16 10:40:39',0x01,0x01,'2013-03-16 10:40:39',20,50,201303000001,'','个',201303000003,'衣服','xl',NULL,NULL,NULL,NULL),
 (201303000017,'2013-03-16 10:40:39',0x01,0x01,'2013-03-16 10:40:39',13,50,201303000001,'','个',201303000003,'衣服','xxl',NULL,NULL,NULL,NULL),
 (201303000018,'2013-03-16 10:43:11',0x01,0x01,'2013-03-16 10:43:11',98,120,201303000001,'','个',201303000002,'衣服','M',NULL,NULL,NULL,NULL),
 (201303000019,'2013-03-16 10:43:11',0x01,0x01,'2013-03-16 10:43:11',103,120,201303000001,'','个',201303000002,'衣服','L',NULL,NULL,NULL,NULL),
 (201303000021,'2013-03-17 16:06:29',0x01,0x01,'2013-03-17 16:06:29',10,60,201303000002,'','件',201303000005,'英伦范儿百褶裙','S',NULL,NULL,NULL,NULL),
 (201303000022,'2013-03-17 16:06:29',0x01,0x01,'2013-03-17 16:06:29',20,60,201303000002,'','件',201303000005,'英伦范儿百褶裙','M',NULL,NULL,NULL,NULL),
 (201303000023,'2013-03-17 16:06:29',0x01,0x01,'2013-03-17 16:06:29',15,60,201303000002,'','件',201303000005,'英伦范儿百褶裙','L',NULL,NULL,NULL,NULL),
 (201303000024,'2013-03-17 16:06:29',0x01,0x01,'2013-03-17 16:06:29',8,60,201303000002,'','件',201303000005,'英伦范儿百褶裙','XL',NULL,NULL,NULL,NULL),
 (201303000031,'2013-03-17 16:10:51',0x01,0x01,'2013-03-17 16:10:51',3,60,201303000002,'','件',201303000006,'英伦范儿百褶裙','xxxl',NULL,NULL,NULL,NULL),
 (201303000032,'2013-03-17 16:10:51',0x01,0x01,'2013-03-17 16:10:51',5,60,201303000002,'','件',201303000006,'英伦范儿百褶裙','xx',NULL,NULL,NULL,NULL),
 (201303000033,'2013-03-17 16:10:51',0x01,0x01,'2013-03-17 16:10:51',10,60,201303000002,'','件',201303000006,'英伦范儿百褶裙','xl',NULL,NULL,NULL,NULL),
 (201303000034,'2013-03-17 16:10:51',0x01,0x01,'2013-03-17 16:10:51',20,60,201303000002,'','件',201303000006,'英伦范儿百褶裙','l',NULL,NULL,NULL,NULL),
 (201303000035,'2013-03-17 16:10:52',0x01,0x01,'2013-03-17 16:10:52',30,60,201303000002,'','件',201303000006,'英伦范儿百褶裙','m',NULL,NULL,NULL,NULL),
 (201303000036,'2013-03-17 16:10:52',0x01,0x01,'2013-03-17 16:10:52',10,60,201303000002,'','件',201303000006,'英伦范儿百褶裙','s',NULL,NULL,NULL,NULL),
 (201303000040,'2013-03-17 16:23:50',0x01,0x01,'2013-03-17 16:23:50',10,65,201303000004,'','件',201303000004,'女生抹胸裙裸露','l',NULL,NULL,NULL,NULL),
 (201303000041,'2013-03-17 16:23:50',0x01,0x01,'2013-03-17 16:23:50',10,65,201303000004,'','件',201303000004,'女生抹胸裙裸露','m',NULL,NULL,NULL,NULL),
 (201303000042,'2013-03-17 16:23:50',0x01,0x01,'2013-03-17 16:23:50',10,65,201303000004,'','件',201303000004,'女生抹胸裙裸露','s',NULL,NULL,NULL,NULL);
/*!40000 ALTER TABLE `xm_sell_order_list` ENABLE KEYS */;


--
-- Definition of table `xm_store_record`
--

DROP TABLE IF EXISTS `xm_store_record`;
CREATE TABLE `xm_store_record` (
  `id` bigint(20) NOT NULL,
  `createTime` varchar(255) NOT NULL,
  `flag` bit(1) NOT NULL,
  `status` bit(1) NOT NULL,
  `updateTime` varchar(255) NOT NULL,
  `amount` double NOT NULL,
  `name` varchar(50) NOT NULL,
  `sort` varchar(20) NOT NULL,
  `storeId` bigint(20) NOT NULL,
  `storeName` varchar(50) NOT NULL,
  `addId` bigint(20) NOT NULL,
  `addName` varchar(50) NOT NULL,
  PRIMARY KEY (`id`),
  UNIQUE KEY `id` (`id`)
) ENGINE=InnoDB DEFAULT CHARSET=utf8;

--
-- Dumping data for table `xm_store_record`
--

/*!40000 ALTER TABLE `xm_store_record` DISABLE KEYS */;
INSERT INTO `xm_store_record` (`id`,`createTime`,`flag`,`status`,`updateTime`,`amount`,`name`,`sort`,`storeId`,`storeName`,`addId`,`addName`) VALUES 
 (201303000003,'2013-03-13 21:11:20',0x01,0x01,'2013-03-13 21:11:20',10,'添加　物料01　的库存信息','CKGL_CKGL',201303000001,'总仓库',201209000001,'杜永生'),
 (201303000004,'2013-03-13 21:20:54',0x01,0x01,'2013-03-13 21:20:54',123,'衣服　null','CKGL_KCGL',201303000001,'总仓库',201209000001,'杜永生'),
 (201303000005,'2013-03-13 21:28:14',0x01,0x01,'2013-03-13 21:28:14',12345,'物料01','CKGL_KCGL',201303000001,'总仓库',201209000001,'杜永生'),
 (201303000006,'2013-03-13 21:28:42',0x01,0x01,'2013-03-13 21:28:42',159,'衣服　XL','CKGL_KCGL',201303000001,'总仓库',201209000001,'杜永生');
/*!40000 ALTER TABLE `xm_store_record` ENABLE KEYS */;


--
-- Definition of table `xm_visit_plan`
--

DROP TABLE IF EXISTS `xm_visit_plan`;
CREATE TABLE `xm_visit_plan` (
  `id` bigint(20) NOT NULL,
  `createTime` varchar(255) NOT NULL,
  `flag` bit(1) NOT NULL,
  `status` bit(1) NOT NULL,
  `updateTime` varchar(255) NOT NULL,
  `comId` bigint(20) DEFAULT NULL,
  `comName` bigint(20) DEFAULT NULL,
  `context` varchar(255) NOT NULL,
  `sort` varchar(255) DEFAULT NULL,
  `title` varchar(255) DEFAULT NULL,
  `fk_contact_id` bigint(20) DEFAULT NULL,
  `fk_employee_id` bigint(20) DEFAULT NULL,
  `fk_ploy_id` bigint(20) DEFAULT NULL,
  PRIMARY KEY (`id`),
  UNIQUE KEY `id` (`id`),
  KEY `FKE6CF59274468432E` (`fk_contact_id`),
  KEY `FKE6CF59277985EF74` (`fk_ploy_id`),
  KEY `FKE6CF59274FB4DAC1` (`fk_employee_id`),
  CONSTRAINT `FKE6CF59274468432E` FOREIGN KEY (`fk_contact_id`) REFERENCES `base_category` (`id`),
  CONSTRAINT `FKE6CF59274FB4DAC1` FOREIGN KEY (`fk_employee_id`) REFERENCES `base_employee` (`id`),
  CONSTRAINT `FKE6CF59277985EF74` FOREIGN KEY (`fk_ploy_id`) REFERENCES `base_category` (`id`)
) ENGINE=InnoDB DEFAULT CHARSET=utf8;

--
-- Dumping data for table `xm_visit_plan`
--

/*!40000 ALTER TABLE `xm_visit_plan` DISABLE KEYS */;
/*!40000 ALTER TABLE `xm_visit_plan` ENABLE KEYS */;


--
-- Definition of table `xm_work_report`
--

DROP TABLE IF EXISTS `xm_work_report`;
CREATE TABLE `xm_work_report` (
  `id` bigint(20) NOT NULL COMMENT '流水号',
  `createtime` varchar(19) NOT NULL COMMENT '创建时间',
  `updatetime` varchar(19) NOT NULL COMMENT '更新时间',
  `flag` bit(1) NOT NULL COMMENT '标记',
  `status` bit(1) NOT NULL COMMENT '状态',
  `fk_employee_id` bigint(20) DEFAULT NULL COMMENT '员工ID',
  `fk_product_id` bigint(20) DEFAULT NULL COMMENT '产品ID',
  `workId` bigint(20) DEFAULT NULL COMMENT '工序ID',
  `code` varchar(10) DEFAULT NULL COMMENT '工序编号',
  `name` varchar(60) DEFAULT NULL COMMENT '工序名称',
  `amount` decimal(12,2) DEFAULT NULL COMMENT '数量',
  `price` decimal(12,2) DEFAULT NULL COMMENT '价格',
  `total` decimal(12,2) DEFAULT NULL COMMENT '金额',
  `state` varchar(15) DEFAULT NULL COMMENT '结算状态',
  `addDate` varchar(10) DEFAULT NULL COMMENT '日期',
  PRIMARY KEY (`id`),
  UNIQUE KEY `id` (`id`),
  KEY `FK46274BD84FB4DAC1` (`fk_employee_id`),
  KEY `FK46274BD83F6BF6B8` (`fk_product_id`),
  CONSTRAINT `FK46274BD83F6BF6B8` FOREIGN KEY (`fk_product_id`) REFERENCES `base_product` (`id`),
  CONSTRAINT `FK46274BD84FB4DAC1` FOREIGN KEY (`fk_employee_id`) REFERENCES `base_employee` (`id`)
) ENGINE=InnoDB DEFAULT CHARSET=utf8;

--
-- Dumping data for table `xm_work_report`
--

/*!40000 ALTER TABLE `xm_work_report` DISABLE KEYS */;
INSERT INTO `xm_work_report` (`id`,`createtime`,`updatetime`,`flag`,`status`,`fk_employee_id`,`fk_product_id`,`workId`,`code`,`name`,`amount`,`price`,`total`,`state`,`addDate`) VALUES 
 (201303000007,'2013-03-22 00:17:22','2013-03-22 00:21:05',0x01,0x01,201209000001,201303000004,201303000005,'201300006','衣领','100.00','0.25','25.00','BALANCE_WAIT','2013-03-22'),
 (201303000008,'2013-03-22 00:22:28','2013-03-22 00:27:47',0x01,0x01,201209000001,201303000004,201303000007,'201300008','针车','250.00','0.25','62.50','BALANCE_WAIT','2013-03-14');
/*!40000 ALTER TABLE `xm_work_report` ENABLE KEYS */;




/*!40101 SET SQL_MODE=@OLD_SQL_MODE */;
/*!40014 SET FOREIGN_KEY_CHECKS=@OLD_FOREIGN_KEY_CHECKS */;
/*!40014 SET UNIQUE_CHECKS=@OLD_UNIQUE_CHECKS */;
/*!40101 SET CHARACTER_SET_CLIENT=@OLD_CHARACTER_SET_CLIENT */;
/*!40101 SET CHARACTER_SET_RESULTS=@OLD_CHARACTER_SET_RESULTS */;
/*!40101 SET COLLATION_CONNECTION=@OLD_COLLATION_CONNECTION */;
/*!40101 SET CHARACTER_SET_CLIENT=@OLD_CHARACTER_SET_CLIENT */;
