--base_department
INSERT INTO base_department (id,createTime,updateTime,flag,status,code,name,fk_department_id,managerId,manager,phone,fax) VALUES (201301000001,'2013-01-06 11:48:02','2013-01-06 11:48:02','1','1','01','信息中心',NULL,NULL,NULL,NULL,NULL);

--base_employee
INSERT INTO base_employee (id,createTime,flag,status,updateTime,blood,born,email,height,love,mobile,name,phone,postcode,qq,sex,weight,code,idcard,fk_department_id,fk_duty_id,fk_idtype_id,badd,bcode,bman,bname,fk_nation_id,fk_polity_id,address,photo,fk_city_id,fk_province_id,degree,school,specialty) VALUES (201209000001,'2012-09-09 09:30:39','1','1','2013-01-07 23:11:12','O','1985-10-10','duloveping@qq.com','123','打球','13652220051','杜永生','0760-86323161','528403','419116736','MALE','140','20120001','441621198510082231',201301000001,201301000006,201301000065,'三乡镇文昌路','9558802011112995902','杜永生','工商银行',201301000009,201301000115,'三乡镇三合村三合路一巷10号',NULL,201301000008,201301000007,NULL,NULL,NULL);

--sys_role
INSERT INTO sys_role (id,createTime,flag,status,updateTime,caption,code,name) VALUES (201209000002,'2012-09-08 20:57:50','1','1','2012-09-08 20:57:50','','ADMINISTRATOR','系统管理员');

--sys_user
INSERT INTO sys_user (id,createTime,flag,status,updateTime,password,username,fk_employee_id) VALUES (201209000001,'2012-09-06 21:54:01','1','1','2013-03-07 23:42:36','ac386807446b3fa23ae7e0a03705307a','admin',201209000001);

--sys_role_user
INSERT INTO sys_role_user (id,createTime,flag,status,updateTime,fk_role_id,fk_user_id) VALUES (201303000001,'2013-03-07 23:42:36','1','1','2013-03-07 23:42:36',201209000002,201209000001);

--sys_menu
INSERT INTO sys_menu (id,createTime,flag,status,updateTime,chName,enName,href,sort,parentId) VALUES (201303000002,'2013-03-10 17:00:33','1','1','2013-03-10 17:00:33','系统管理','XTGL',NULL,1,NULL);
INSERT INTO sys_menu (id,createTime,flag,status,updateTime,chName,enName,href,sort,parentId) VALUES (201303000003,'2013-03-10 17:02:14','1','1','2013-03-10 17:02:14','角色管理','XTGL_JSGL','/system/sys-role/index.jhtml',2,201303000002);
INSERT INTO sys_menu (id,createTime,flag,status,updateTime,chName,enName,href,sort,parentId) VALUES (201303000004,'2013-03-10 17:02:55','1','1','2013-03-10 17:02:55','用户管理','XTGL_YHGL','/system/sys-user/index.jhtml',2,201303000002);
INSERT INTO sys_menu (id,createTime,flag,status,updateTime,chName,enName,href,sort,parentId) VALUES (201303000005,'2013-03-10 17:03:51','1','1','2013-03-10 17:03:51','菜单管理','XTGL_CDGL','/system/sys-menu/index.jhtml',2,201303000002);
INSERT INTO sys_menu (id,createTime,flag,status,updateTime,chName,enName,href,sort,parentId) VALUES (201303000006,'2013-03-10 17:05:03','1','1','2013-03-10 17:05:03','基础信息管理','JCXXGL',NULL,1,NULL);
INSERT INTO sys_menu (id,createTime,flag,status,updateTime,chName,enName,href,sort,parentId) VALUES (201303000007,'2013-03-10 17:06:10','1','1','2013-03-10 17:06:10','员工管理','JCXXGL_YGGL','/basic/employee/index.jhtml',2,201303000006);
INSERT INTO sys_menu (id,createTime,flag,status,updateTime,chName,enName,href,sort,parentId) VALUES (201303000008,'2013-03-10 17:06:36','1','1','2013-03-10 17:06:36','客户管理','JCXXGL_KHGL','/basic/customer/index.jhtml',2,201303000006);
INSERT INTO sys_menu (id,createTime,flag,status,updateTime,chName,enName,href,sort,parentId) VALUES (201303000009,'2013-03-10 17:07:51','1','1','2013-03-10 17:07:51','供应商管理','JCXXGL_GYSGL','/basic/provider/index.jhtml',2,201303000006);
INSERT INTO sys_menu (id,createTime,flag,status,updateTime,chName,enName,href,sort,parentId) VALUES (201303000010,'2013-03-10 17:08:22','1','1','2013-03-10 17:08:22','物料管理','JCXXGL_WLGL','/basic/material/index.jhtml',2,201303000006);
INSERT INTO sys_menu (id,createTime,flag,status,updateTime,chName,enName,href,sort,parentId) VALUES (201303000011,'2013-03-10 17:08:48','1','1','2013-03-10 17:08:48','产品管理','JCXXGL_CPGL','/basic/product/index.jhtml',2,201303000006);
INSERT INTO sys_menu (id,createTime,flag,status,updateTime,chName,enName,href,sort,parentId) VALUES (201303000012,'2013-03-10 17:09:43','1','1','2013-03-10 17:09:43','工序管理','JCXXGL_GXGL','/basic/work/index.jhtml',2,201303000006);
INSERT INTO sys_menu (id,createTime,flag,status,updateTime,chName,enName,href,sort,parentId) VALUES (201303000013,'2013-03-10 17:10:07','1','1','2013-03-10 17:10:07','分类管理','JCXXGL_FLGL','/basic/category/index.jhtml',2,201303000006);
INSERT INTO sys_menu (id,createTime,flag,status,updateTime,chName,enName,href,sort,parentId) VALUES (201303000014,'2013-03-10 17:11:47','1','1','2013-03-10 17:11:51','销售管理','XSGL',NULL,1,NULL);
INSERT INTO sys_menu (id,createTime,flag,status,updateTime,chName,enName,href,sort,parentId) VALUES (201303000023,'2013-03-10 17:20:59','1','1','2013-03-10 17:20:59','采购管理','CGGL',NULL,1,NULL);
INSERT INTO sys_menu (id,createTime,flag,status,updateTime,chName,enName,href,sort,parentId) VALUES (201303000024,'2013-03-10 17:21:29','1','1','2013-03-10 17:21:29','物料咨询','CGGL_WLZX',NULL,2,201303000023);
INSERT INTO sys_menu (id,createTime,flag,status,updateTime,chName,enName,href,sort,parentId) VALUES (201303000025,'2013-03-10 17:22:07','1','1','2013-03-10 17:22:07','询价咨询','CGGL_WLZX_XJZX','/buy/buy-price/edit.jhtml',3,201303000024);
INSERT INTO sys_menu (id,createTime,flag,status,updateTime,chName,enName,href,sort,parentId) VALUES (201303000026,'2013-03-10 17:22:35','1','1','2013-03-10 17:22:35','询价确认','CGGL_WLZX_XJQR','/buy/buy-price-audit/index.jhtml',3,201303000024);
INSERT INTO sys_menu (id,createTime,flag,status,updateTime,chName,enName,href,sort,parentId) VALUES (201303000027,'2013-03-10 17:23:01','1','1','2013-03-10 17:23:01','询价管理','CGGL_WLZX_XJGL','/buy/buy-price/index.jhtml',3,201303000024);
INSERT INTO sys_menu (id,createTime,flag,status,updateTime,chName,enName,href,sort,parentId) VALUES (201303000029,'2013-03-10 17:24:48','1','1','2013-03-10 17:25:41','物料采购','CGGL_WLCG',NULL,2,201303000023);
INSERT INTO sys_menu (id,createTime,flag,status,updateTime,chName,enName,href,sort,parentId) VALUES (201303000030,'2013-03-10 17:26:13','1','1','2013-03-10 17:26:13','采购申请','CGGL_WLCG_CGSQ','/buy/buy-order/edit.jhtml',3,201303000029);
INSERT INTO sys_menu (id,createTime,flag,status,updateTime,chName,enName,href,sort,parentId) VALUES (201303000031,'2013-03-10 17:26:51','1','1','2013-03-10 17:26:51','采购审核','CGGL_WLCG_CGSH','/buy/buy-order-audit/index.jhtml',3,201303000029);
INSERT INTO sys_menu (id,createTime,flag,status,updateTime,chName,enName,href,sort,parentId) VALUES (201303000032,'2013-03-10 17:27:24','1','1','2013-03-10 17:27:24','采购入库','CGGL_WLCG_CGRK','/buy/buy-enter/index.jhtml',3,201303000029);
INSERT INTO sys_menu (id,createTime,flag,status,updateTime,chName,enName,href,sort,parentId) VALUES (201303000033,'2013-03-10 17:29:26','1','1','2013-03-10 17:29:26','退回审核','CGGL_WLCG_THSH','/buy/buy-back/index.jhtml',3,201303000029);
INSERT INTO sys_menu (id,createTime,flag,status,updateTime,chName,enName,href,sort,parentId) VALUES (201303000034,'2013-03-10 17:29:56','1','1','2013-03-10 17:29:56','仓库管理','CKGL',NULL,1,NULL);
INSERT INTO sys_menu (id,createTime,flag,status,updateTime,chName,enName,href,sort,parentId) VALUES (201303000035,'2013-03-10 17:31:11','1','1','2013-03-10 17:31:11','仓库管理','CKGL_CKGL','/store/store/index.jhtml',2,201303000034);
INSERT INTO sys_menu (id,createTime,flag,status,updateTime,chName,enName,href,sort,parentId) VALUES (201303000036,'2013-03-10 17:32:01','1','1','2013-03-10 17:32:01','库存管理','CKGL_KCGL','/store/storage/index.jhtml',2,201303000034);
INSERT INTO sys_menu (id,createTime,flag,status,updateTime,chName,enName,href,sort,parentId) VALUES (201303000038,'2013-03-10 17:33:01','1','1','2013-03-10 17:33:01','生产管理','SCGL',NULL,1,NULL);
INSERT INTO sys_menu (id,createTime,flag,status,updateTime,chName,enName,href,sort,parentId) VALUES (201303000039,'2013-03-10 17:33:30','1','1','2013-03-10 17:33:30','订单生产管理','SCGL_DDSCGL','/produce/order-make/index.jhtml',2,201303000038);
INSERT INTO sys_menu (id,createTime,flag,status,updateTime,chName,enName,href,sort,parentId) VALUES (201303000040,'2013-03-10 17:36:15','1','1','2013-03-10 17:36:15','采购管理','CGGL_WLCG_CGGL','/buy/buy-order/index.jhtml',3,201303000029);
INSERT INTO sys_menu (id,createTime,flag,status,updateTime,chName,enName,href,sort,parentId) VALUES (201303000041,'2013-03-14 19:39:19','1','1','2013-03-14 19:39:19','订单管理','XSGL_DDGL',NULL,2,201303000014);
INSERT INTO sys_menu (id,createTime,flag,status,updateTime,chName,enName,href,sort,parentId) VALUES (201303000042,'2013-03-14 19:40:53','1','1','2013-03-14 19:40:53','订单录入','XSGL_DDGL_DDLR','/sell/order/sell-order/edit.jhtml',3,201303000041);
INSERT INTO sys_menu (id,createTime,flag,status,updateTime,chName,enName,href,sort,parentId) VALUES (201303000048,'2013-03-14 23:41:02','1','1','2013-03-14 23:41:02','订单管理','XSGL_DDGL_DDGL','/sell/order/sell-order/index.jhtml',3,201303000041);
INSERT INTO sys_menu (id,createTime,flag,status,updateTime,chName,enName,href,sort,parentId) VALUES (201303000049,'2013-03-15 21:30:16','1','1','2013-03-15 21:30:16','报价管理','XSGL_BJGL',NULL,2,201303000014);
INSERT INTO sys_menu (id,createTime,flag,status,updateTime,chName,enName,href,sort,parentId) VALUES (201303000050,'2013-03-15 21:30:57','1','1','2013-03-15 21:30:57','产品报价','XSGL_BJGL_CPBJ','/sell/order/product-price/edit.jhtml',3,201303000049);
INSERT INTO sys_menu (id,createTime,flag,status,updateTime,chName,enName,href,sort,parentId) VALUES (201303000051,'2013-03-15 21:31:23','1','1','2013-03-15 21:31:23','报价审核','XSGL_BJGL_BJSH','/sell/order/audit-price/index.jhtml',3,201303000049);
INSERT INTO sys_menu (id,createTime,flag,status,updateTime,chName,enName,href,sort,parentId) VALUES (201303000052,'2013-03-15 21:31:44','1','1','2013-03-15 21:31:44','报价确认','XSGL_BJGL_BJQR','/sell/order/confirm-price/index.jhtml',3,201303000049);
INSERT INTO sys_menu (id,createTime,flag,status,updateTime,chName,enName,href,sort,parentId) VALUES (201303000053,'2013-03-15 21:32:21','1','1','2013-03-15 21:32:21','报价管理','XSGL_BJGL_BJGL','/sell/order/product-price/index.jhtml',3,201303000049);
INSERT INTO sys_menu (id,createTime,flag,status,updateTime,chName,enName,href,sort,parentId) VALUES (201303000055,'2013-03-21 23:40:27','1','1','2013-03-21 23:40:27','生产报告管理','SCGL_SCBGGL','/produce/work-report/index.jhtml',2,201303000038);
INSERT INTO sys_menu (id,createTime,flag,status,updateTime,chName,enName,href,sort,parentId) VALUES (201303000056,'2013-03-26 19:54:29','1','1','2013-03-26 19:54:29','部门管理','JCXXGL_BMGL','/basic/department/index.jhtml',2,201303000006);
INSERT INTO sys_menu (id,createTime,flag,status,updateTime,chName,enName,href,sort,parentId) VALUES (201304000001,'2013-04-02 20:20:34','1','1','2013-04-02 20:21:51','字典项管理','XTGL_ZDJGL','/system/sys-dict/index.jhtml',2,201303000002);

--sys_role_menu
INSERT INTO sys_role_menu (id,createTime,flag,status,updateTime,fk_menu_id,fk_role_id) VALUES (201304000001,'2013-04-02 20:20:43','1','1','2013-04-02 20:20:43',201303000038,201209000002);
INSERT INTO sys_role_menu (id,createTime,flag,status,updateTime,fk_menu_id,fk_role_id) VALUES (201304000002,'2013-04-02 20:20:43','1','1','2013-04-02 20:20:43',201303000055,201209000002);
INSERT INTO sys_role_menu (id,createTime,flag,status,updateTime,fk_menu_id,fk_role_id) VALUES (201304000003,'2013-04-02 20:20:43','1','1','2013-04-02 20:20:43',201303000039,201209000002);
INSERT INTO sys_role_menu (id,createTime,flag,status,updateTime,fk_menu_id,fk_role_id) VALUES (201304000004,'2013-04-02 20:20:43','1','1','2013-04-02 20:20:43',201303000034,201209000002);
INSERT INTO sys_role_menu (id,createTime,flag,status,updateTime,fk_menu_id,fk_role_id) VALUES (201304000005,'2013-04-02 20:20:43','1','1','2013-04-02 20:20:43',201303000036,201209000002);
INSERT INTO sys_role_menu (id,createTime,flag,status,updateTime,fk_menu_id,fk_role_id) VALUES (201304000006,'2013-04-02 20:20:43','1','1','2013-04-02 20:20:43',201303000035,201209000002);
INSERT INTO sys_role_menu (id,createTime,flag,status,updateTime,fk_menu_id,fk_role_id) VALUES (201304000007,'2013-04-02 20:20:43','1','1','2013-04-02 20:20:43',201303000023,201209000002);
INSERT INTO sys_role_menu (id,createTime,flag,status,updateTime,fk_menu_id,fk_role_id) VALUES (201304000008,'2013-04-02 20:20:43','1','1','2013-04-02 20:20:43',201303000029,201209000002);
INSERT INTO sys_role_menu (id,createTime,flag,status,updateTime,fk_menu_id,fk_role_id) VALUES (201304000009,'2013-04-02 20:20:43','1','1','2013-04-02 20:20:43',201303000040,201209000002);
INSERT INTO sys_role_menu (id,createTime,flag,status,updateTime,fk_menu_id,fk_role_id) VALUES (201304000010,'2013-04-02 20:20:44','1','1','2013-04-02 20:20:44',201303000033,201209000002);
INSERT INTO sys_role_menu (id,createTime,flag,status,updateTime,fk_menu_id,fk_role_id) VALUES (201304000011,'2013-04-02 20:20:44','1','1','2013-04-02 20:20:44',201303000032,201209000002);
INSERT INTO sys_role_menu (id,createTime,flag,status,updateTime,fk_menu_id,fk_role_id) VALUES (201304000012,'2013-04-02 20:20:44','1','1','2013-04-02 20:20:44',201303000031,201209000002);
INSERT INTO sys_role_menu (id,createTime,flag,status,updateTime,fk_menu_id,fk_role_id) VALUES (201304000013,'2013-04-02 20:20:44','1','1','2013-04-02 20:20:44',201303000030,201209000002);
INSERT INTO sys_role_menu (id,createTime,flag,status,updateTime,fk_menu_id,fk_role_id) VALUES (201304000014,'2013-04-02 20:20:44','1','1','2013-04-02 20:20:44',201303000024,201209000002);
INSERT INTO sys_role_menu (id,createTime,flag,status,updateTime,fk_menu_id,fk_role_id) VALUES (201304000015,'2013-04-02 20:20:44','1','1','2013-04-02 20:20:44',201303000027,201209000002);
INSERT INTO sys_role_menu (id,createTime,flag,status,updateTime,fk_menu_id,fk_role_id) VALUES (201304000016,'2013-04-02 20:20:44','1','1','2013-04-02 20:20:44',201303000026,201209000002);
INSERT INTO sys_role_menu (id,createTime,flag,status,updateTime,fk_menu_id,fk_role_id) VALUES (201304000017,'2013-04-02 20:20:44','1','1','2013-04-02 20:20:44',201303000025,201209000002);
INSERT INTO sys_role_menu (id,createTime,flag,status,updateTime,fk_menu_id,fk_role_id) VALUES (201304000018,'2013-04-02 20:20:44','1','1','2013-04-02 20:20:44',201303000014,201209000002);
INSERT INTO sys_role_menu (id,createTime,flag,status,updateTime,fk_menu_id,fk_role_id) VALUES (201304000019,'2013-04-02 20:20:44','1','1','2013-04-02 20:20:44',201303000049,201209000002);
INSERT INTO sys_role_menu (id,createTime,flag,status,updateTime,fk_menu_id,fk_role_id) VALUES (201304000020,'2013-04-02 20:20:44','1','1','2013-04-02 20:20:44',201303000053,201209000002);
INSERT INTO sys_role_menu (id,createTime,flag,status,updateTime,fk_menu_id,fk_role_id) VALUES (201304000021,'2013-04-02 20:20:44','1','1','2013-04-02 20:20:44',201303000052,201209000002);
INSERT INTO sys_role_menu (id,createTime,flag,status,updateTime,fk_menu_id,fk_role_id) VALUES (201304000022,'2013-04-02 20:20:44','1','1','2013-04-02 20:20:44',201303000051,201209000002);
INSERT INTO sys_role_menu (id,createTime,flag,status,updateTime,fk_menu_id,fk_role_id) VALUES (201304000023,'2013-04-02 20:20:44','1','1','2013-04-02 20:20:44',201303000050,201209000002);
INSERT INTO sys_role_menu (id,createTime,flag,status,updateTime,fk_menu_id,fk_role_id) VALUES (201304000024,'2013-04-02 20:20:45','1','1','2013-04-02 20:20:45',201303000041,201209000002);
INSERT INTO sys_role_menu (id,createTime,flag,status,updateTime,fk_menu_id,fk_role_id) VALUES (201304000025,'2013-04-02 20:20:45','1','1','2013-04-02 20:20:45',201303000048,201209000002);
INSERT INTO sys_role_menu (id,createTime,flag,status,updateTime,fk_menu_id,fk_role_id) VALUES (201304000026,'2013-04-02 20:20:45','1','1','2013-04-02 20:20:45',201303000042,201209000002);
INSERT INTO sys_role_menu (id,createTime,flag,status,updateTime,fk_menu_id,fk_role_id) VALUES (201304000027,'2013-04-02 20:20:45','1','1','2013-04-02 20:20:45',201303000006,201209000002);
INSERT INTO sys_role_menu (id,createTime,flag,status,updateTime,fk_menu_id,fk_role_id) VALUES (201304000028,'2013-04-02 20:20:45','1','1','2013-04-02 20:20:45',201303000056,201209000002);
INSERT INTO sys_role_menu (id,createTime,flag,status,updateTime,fk_menu_id,fk_role_id) VALUES (201304000029,'2013-04-02 20:20:45','1','1','2013-04-02 20:20:45',201303000013,201209000002);
INSERT INTO sys_role_menu (id,createTime,flag,status,updateTime,fk_menu_id,fk_role_id) VALUES (201304000030,'2013-04-02 20:20:45','1','1','2013-04-02 20:20:45',201303000012,201209000002);
INSERT INTO sys_role_menu (id,createTime,flag,status,updateTime,fk_menu_id,fk_role_id) VALUES (201304000031,'2013-04-02 20:20:45','1','1','2013-04-02 20:20:45',201303000011,201209000002);
INSERT INTO sys_role_menu (id,createTime,flag,status,updateTime,fk_menu_id,fk_role_id) VALUES (201304000032,'2013-04-02 20:20:45','1','1','2013-04-02 20:20:45',201303000010,201209000002);
INSERT INTO sys_role_menu (id,createTime,flag,status,updateTime,fk_menu_id,fk_role_id) VALUES (201304000033,'2013-04-02 20:20:45','1','1','2013-04-02 20:20:45',201303000009,201209000002);
INSERT INTO sys_role_menu (id,createTime,flag,status,updateTime,fk_menu_id,fk_role_id) VALUES (201304000034,'2013-04-02 20:20:45','1','1','2013-04-02 20:20:45',201303000008,201209000002);
INSERT INTO sys_role_menu (id,createTime,flag,status,updateTime,fk_menu_id,fk_role_id) VALUES (201304000035,'2013-04-02 20:20:45','1','1','2013-04-02 20:20:45',201303000007,201209000002);
INSERT INTO sys_role_menu (id,createTime,flag,status,updateTime,fk_menu_id,fk_role_id) VALUES (201304000036,'2013-04-02 20:20:45','1','1','2013-04-02 20:20:45',201303000002,201209000002);
INSERT INTO sys_role_menu (id,createTime,flag,status,updateTime,fk_menu_id,fk_role_id) VALUES (201304000037,'2013-04-02 20:20:45','1','1','2013-04-02 20:20:45',201304000001,201209000002);
INSERT INTO sys_role_menu (id,createTime,flag,status,updateTime,fk_menu_id,fk_role_id) VALUES (201304000038,'2013-04-02 20:20:45','1','1','2013-04-02 20:20:45',201303000005,201209000002);
INSERT INTO sys_role_menu (id,createTime,flag,status,updateTime,fk_menu_id,fk_role_id) VALUES (201304000039,'2013-04-02 20:20:46','1','1','2013-04-02 20:20:46',201303000004,201209000002);
INSERT INTO sys_role_menu (id,createTime,flag,status,updateTime,fk_menu_id,fk_role_id) VALUES (201304000040,'2013-04-02 20:20:46','1','1','2013-04-02 20:20:46',201303000003,201209000002);

--sys_app_sequence
INSERT INTO sys_app_sequence (id,createtime,updatetime,flag,status,enseqname,cnseqname,seqvalue) VALUES (118,'2013-01-07 19:10:36','2013-01-08 14:59:12',1,1,'AREA','地区编号','34');
INSERT INTO sys_app_sequence (id,createtime,updatetime,flag,status,enseqname,cnseqname,seqvalue) VALUES (119,'2013-01-07 19:10:54','2013-01-08 15:08:25',1,1,'AREA_01','地区编号','17');
INSERT INTO sys_app_sequence (id,createtime,updatetime,flag,status,enseqname,cnseqname,seqvalue) VALUES (137,'2013-01-08 15:11:36','2013-01-08 15:18:44',1,1,'AREA_04','地区编号','17');
INSERT INTO sys_app_sequence (id,createtime,updatetime,flag,status,enseqname,cnseqname,seqvalue) VALUES (138,'2013-01-08 15:21:01','2013-01-08 15:35:02',1,1,'AREA_05','地区编号','14');
INSERT INTO sys_app_sequence (id,createtime,updatetime,flag,status,enseqname,cnseqname,seqvalue) VALUES (139,'2013-01-08 15:38:03','2013-01-08 15:47:18',1,1,'AREA_06','地区编号','21');
INSERT INTO sys_app_sequence (id,createtime,updatetime,flag,status,enseqname,cnseqname,seqvalue) VALUES (140,'2013-01-08 15:48:20','2013-01-08 15:59:37',1,1,'AREA_07','地区编号','14');
INSERT INTO sys_app_sequence (id,createtime,updatetime,flag,status,enseqname,cnseqname,seqvalue) VALUES (141,'2013-01-08 16:11:23','2013-01-08 16:14:15',1,1,'AREA_08','地区编号','9');
INSERT INTO sys_app_sequence (id,createtime,updatetime,flag,status,enseqname,cnseqname,seqvalue) VALUES (142,'2013-01-08 16:15:08','2013-01-08 16:15:52',1,1,'AREA_09','地区编号','3');
INSERT INTO sys_app_sequence (id,createtime,updatetime,flag,status,enseqname,cnseqname,seqvalue) VALUES (143,'2013-01-08 16:17:26','2013-01-08 16:22:25',1,1,'AREA_10','地区编号','11');
INSERT INTO sys_app_sequence (id,createtime,updatetime,flag,status,enseqname,cnseqname,seqvalue) VALUES (144,'2013-01-08 16:23:43','2013-01-08 16:28:11',1,1,'AREA_11','地区编号','13');
INSERT INTO sys_app_sequence (id,createtime,updatetime,flag,status,enseqname,cnseqname,seqvalue) VALUES (145,'2013-01-08 16:29:28','2013-01-08 16:35:04',1,1,'AREA_12','地区编号','17');
INSERT INTO sys_app_sequence (id,createtime,updatetime,flag,status,enseqname,cnseqname,seqvalue) VALUES (146,'2013-01-08 16:37:00','2013-01-08 16:41:31',1,1,'AREA_14','地区编号','13');
INSERT INTO sys_app_sequence (id,createtime,updatetime,flag,status,enseqname,cnseqname,seqvalue) VALUES (147,'2013-01-08 16:51:40','2013-01-08 16:58:03',1,1,'AREA_15','地区编号','13');
INSERT INTO sys_app_sequence (id,createtime,updatetime,flag,status,enseqname,cnseqname,seqvalue) VALUES (148,'2013-01-08 17:10:52','2013-01-08 17:22:49',1,1,'AREA_16','地区编号','12');
INSERT INTO sys_app_sequence (id,createtime,updatetime,flag,status,enseqname,cnseqname,seqvalue) VALUES (149,'2013-01-08 19:41:07','2013-01-08 19:44:34',1,1,'AREA_17','地区编号','13');
INSERT INTO sys_app_sequence (id,createtime,updatetime,flag,status,enseqname,cnseqname,seqvalue) VALUES (150,'2013-01-08 19:45:44','2013-01-08 19:48:45',1,1,'AREA_18','地区编号','11');
INSERT INTO sys_app_sequence (id,createtime,updatetime,flag,status,enseqname,cnseqname,seqvalue) VALUES (151,'2013-01-08 19:49:20','2013-01-08 19:52:18',1,1,'AREA_19','地区编号','9');
INSERT INTO sys_app_sequence (id,createtime,updatetime,flag,status,enseqname,cnseqname,seqvalue) VALUES (152,'2013-01-08 19:49:38','2013-01-08 20:02:47',1,1,'AREA_20','地区编号','14');
INSERT INTO sys_app_sequence (id,createtime,updatetime,flag,status,enseqname,cnseqname,seqvalue) VALUES (153,'2013-01-08 20:09:32','2013-01-08 20:10:39',1,1,'AREA_22','地区编号','5');
INSERT INTO sys_app_sequence (id,createtime,updatetime,flag,status,enseqname,cnseqname,seqvalue) VALUES (154,'2013-01-08 20:12:44','2013-01-08 20:14:42',1,1,'AREA_23','地区编号','8');
INSERT INTO sys_app_sequence (id,createtime,updatetime,flag,status,enseqname,cnseqname,seqvalue) VALUES (155,'2013-01-08 20:15:16','2013-01-08 20:17:26',1,1,'AREA_24','地区编号','10');
INSERT INTO sys_app_sequence (id,createtime,updatetime,flag,status,enseqname,cnseqname,seqvalue) VALUES (156,'2013-01-08 20:20:03','2013-01-08 20:23:59',1,1,'AREA_25','地区编号','17');
INSERT INTO sys_app_sequence (id,createtime,updatetime,flag,status,enseqname,cnseqname,seqvalue) VALUES (157,'2013-01-08 20:27:12','2013-01-08 20:29:43',1,1,'AREA_27','地区编号','11');
INSERT INTO sys_app_sequence (id,createtime,updatetime,flag,status,enseqname,cnseqname,seqvalue) VALUES (158,'2013-01-08 20:33:17','2013-01-08 20:38:20',1,1,'AREA_28','地区编号','21');
INSERT INTO sys_app_sequence (id,createtime,updatetime,flag,status,enseqname,cnseqname,seqvalue) VALUES (159,'2013-01-08 20:40:51','2013-01-08 20:42:35',1,1,'AREA_29','地区编号','7');
INSERT INTO sys_app_sequence (id,createtime,updatetime,flag,status,enseqname,cnseqname,seqvalue) VALUES (160,'2013-01-08 20:44:50','2013-01-08 20:46:17',1,1,'AREA_31','地区编号','7');
INSERT INTO sys_app_sequence (id,createtime,updatetime,flag,status,enseqname,cnseqname,seqvalue) VALUES (161,'2013-01-08 20:49:15','2013-01-08 20:52:58',1,1,'AREA_32','地区编号','14');
INSERT INTO sys_app_sequence (id,createtime,updatetime,flag,status,enseqname,cnseqname,seqvalue) VALUES (162,'2013-01-08 20:54:06','2013-01-08 20:58:10',1,1,'AREA_33','地区编号','16');
INSERT INTO sys_app_sequence (id,createtime,updatetime,flag,status,enseqname,cnseqname,seqvalue) VALUES (163,'2013-01-08 20:59:14','2013-01-08 21:02:04',1,1,'AREA_34','地区编号','11');
INSERT INTO sys_app_sequence (id,createtime,updatetime,flag,status,enseqname,cnseqname,seqvalue) VALUES (164,'2013-01-08 21:03:09','2013-01-08 21:03:09',1,1,'AREA_02','地区编号','1');
INSERT INTO sys_app_sequence (id,createtime,updatetime,flag,status,enseqname,cnseqname,seqvalue) VALUES (165,'2013-01-08 21:03:33','2013-01-08 21:03:33',1,1,'AREA_30','地区编号','1');
INSERT INTO sys_app_sequence (id,createtime,updatetime,flag,status,enseqname,cnseqname,seqvalue) VALUES (166,'2013-01-08 21:04:00','2013-01-08 21:04:00',1,1,'AREA_26','地区编号','1');
INSERT INTO sys_app_sequence (id,createtime,updatetime,flag,status,enseqname,cnseqname,seqvalue) VALUES (167,'2013-01-08 21:04:25','2013-01-08 21:04:25',1,1,'AREA_03','地区编号','1');

--base_area
INSERT INTO base_area (id,createTime,updateTime,flag,status,code,name,fk_area_id) VALUES (201301000007,'2013-01-07 19:10:36','2013-01-08 14:48:51','1','1','01','安徽省',NULL);
INSERT INTO base_area (id,createTime,updateTime,flag,status,code,name,fk_area_id) VALUES (201301000008,'2013-01-07 19:10:54','2013-01-08 15:01:33','1','1','0101','安庆市',201301000007);
INSERT INTO base_area (id,createTime,updateTime,flag,status,code,name,fk_area_id) VALUES (201301000147,'2013-01-08 14:49:25','2013-01-08 14:49:25','1','1','02','北京市',NULL);
INSERT INTO base_area (id,createTime,updateTime,flag,status,code,name,fk_area_id) VALUES (201301000148,'2013-01-08 14:50:00','2013-01-08 14:50:00','1','1','03','重庆市',NULL);
INSERT INTO base_area (id,createTime,updateTime,flag,status,code,name,fk_area_id) VALUES (201301000149,'2013-01-08 14:50:17','2013-01-08 14:50:17','1','1','04','福建省',NULL);
INSERT INTO base_area (id,createTime,updateTime,flag,status,code,name,fk_area_id) VALUES (201301000150,'2013-01-08 14:50:38','2013-01-08 14:50:38','1','1','05','甘肃省',NULL);
INSERT INTO base_area (id,createTime,updateTime,flag,status,code,name,fk_area_id) VALUES (201301000151,'2013-01-08 14:50:52','2013-01-08 14:50:52','1','1','06','广东省',NULL);
INSERT INTO base_area (id,createTime,updateTime,flag,status,code,name,fk_area_id) VALUES (201301000152,'2013-01-08 14:51:08','2013-01-08 14:51:08','1','1','07','广西壮族自治区',NULL);
INSERT INTO base_area (id,createTime,updateTime,flag,status,code,name,fk_area_id) VALUES (201301000153,'2013-01-08 14:51:36','2013-01-08 14:51:36','1','1','08','贵州省',NULL);
INSERT INTO base_area (id,createTime,updateTime,flag,status,code,name,fk_area_id) VALUES (201301000154,'2013-01-08 14:51:48','2013-01-08 14:51:48','1','1','09','海南省',NULL);
INSERT INTO base_area (id,createTime,updateTime,flag,status,code,name,fk_area_id) VALUES (201301000155,'2013-01-08 14:51:59','2013-01-08 14:51:59','1','1','10','河北省',NULL);
INSERT INTO base_area (id,createTime,updateTime,flag,status,code,name,fk_area_id) VALUES (201301000156,'2013-01-08 14:52:16','2013-01-08 14:52:16','1','1','11','黑龙江',NULL);
INSERT INTO base_area (id,createTime,updateTime,flag,status,code,name,fk_area_id) VALUES (201301000157,'2013-01-08 14:52:50','2013-01-08 14:52:50','1','1','12','河南省',NULL);
INSERT INTO base_area (id,createTime,updateTime,flag,status,code,name,fk_area_id) VALUES (201301000158,'2013-01-08 14:53:11','2013-01-08 14:53:11','1','1','13','香港特别行政区',NULL);
INSERT INTO base_area (id,createTime,updateTime,flag,status,code,name,fk_area_id) VALUES (201301000159,'2013-01-08 14:53:44','2013-01-08 14:53:44','1','1','14','湖北省',NULL);
INSERT INTO base_area (id,createTime,updateTime,flag,status,code,name,fk_area_id) VALUES (201301000160,'2013-01-08 14:53:59','2013-01-08 14:53:59','1','1','15','湖南省',NULL);
INSERT INTO base_area (id,createTime,updateTime,flag,status,code,name,fk_area_id) VALUES (201301000161,'2013-01-08 14:54:42','2013-01-08 14:54:42','1','1','16','内蒙古自治区',NULL);
INSERT INTO base_area (id,createTime,updateTime,flag,status,code,name,fk_area_id) VALUES (201301000162,'2013-01-08 14:55:00','2013-01-08 14:55:00','1','1','17','江苏省',NULL);
INSERT INTO base_area (id,createTime,updateTime,flag,status,code,name,fk_area_id) VALUES (201301000163,'2013-01-08 14:55:13','2013-01-08 14:55:13','1','1','18','江西省',NULL);
INSERT INTO base_area (id,createTime,updateTime,flag,status,code,name,fk_area_id) VALUES (201301000164,'2013-01-08 14:55:29','2013-01-08 14:55:29','1','1','19','吉林省',NULL);
INSERT INTO base_area (id,createTime,updateTime,flag,status,code,name,fk_area_id) VALUES (201301000165,'2013-01-08 14:55:45','2013-01-08 14:55:45','1','1','20','辽宁省',NULL);
INSERT INTO base_area (id,createTime,updateTime,flag,status,code,name,fk_area_id) VALUES (201301000166,'2013-01-08 14:56:00','2013-01-08 14:56:00','1','1','21','澳门特别行政区',NULL);
INSERT INTO base_area (id,createTime,updateTime,flag,status,code,name,fk_area_id) VALUES (201301000167,'2013-01-08 14:56:16','2013-01-08 14:56:16','1','1','22','宁夏回族自治区',NULL);
INSERT INTO base_area (id,createTime,updateTime,flag,status,code,name,fk_area_id) VALUES (201301000168,'2013-01-08 14:56:31','2013-01-08 14:56:31','1','1','23','青海省',NULL);
INSERT INTO base_area (id,createTime,updateTime,flag,status,code,name,fk_area_id) VALUES (201301000169,'2013-01-08 14:56:42','2013-01-08 14:56:42','1','1','24','陕西省',NULL);
INSERT INTO base_area (id,createTime,updateTime,flag,status,code,name,fk_area_id) VALUES (201301000170,'2013-01-08 14:56:57','2013-01-08 14:56:57','1','1','25','山东省',NULL);
INSERT INTO base_area (id,createTime,updateTime,flag,status,code,name,fk_area_id) VALUES (201301000171,'2013-01-08 14:57:12','2013-01-08 14:57:12','1','1','26','上海市',NULL);
INSERT INTO base_area (id,createTime,updateTime,flag,status,code,name,fk_area_id) VALUES (201301000172,'2013-01-08 14:57:27','2013-01-08 14:57:27','1','1','27','山西省',NULL);
INSERT INTO base_area (id,createTime,updateTime,flag,status,code,name,fk_area_id) VALUES (201301000173,'2013-01-08 14:57:38','2013-01-08 14:57:38','1','1','28','四川省',NULL);
INSERT INTO base_area (id,createTime,updateTime,flag,status,code,name,fk_area_id) VALUES (201301000174,'2013-01-08 14:57:58','2013-01-08 14:57:58','1','1','29','台湾省',NULL);
INSERT INTO base_area (id,createTime,updateTime,flag,status,code,name,fk_area_id) VALUES (201301000175,'2013-01-08 14:58:13','2013-01-08 14:58:13','1','1','30','天津市',NULL);
INSERT INTO base_area (id,createTime,updateTime,flag,status,code,name,fk_area_id) VALUES (201301000176,'2013-01-08 14:58:24','2013-01-08 14:58:24','1','1','31','西藏自治区',NULL);
INSERT INTO base_area (id,createTime,updateTime,flag,status,code,name,fk_area_id) VALUES (201301000177,'2013-01-08 14:58:42','2013-01-08 14:58:42','1','1','32','新疆维吾尔自治区',NULL);
INSERT INTO base_area (id,createTime,updateTime,flag,status,code,name,fk_area_id) VALUES (201301000178,'2013-01-08 14:58:55','2013-01-08 14:58:55','1','1','33','云南省',NULL);
INSERT INTO base_area (id,createTime,updateTime,flag,status,code,name,fk_area_id) VALUES (201301000179,'2013-01-08 14:59:12','2013-01-08 14:59:12','1','1','34','浙江省',NULL);
INSERT INTO base_area (id,createTime,updateTime,flag,status,code,name,fk_area_id) VALUES (201301000180,'2013-01-08 15:02:28','2013-01-08 15:02:28','1','1','0102','蚌埠市',201301000007);
INSERT INTO base_area (id,createTime,updateTime,flag,status,code,name,fk_area_id) VALUES (201301000181,'2013-01-08 15:02:54','2013-01-08 15:02:54','1','1','0103','巢湖市',201301000007);
INSERT INTO base_area (id,createTime,updateTime,flag,status,code,name,fk_area_id) VALUES (201301000182,'2013-01-08 15:03:16','2013-01-08 15:03:16','1','1','0104','池州市',201301000007);
INSERT INTO base_area (id,createTime,updateTime,flag,status,code,name,fk_area_id) VALUES (201301000183,'2013-01-08 15:03:33','2013-01-08 15:03:33','1','1','0105','滁州市',201301000007);
INSERT INTO base_area (id,createTime,updateTime,flag,status,code,name,fk_area_id) VALUES (201301000184,'2013-01-08 15:03:56','2013-01-08 15:03:56','1','1','0106','阜阳市',201301000007);
INSERT INTO base_area (id,createTime,updateTime,flag,status,code,name,fk_area_id) VALUES (201301000185,'2013-01-08 15:04:17','2013-01-08 15:04:17','1','1','0107','亳州市',201301000007);
INSERT INTO base_area (id,createTime,updateTime,flag,status,code,name,fk_area_id) VALUES (201301000186,'2013-01-08 15:04:36','2013-01-08 15:04:36','1','1','0108','合肥市',201301000007);
INSERT INTO base_area (id,createTime,updateTime,flag,status,code,name,fk_area_id) VALUES (201301000187,'2013-01-08 15:05:01','2013-01-08 15:05:01','1','1','0109','淮北市',201301000007);
INSERT INTO base_area (id,createTime,updateTime,flag,status,code,name,fk_area_id) VALUES (201301000188,'2013-01-08 15:05:27','2013-01-08 15:05:27','1','1','0110','淮南市',201301000007);
INSERT INTO base_area (id,createTime,updateTime,flag,status,code,name,fk_area_id) VALUES (201301000189,'2013-01-08 15:05:48','2013-01-08 15:05:48','1','1','0111','黄山市',201301000007);
INSERT INTO base_area (id,createTime,updateTime,flag,status,code,name,fk_area_id) VALUES (201301000190,'2013-01-08 15:06:16','2013-01-08 15:06:16','1','1','0112','六安市',201301000007);
INSERT INTO base_area (id,createTime,updateTime,flag,status,code,name,fk_area_id) VALUES (201301000191,'2013-01-08 15:06:42','2013-01-08 15:06:42','1','1','0113','马鞍山市',201301000007);
INSERT INTO base_area (id,createTime,updateTime,flag,status,code,name,fk_area_id) VALUES (201301000192,'2013-01-08 15:07:10','2013-01-08 15:07:10','1','1','0114','宿州市',201301000007);
INSERT INTO base_area (id,createTime,updateTime,flag,status,code,name,fk_area_id) VALUES (201301000193,'2013-01-08 15:07:32','2013-01-08 15:07:32','1','1','0115','铜陵市',201301000007);
INSERT INTO base_area (id,createTime,updateTime,flag,status,code,name,fk_area_id) VALUES (201301000194,'2013-01-08 15:07:55','2013-01-08 15:07:55','1','1','0116','芜湖市',201301000007);
INSERT INTO base_area (id,createTime,updateTime,flag,status,code,name,fk_area_id) VALUES (201301000195,'2013-01-08 15:08:25','2013-01-08 15:08:25','1','1','0117','宣城市',201301000007);
INSERT INTO base_area (id,createTime,updateTime,flag,status,code,name,fk_area_id) VALUES (201301000196,'2013-01-08 15:11:36','2013-01-08 15:11:36','1','1','0401','福州市',201301000149);
INSERT INTO base_area (id,createTime,updateTime,flag,status,code,name,fk_area_id) VALUES (201301000197,'2013-01-08 15:11:59','2013-01-08 15:11:59','1','1','0402','龙岩市',201301000149);
INSERT INTO base_area (id,createTime,updateTime,flag,status,code,name,fk_area_id) VALUES (201301000198,'2013-01-08 15:12:26','2013-01-08 15:12:26','1','1','0403','南平市',201301000149);
INSERT INTO base_area (id,createTime,updateTime,flag,status,code,name,fk_area_id) VALUES (201301000199,'2013-01-08 15:12:52','2013-01-08 15:12:52','1','1','0404','宁德市',201301000149);
INSERT INTO base_area (id,createTime,updateTime,flag,status,code,name,fk_area_id) VALUES (201301000200,'2013-01-08 15:13:12','2013-01-08 15:13:12','1','1','0405','莆田市',201301000149);
INSERT INTO base_area (id,createTime,updateTime,flag,status,code,name,fk_area_id) VALUES (201301000201,'2013-01-08 15:13:34','2013-01-08 15:13:34','1','1','0406','泉州市',201301000149);
INSERT INTO base_area (id,createTime,updateTime,flag,status,code,name,fk_area_id) VALUES (201301000202,'2013-01-08 15:14:05','2013-01-08 15:14:05','1','1','0407','三明市',201301000149);
INSERT INTO base_area (id,createTime,updateTime,flag,status,code,name,fk_area_id) VALUES (201301000203,'2013-01-08 15:14:38','2013-01-08 15:14:38','1','1','0408','厦门市',201301000149);
INSERT INTO base_area (id,createTime,updateTime,flag,status,code,name,fk_area_id) VALUES (201301000204,'2013-01-08 15:15:01','2013-01-08 15:15:01','1','1','0409','漳州市',201301000149);
INSERT INTO base_area (id,createTime,updateTime,flag,status,code,name,fk_area_id) VALUES (201301000205,'2013-01-08 15:15:31','2013-01-08 15:15:31','1','1','0501','白银市',201301000150);
INSERT INTO base_area (id,createTime,updateTime,flag,status,code,name,fk_area_id) VALUES (201301000206,'2013-01-08 15:15:55','2013-01-08 15:15:55','1','1','0502','定西市',201301000150);
INSERT INTO base_area (id,createTime,updateTime,flag,status,code,name,fk_area_id) VALUES (201301000207,'2013-01-08 15:16:19','2013-01-08 15:16:19','1','1','0503','甘南州',201301000150);
INSERT INTO base_area (id,createTime,updateTime,flag,status,code,name,fk_area_id) VALUES (201301000208,'2013-01-08 15:16:48','2013-01-08 15:16:48','1','1','0504','嘉峪关市',201301000150);
INSERT INTO base_area (id,createTime,updateTime,flag,status,code,name,fk_area_id) VALUES (201301000209,'2013-01-08 15:17:15','2013-01-08 15:17:15','1','1','0505','金昌市',201301000150);
INSERT INTO base_area (id,createTime,updateTime,flag,status,code,name,fk_area_id) VALUES (201301000210,'2013-01-08 15:17:51','2013-01-08 15:17:51','1','1','0506','酒泉市',201301000150);
INSERT INTO base_area (id,createTime,updateTime,flag,status,code,name,fk_area_id) VALUES (201301000211,'2013-01-08 15:18:11','2013-01-08 15:18:11','1','1','0507','兰州市',201301000150);
INSERT INTO base_area (id,createTime,updateTime,flag,status,code,name,fk_area_id) VALUES (201301000212,'2013-01-08 15:18:44','2013-01-08 15:18:44','1','1','0508','临夏州',201301000150);
INSERT INTO base_area (id,createTime,updateTime,flag,status,code,name,fk_area_id) VALUES (201301000214,'2013-01-08 15:33:09','2013-01-08 15:33:09','1','1','0509','陇南市',201301000150);
INSERT INTO base_area (id,createTime,updateTime,flag,status,code,name,fk_area_id) VALUES (201301000215,'2013-01-08 15:33:29','2013-01-08 15:33:39','1','1','0510','平凉市',201301000150);
INSERT INTO base_area (id,createTime,updateTime,flag,status,code,name,fk_area_id) VALUES (201301000216,'2013-01-08 15:34:00','2013-01-08 15:34:00','1','1','0511','庆阳市',201301000150);
INSERT INTO base_area (id,createTime,updateTime,flag,status,code,name,fk_area_id) VALUES (201301000217,'2013-01-08 15:34:20','2013-01-08 15:34:20','1','1','0512','天水市',201301000150);
INSERT INTO base_area (id,createTime,updateTime,flag,status,code,name,fk_area_id) VALUES (201301000218,'2013-01-08 15:34:42','2013-01-08 15:34:42','1','1','0513','武威市',201301000150);
INSERT INTO base_area (id,createTime,updateTime,flag,status,code,name,fk_area_id) VALUES (201301000219,'2013-01-08 15:35:02','2013-01-08 15:35:02','1','1','0514','张掖市',201301000150);
INSERT INTO base_area (id,createTime,updateTime,flag,status,code,name,fk_area_id) VALUES (201301000220,'2013-01-08 15:38:03','2013-01-08 15:38:03','1','1','0601','中山市',201301000151);
INSERT INTO base_area (id,createTime,updateTime,flag,status,code,name,fk_area_id) VALUES (201301000221,'2013-01-08 15:39:43','2013-01-08 15:39:43','1','1','0602','佛山市',201301000151);
INSERT INTO base_area (id,createTime,updateTime,flag,status,code,name,fk_area_id) VALUES (201301000222,'2013-01-08 15:40:00','2013-01-08 15:40:00','1','1','0603','东莞市',201301000151);
INSERT INTO base_area (id,createTime,updateTime,flag,status,code,name,fk_area_id) VALUES (201301000223,'2013-01-08 15:40:24','2013-01-08 15:40:24','1','1','0604','江门市',201301000151);
INSERT INTO base_area (id,createTime,updateTime,flag,status,code,name,fk_area_id) VALUES (201301000224,'2013-01-08 15:40:55','2013-01-08 15:40:55','1','1','0605','珠海市',201301000151);
INSERT INTO base_area (id,createTime,updateTime,flag,status,code,name,fk_area_id) VALUES (201301000225,'2013-01-08 15:41:15','2013-01-08 15:41:15','1','1','0606','广州市',201301000151);
INSERT INTO base_area (id,createTime,updateTime,flag,status,code,name,fk_area_id) VALUES (201301000226,'2013-01-08 15:41:36','2013-01-08 15:41:36','1','1','0607','深圳市',201301000151);
INSERT INTO base_area (id,createTime,updateTime,flag,status,code,name,fk_area_id) VALUES (201301000227,'2013-01-08 15:41:59','2013-01-08 15:41:59','1','1','0608','惠州市',201301000151);
INSERT INTO base_area (id,createTime,updateTime,flag,status,code,name,fk_area_id) VALUES (201301000228,'2013-01-08 15:42:38','2013-01-08 15:42:38','1','1','0609','汕头市',201301000151);
INSERT INTO base_area (id,createTime,updateTime,flag,status,code,name,fk_area_id) VALUES (201301000229,'2013-01-08 15:43:02','2013-01-08 15:43:02','1','1','0610','潮州市',201301000151);
INSERT INTO base_area (id,createTime,updateTime,flag,status,code,name,fk_area_id) VALUES (201301000230,'2013-01-08 15:43:31','2013-01-08 15:43:31','1','1','0611','河源市',201301000151);
INSERT INTO base_area (id,createTime,updateTime,flag,status,code,name,fk_area_id) VALUES (201301000231,'2013-01-08 15:43:57','2013-01-08 15:43:57','1','1','0612','揭阳市',201301000151);
INSERT INTO base_area (id,createTime,updateTime,flag,status,code,name,fk_area_id) VALUES (201301000232,'2013-01-08 15:44:22','2013-01-08 15:44:22','1','1','0613','茂名市',201301000151);
INSERT INTO base_area (id,createTime,updateTime,flag,status,code,name,fk_area_id) VALUES (201301000233,'2013-01-08 15:44:38','2013-01-08 15:44:38','1','1','0614','梅州市',201301000151);
INSERT INTO base_area (id,createTime,updateTime,flag,status,code,name,fk_area_id) VALUES (201301000234,'2013-01-08 15:44:56','2013-01-08 15:44:56','1','1','0615','清远市',201301000151);
INSERT INTO base_area (id,createTime,updateTime,flag,status,code,name,fk_area_id) VALUES (201301000235,'2013-01-08 15:45:24','2013-01-08 15:45:24','1','1','0616','汕尾市',201301000151);
INSERT INTO base_area (id,createTime,updateTime,flag,status,code,name,fk_area_id) VALUES (201301000236,'2013-01-08 15:45:49','2013-01-08 15:45:49','1','1','0617','韶关市',201301000151);
INSERT INTO base_area (id,createTime,updateTime,flag,status,code,name,fk_area_id) VALUES (201301000237,'2013-01-08 15:46:09','2013-01-08 15:46:09','1','1','0618','阳江市',201301000151);
INSERT INTO base_area (id,createTime,updateTime,flag,status,code,name,fk_area_id) VALUES (201301000238,'2013-01-08 15:46:33','2013-01-08 15:46:33','1','1','0619','云浮市',201301000151);
INSERT INTO base_area (id,createTime,updateTime,flag,status,code,name,fk_area_id) VALUES (201301000239,'2013-01-08 15:46:55','2013-01-08 15:46:55','1','1','0620','湛江市',201301000151);
INSERT INTO base_area (id,createTime,updateTime,flag,status,code,name,fk_area_id) VALUES (201301000240,'2013-01-08 15:47:18','2013-01-08 15:47:18','1','1','0621','肇庆市',201301000151);
INSERT INTO base_area (id,createTime,updateTime,flag,status,code,name,fk_area_id) VALUES (201301000241,'2013-01-08 15:48:20','2013-01-08 15:48:20','1','1','0701','百色市',201301000152);
INSERT INTO base_area (id,createTime,updateTime,flag,status,code,name,fk_area_id) VALUES (201301000242,'2013-01-08 15:48:37','2013-01-08 15:48:37','1','1','0702','北海市',201301000152);
INSERT INTO base_area (id,createTime,updateTime,flag,status,code,name,fk_area_id) VALUES (201301000243,'2013-01-08 15:48:54','2013-01-08 15:48:54','1','1','0703','崇左市',201301000152);
INSERT INTO base_area (id,createTime,updateTime,flag,status,code,name,fk_area_id) VALUES (201301000244,'2013-01-08 15:49:16','2013-01-08 15:49:16','1','1','0704','防城港市',201301000152);
INSERT INTO base_area (id,createTime,updateTime,flag,status,code,name,fk_area_id) VALUES (201301000245,'2013-01-08 15:49:41','2013-01-08 15:49:41','1','1','0705','贵港市',201301000152);
INSERT INTO base_area (id,createTime,updateTime,flag,status,code,name,fk_area_id) VALUES (201301000246,'2013-01-08 15:49:59','2013-01-08 15:49:59','1','1','0706','桂林市',201301000152);
INSERT INTO base_area (id,createTime,updateTime,flag,status,code,name,fk_area_id) VALUES (201301000247,'2013-01-08 15:50:33','2013-01-08 15:50:33','1','1','0707','河池市',201301000152);
INSERT INTO base_area (id,createTime,updateTime,flag,status,code,name,fk_area_id) VALUES (201301000248,'2013-01-08 15:50:54','2013-01-08 15:50:54','1','1','0708','贺州市',201301000152);
INSERT INTO base_area (id,createTime,updateTime,flag,status,code,name,fk_area_id) VALUES (201301000249,'2013-01-08 15:51:14','2013-01-08 15:51:14','1','1','0709','来宾市',201301000152);
INSERT INTO base_area (id,createTime,updateTime,flag,status,code,name,fk_area_id) VALUES (201301000250,'2013-01-08 15:51:36','2013-01-08 15:51:36','1','1','0710','柳州市',201301000152);
INSERT INTO base_area (id,createTime,updateTime,flag,status,code,name,fk_area_id) VALUES (201301000251,'2013-01-08 15:51:55','2013-01-08 15:51:55','1','1','0711','南宁市',201301000152);
INSERT INTO base_area (id,createTime,updateTime,flag,status,code,name,fk_area_id) VALUES (201301000252,'2013-01-08 15:52:12','2013-01-08 15:52:12','1','1','0712','钦州市',201301000152);
INSERT INTO base_area (id,createTime,updateTime,flag,status,code,name,fk_area_id) VALUES (201301000253,'2013-01-08 15:59:18','2013-01-08 15:59:18','1','1','0713','梧州市',201301000152);
INSERT INTO base_area (id,createTime,updateTime,flag,status,code,name,fk_area_id) VALUES (201301000254,'2013-01-08 15:59:37','2013-01-08 15:59:37','1','1','0714','玉林市',201301000152);
INSERT INTO base_area (id,createTime,updateTime,flag,status,code,name,fk_area_id) VALUES (201301000255,'2013-01-08 16:11:23','2013-01-08 16:11:23','1','1','0801','安顺市',201301000153);
INSERT INTO base_area (id,createTime,updateTime,flag,status,code,name,fk_area_id) VALUES (201301000256,'2013-01-08 16:11:40','2013-01-08 16:11:40','1','1','0802','毕节地区',201301000153);
INSERT INTO base_area (id,createTime,updateTime,flag,status,code,name,fk_area_id) VALUES (201301000257,'2013-01-08 16:12:04','2013-01-08 16:12:04','1','1','0803','贵阳市',201301000153);
INSERT INTO base_area (id,createTime,updateTime,flag,status,code,name,fk_area_id) VALUES (201301000258,'2013-01-08 16:12:26','2013-01-08 16:12:26','1','1','0804','六盘水市',201301000153);
INSERT INTO base_area (id,createTime,updateTime,flag,status,code,name,fk_area_id) VALUES (201301000259,'2013-01-08 16:12:48','2013-01-08 16:12:48','1','1','0805','黔东南州',201301000153);
INSERT INTO base_area (id,createTime,updateTime,flag,status,code,name,fk_area_id) VALUES (201301000260,'2013-01-08 16:13:08','2013-01-08 16:13:08','1','1','0806','黔南州',201301000153);
INSERT INTO base_area (id,createTime,updateTime,flag,status,code,name,fk_area_id) VALUES (201301000261,'2013-01-08 16:13:29','2013-01-08 16:13:29','1','1','0807','黔西南州',201301000153);
INSERT INTO base_area (id,createTime,updateTime,flag,status,code,name,fk_area_id) VALUES (201301000262,'2013-01-08 16:13:47','2013-01-08 16:13:47','1','1','0808','铜仁地区',201301000153);
INSERT INTO base_area (id,createTime,updateTime,flag,status,code,name,fk_area_id) VALUES (201301000263,'2013-01-08 16:14:15','2013-01-08 16:14:15','1','1','0809','遵义市',201301000153);
INSERT INTO base_area (id,createTime,updateTime,flag,status,code,name,fk_area_id) VALUES (201301000264,'2013-01-08 16:15:08','2013-01-08 16:15:08','1','1','0901','海口市',201301000154);
INSERT INTO base_area (id,createTime,updateTime,flag,status,code,name,fk_area_id) VALUES (201301000265,'2013-01-08 16:15:28','2013-01-08 16:15:28','1','1','0902','三亚市',201301000154);
INSERT INTO base_area (id,createTime,updateTime,flag,status,code,name,fk_area_id) VALUES (201301000266,'2013-01-08 16:15:52','2013-01-08 16:15:52','1','1','0903','省直辖行政单位',201301000154);
INSERT INTO base_area (id,createTime,updateTime,flag,status,code,name,fk_area_id) VALUES (201301000267,'2013-01-08 16:17:26','2013-01-08 16:17:26','1','1','1001','保定市',201301000155);
INSERT INTO base_area (id,createTime,updateTime,flag,status,code,name,fk_area_id) VALUES (201301000268,'2013-01-08 16:18:33','2013-01-08 16:18:33','1','1','1002','沧州市',201301000155);
INSERT INTO base_area (id,createTime,updateTime,flag,status,code,name,fk_area_id) VALUES (201301000269,'2013-01-08 16:19:39','2013-01-08 16:19:39','1','1','1003','承德市',201301000155);
INSERT INTO base_area (id,createTime,updateTime,flag,status,code,name,fk_area_id) VALUES (201301000270,'2013-01-08 16:20:00','2013-01-08 16:20:00','1','1','1004','邯郸市',201301000155);
INSERT INTO base_area (id,createTime,updateTime,flag,status,code,name,fk_area_id) VALUES (201301000271,'2013-01-08 16:20:20','2013-01-08 16:20:20','1','1','1005','衡水市',201301000155);
INSERT INTO base_area (id,createTime,updateTime,flag,status,code,name,fk_area_id) VALUES (201301000272,'2013-01-08 16:20:38','2013-01-08 16:20:38','1','1','1006','廊坊市',201301000155);
INSERT INTO base_area (id,createTime,updateTime,flag,status,code,name,fk_area_id) VALUES (201301000273,'2013-01-08 16:20:57','2013-01-08 16:20:57','1','1','1007','秦皇岛市',201301000155);
INSERT INTO base_area (id,createTime,updateTime,flag,status,code,name,fk_area_id) VALUES (201301000274,'2013-01-08 16:21:24','2013-01-08 16:21:24','1','1','1008','石家庄市',201301000155);
INSERT INTO base_area (id,createTime,updateTime,flag,status,code,name,fk_area_id) VALUES (201301000275,'2013-01-08 16:21:44','2013-01-08 16:21:44','1','1','1009','唐山市',201301000155);
INSERT INTO base_area (id,createTime,updateTime,flag,status,code,name,fk_area_id) VALUES (201301000276,'2013-01-08 16:22:06','2013-01-08 16:22:06','1','1','1010','邢台市',201301000155);
INSERT INTO base_area (id,createTime,updateTime,flag,status,code,name,fk_area_id) VALUES (201301000277,'2013-01-08 16:22:25','2013-01-08 16:22:25','1','1','1011','张家口市',201301000155);
INSERT INTO base_area (id,createTime,updateTime,flag,status,code,name,fk_area_id) VALUES (201301000278,'2013-01-08 16:23:43','2013-01-08 16:23:43','1','1','1101','大庆市',201301000156);
INSERT INTO base_area (id,createTime,updateTime,flag,status,code,name,fk_area_id) VALUES (201301000279,'2013-01-08 16:24:08','2013-01-08 16:24:08','1','1','1102','大兴安岭地区',201301000156);
INSERT INTO base_area (id,createTime,updateTime,flag,status,code,name,fk_area_id) VALUES (201301000280,'2013-01-08 16:24:26','2013-01-08 16:24:26','1','1','1103','哈尔滨市',201301000156);
INSERT INTO base_area (id,createTime,updateTime,flag,status,code,name,fk_area_id) VALUES (201301000281,'2013-01-08 16:24:47','2013-01-08 16:24:47','1','1','1104','鹤岗市',201301000156);
INSERT INTO base_area (id,createTime,updateTime,flag,status,code,name,fk_area_id) VALUES (201301000282,'2013-01-08 16:25:08','2013-01-08 16:25:08','1','1','1105','黑河市',201301000156);
INSERT INTO base_area (id,createTime,updateTime,flag,status,code,name,fk_area_id) VALUES (201301000283,'2013-01-08 16:25:30','2013-01-08 16:25:30','1','1','1106','佳木斯市',201301000156);
INSERT INTO base_area (id,createTime,updateTime,flag,status,code,name,fk_area_id) VALUES (201301000284,'2013-01-08 16:25:54','2013-01-08 16:25:54','1','1','1107','鸡西市',201301000156);
INSERT INTO base_area (id,createTime,updateTime,flag,status,code,name,fk_area_id) VALUES (201301000285,'2013-01-08 16:26:19','2013-01-08 16:26:19','1','1','1108','牡丹江市',201301000156);
INSERT INTO base_area (id,createTime,updateTime,flag,status,code,name,fk_area_id) VALUES (201301000286,'2013-01-08 16:26:38','2013-01-08 16:26:38','1','1','1109','齐齐哈尔市',201301000156);
INSERT INTO base_area (id,createTime,updateTime,flag,status,code,name,fk_area_id) VALUES (201301000287,'2013-01-08 16:26:59','2013-01-08 16:26:59','1','1','1110','七台河市',201301000156);
INSERT INTO base_area (id,createTime,updateTime,flag,status,code,name,fk_area_id) VALUES (201301000288,'2013-01-08 16:27:31','2013-01-08 16:27:31','1','1','1111','双鸭山市',201301000156);
INSERT INTO base_area (id,createTime,updateTime,flag,status,code,name,fk_area_id) VALUES (201301000289,'2013-01-08 16:27:54','2013-01-08 16:27:54','1','1','1112','绥化市',201301000156);
INSERT INTO base_area (id,createTime,updateTime,flag,status,code,name,fk_area_id) VALUES (201301000290,'2013-01-08 16:28:11','2013-01-08 16:28:11','1','1','1113','伊春市',201301000156);
INSERT INTO base_area (id,createTime,updateTime,flag,status,code,name,fk_area_id) VALUES (201301000291,'2013-01-08 16:29:28','2013-01-08 16:29:28','1','1','1201','安阳市',201301000157);
INSERT INTO base_area (id,createTime,updateTime,flag,status,code,name,fk_area_id) VALUES (201301000292,'2013-01-08 16:29:45','2013-01-08 16:29:45','1','1','1202','鹤壁市',201301000157);
INSERT INTO base_area (id,createTime,updateTime,flag,status,code,name,fk_area_id) VALUES (201301000293,'2013-01-08 16:30:04','2013-01-08 16:30:04','1','1','1203','焦作市',201301000157);
INSERT INTO base_area (id,createTime,updateTime,flag,status,code,name,fk_area_id) VALUES (201301000294,'2013-01-08 16:30:26','2013-01-08 16:30:26','1','1','1204','开封市',201301000157);
INSERT INTO base_area (id,createTime,updateTime,flag,status,code,name,fk_area_id) VALUES (201301000295,'2013-01-08 16:30:52','2013-01-08 16:30:52','1','1','1205','漯河市',201301000157);
INSERT INTO base_area (id,createTime,updateTime,flag,status,code,name,fk_area_id) VALUES (201301000296,'2013-01-08 16:31:11','2013-01-08 16:31:11','1','1','1206','洛阳市',201301000157);
INSERT INTO base_area (id,createTime,updateTime,flag,status,code,name,fk_area_id) VALUES (201301000297,'2013-01-08 16:31:34','2013-01-08 16:31:34','1','1','1207','南阳市',201301000157);
INSERT INTO base_area (id,createTime,updateTime,flag,status,code,name,fk_area_id) VALUES (201301000298,'2013-01-08 16:31:53','2013-01-08 16:31:53','1','1','1208','平顶山市',201301000157);
INSERT INTO base_area (id,createTime,updateTime,flag,status,code,name,fk_area_id) VALUES (201301000299,'2013-01-08 16:32:13','2013-01-08 16:32:13','1','1','1209','濮阳市',201301000157);
INSERT INTO base_area (id,createTime,updateTime,flag,status,code,name,fk_area_id) VALUES (201301000300,'2013-01-08 16:32:34','2013-01-08 16:32:34','1','1','1210','三门峡市',201301000157);
INSERT INTO base_area (id,createTime,updateTime,flag,status,code,name,fk_area_id) VALUES (201301000301,'2013-01-08 16:32:55','2013-01-08 16:32:55','1','1','1211','商丘市',201301000157);
INSERT INTO base_area (id,createTime,updateTime,flag,status,code,name,fk_area_id) VALUES (201301000302,'2013-01-08 16:33:14','2013-01-08 16:33:14','1','1','1212','新乡市',201301000157);
INSERT INTO base_area (id,createTime,updateTime,flag,status,code,name,fk_area_id) VALUES (201301000303,'2013-01-08 16:33:36','2013-01-08 16:33:36','1','1','1213','信阳市',201301000157);
INSERT INTO base_area (id,createTime,updateTime,flag,status,code,name,fk_area_id) VALUES (201301000304,'2013-01-08 16:33:56','2013-01-08 16:33:56','1','1','1214','许昌市',201301000157);
INSERT INTO base_area (id,createTime,updateTime,flag,status,code,name,fk_area_id) VALUES (201301000305,'2013-01-08 16:34:17','2013-01-08 16:34:17','1','1','1215','郑州市',201301000157);
INSERT INTO base_area (id,createTime,updateTime,flag,status,code,name,fk_area_id) VALUES (201301000306,'2013-01-08 16:34:44','2013-01-08 16:34:44','1','1','1216','周口市',201301000157);
INSERT INTO base_area (id,createTime,updateTime,flag,status,code,name,fk_area_id) VALUES (201301000307,'2013-01-08 16:35:04','2013-01-08 16:35:04','1','1','1217','驻马店市',201301000157);
INSERT INTO base_area (id,createTime,updateTime,flag,status,code,name,fk_area_id) VALUES (201301000308,'2013-01-08 16:37:00','2013-01-08 16:37:00','1','1','1401','恩施州',201301000159);
INSERT INTO base_area (id,createTime,updateTime,flag,status,code,name,fk_area_id) VALUES (201301000309,'2013-01-08 16:37:25','2013-01-08 16:37:25','1','1','1402','鄂州市',201301000159);
INSERT INTO base_area (id,createTime,updateTime,flag,status,code,name,fk_area_id) VALUES (201301000310,'2013-01-08 16:37:46','2013-01-08 16:37:46','1','1','1403','黄冈市',201301000159);
INSERT INTO base_area (id,createTime,updateTime,flag,status,code,name,fk_area_id) VALUES (201301000311,'2013-01-08 16:38:07','2013-01-08 16:38:07','1','1','1404','黄石市',201301000159);
INSERT INTO base_area (id,createTime,updateTime,flag,status,code,name,fk_area_id) VALUES (201301000312,'2013-01-08 16:38:27','2013-01-08 16:38:27','1','1','1405','荆门市',201301000159);
INSERT INTO base_area (id,createTime,updateTime,flag,status,code,name,fk_area_id) VALUES (201301000313,'2013-01-08 16:38:47','2013-01-08 16:38:47','1','1','1406','荆州市',201301000159);
INSERT INTO base_area (id,createTime,updateTime,flag,status,code,name,fk_area_id) VALUES (201301000314,'2013-01-08 16:39:10','2013-01-08 16:39:10','1','1','1407','十堰市',201301000159);
INSERT INTO base_area (id,createTime,updateTime,flag,status,code,name,fk_area_id) VALUES (201301000315,'2013-01-08 16:39:33','2013-01-08 16:39:33','1','1','1408','随州市',201301000159);
INSERT INTO base_area (id,createTime,updateTime,flag,status,code,name,fk_area_id) VALUES (201301000316,'2013-01-08 16:40:03','2013-01-08 16:40:03','1','1','1409','武汉市',201301000159);
INSERT INTO base_area (id,createTime,updateTime,flag,status,code,name,fk_area_id) VALUES (201301000317,'2013-01-08 16:40:25','2013-01-08 16:40:25','1','1','1410','襄樊市',201301000159);
INSERT INTO base_area (id,createTime,updateTime,flag,status,code,name,fk_area_id) VALUES (201301000318,'2013-01-08 16:40:47','2013-01-08 16:40:47','1','1','1411','咸宁市',201301000159);
INSERT INTO base_area (id,createTime,updateTime,flag,status,code,name,fk_area_id) VALUES (201301000319,'2013-01-08 16:41:11','2013-01-08 16:41:11','1','1','1412','孝感市',201301000159);
INSERT INTO base_area (id,createTime,updateTime,flag,status,code,name,fk_area_id) VALUES (201301000320,'2013-01-08 16:41:31','2013-01-08 16:41:31','1','1','1413','宜昌市',201301000159);
INSERT INTO base_area (id,createTime,updateTime,flag,status,code,name,fk_area_id) VALUES (201301000321,'2013-01-08 16:51:40','2013-01-08 16:51:40','1','1','1501','常德市',201301000160);
INSERT INTO base_area (id,createTime,updateTime,flag,status,code,name,fk_area_id) VALUES (201301000322,'2013-01-08 16:52:03','2013-01-08 16:52:03','1','1','1502','长沙市',201301000160);
INSERT INTO base_area (id,createTime,updateTime,flag,status,code,name,fk_area_id) VALUES (201301000323,'2013-01-08 16:52:24','2013-01-08 16:52:24','1','1','1503','郴州市',201301000160);
INSERT INTO base_area (id,createTime,updateTime,flag,status,code,name,fk_area_id) VALUES (201301000324,'2013-01-08 16:52:47','2013-01-08 16:52:47','1','1','1504','衡阳市',201301000160);
INSERT INTO base_area (id,createTime,updateTime,flag,status,code,name,fk_area_id) VALUES (201301000325,'2013-01-08 16:53:18','2013-01-08 16:53:18','1','1','1505','怀化市',201301000160);
INSERT INTO base_area (id,createTime,updateTime,flag,status,code,name,fk_area_id) VALUES (201301000326,'2013-01-08 16:53:53','2013-01-08 16:53:53','1','1','1506','娄底市',201301000160);
INSERT INTO base_area (id,createTime,updateTime,flag,status,code,name,fk_area_id) VALUES (201301000327,'2013-01-08 16:54:18','2013-01-08 16:54:18','1','1','1507','邵阳市',201301000160);
INSERT INTO base_area (id,createTime,updateTime,flag,status,code,name,fk_area_id) VALUES (201301000328,'2013-01-08 16:54:48','2013-01-08 16:54:48','1','1','1508','湘潭市',201301000160);
INSERT INTO base_area (id,createTime,updateTime,flag,status,code,name,fk_area_id) VALUES (201301000329,'2013-01-08 16:55:11','2013-01-08 16:55:11','1','1','1509','湘西州',201301000160);
INSERT INTO base_area (id,createTime,updateTime,flag,status,code,name,fk_area_id) VALUES (201301000330,'2013-01-08 16:55:59','2013-01-08 16:55:59','1','1','1510','益阳市',201301000160);
INSERT INTO base_area (id,createTime,updateTime,flag,status,code,name,fk_area_id) VALUES (201301000331,'2013-01-08 16:56:43','2013-01-08 16:56:43','1','1','1511','岳阳市',201301000160);
INSERT INTO base_area (id,createTime,updateTime,flag,status,code,name,fk_area_id) VALUES (201301000332,'2013-01-08 16:57:24','2013-01-08 16:57:24','1','1','1512','张家界市',201301000160);
INSERT INTO base_area (id,createTime,updateTime,flag,status,code,name,fk_area_id) VALUES (201301000333,'2013-01-08 16:58:04','2013-01-08 16:58:04','1','1','1513','株洲市',201301000160);
INSERT INTO base_area (id,createTime,updateTime,flag,status,code,name,fk_area_id) VALUES (201301000334,'2013-01-08 17:10:52','2013-01-08 17:10:52','1','1','1601','阿拉善盟',201301000161);
INSERT INTO base_area (id,createTime,updateTime,flag,status,code,name,fk_area_id) VALUES (201301000335,'2013-01-08 17:11:33','2013-01-08 17:11:33','1','1','1602','包头市',201301000161);
INSERT INTO base_area (id,createTime,updateTime,flag,status,code,name,fk_area_id) VALUES (201301000336,'2013-01-08 17:12:58','2013-01-08 17:12:58','1','1','1603','巴彦淖尔市',201301000161);
INSERT INTO base_area (id,createTime,updateTime,flag,status,code,name,fk_area_id) VALUES (201301000337,'2013-01-08 17:18:54','2013-01-08 17:18:54','1','1','1604','赤峰市',201301000161);
INSERT INTO base_area (id,createTime,updateTime,flag,status,code,name,fk_area_id) VALUES (201301000338,'2013-01-08 17:19:19','2013-01-08 17:19:19','1','1','1605','呼和浩特市',201301000161);
INSERT INTO base_area (id,createTime,updateTime,flag,status,code,name,fk_area_id) VALUES (201301000339,'2013-01-08 17:19:48','2013-01-08 17:19:48','1','1','1606','呼伦贝尔市',201301000161);
INSERT INTO base_area (id,createTime,updateTime,flag,status,code,name,fk_area_id) VALUES (201301000340,'2013-01-08 17:20:15','2013-01-08 17:20:15','1','1','1607','鄂尔多斯市',201301000161);
INSERT INTO base_area (id,createTime,updateTime,flag,status,code,name,fk_area_id) VALUES (201301000341,'2013-01-08 17:20:42','2013-01-08 17:20:42','1','1','1608','通辽市',201301000161);
INSERT INTO base_area (id,createTime,updateTime,flag,status,code,name,fk_area_id) VALUES (201301000342,'2013-01-08 17:21:10','2013-01-08 17:21:10','1','1','1609','乌海市',201301000161);
INSERT INTO base_area (id,createTime,updateTime,flag,status,code,name,fk_area_id) VALUES (201301000343,'2013-01-08 17:21:43','2013-01-08 17:21:43','1','1','1610','乌兰察布市',201301000161);
INSERT INTO base_area (id,createTime,updateTime,flag,status,code,name,fk_area_id) VALUES (201301000344,'2013-01-08 17:22:11','2013-01-08 17:22:11','1','1','1611','锡林郭勒盟',201301000161);
INSERT INTO base_area (id,createTime,updateTime,flag,status,code,name,fk_area_id) VALUES (201301000345,'2013-01-08 17:22:49','2013-01-08 17:22:49','1','1','1612','兴安盟',201301000161);
INSERT INTO base_area (id,createTime,updateTime,flag,status,code,name,fk_area_id) VALUES (201301000346,'2013-01-08 19:41:07','2013-01-08 19:41:07','1','1','1701','常州市',201301000162);
INSERT INTO base_area (id,createTime,updateTime,flag,status,code,name,fk_area_id) VALUES (201301000347,'2013-01-08 19:41:23','2013-01-08 19:41:23','1','1','1702','淮安市',201301000162);
INSERT INTO base_area (id,createTime,updateTime,flag,status,code,name,fk_area_id) VALUES (201301000348,'2013-01-08 19:41:40','2013-01-08 19:41:40','1','1','1703','连云港',201301000162);
INSERT INTO base_area (id,createTime,updateTime,flag,status,code,name,fk_area_id) VALUES (201301000349,'2013-01-08 19:41:54','2013-01-08 19:41:54','1','1','1704','南京市',201301000162);
INSERT INTO base_area (id,createTime,updateTime,flag,status,code,name,fk_area_id) VALUES (201301000350,'2013-01-08 19:42:11','2013-01-08 19:42:11','1','1','1705','南通市',201301000162);
INSERT INTO base_area (id,createTime,updateTime,flag,status,code,name,fk_area_id) VALUES (201301000351,'2013-01-08 19:42:26','2013-01-08 19:42:26','1','1','1706','宿迁市',201301000162);
INSERT INTO base_area (id,createTime,updateTime,flag,status,code,name,fk_area_id) VALUES (201301000352,'2013-01-08 19:42:45','2013-01-08 19:42:45','1','1','1707','苏州市',201301000162);
INSERT INTO base_area (id,createTime,updateTime,flag,status,code,name,fk_area_id) VALUES (201301000353,'2013-01-08 19:43:03','2013-01-08 19:43:03','1','1','1708','泰州市',201301000162);
INSERT INTO base_area (id,createTime,updateTime,flag,status,code,name,fk_area_id) VALUES (201301000354,'2013-01-08 19:43:22','2013-01-08 19:43:22','1','1','1709','无锡市',201301000162);
INSERT INTO base_area (id,createTime,updateTime,flag,status,code,name,fk_area_id) VALUES (201301000355,'2013-01-08 19:43:41','2013-01-08 19:43:41','1','1','1710','徐州市',201301000162);
INSERT INTO base_area (id,createTime,updateTime,flag,status,code,name,fk_area_id) VALUES (201301000356,'2013-01-08 19:43:57','2013-01-08 19:43:57','1','1','1711','盐城市',201301000162);
INSERT INTO base_area (id,createTime,updateTime,flag,status,code,name,fk_area_id) VALUES (201301000357,'2013-01-08 19:44:16','2013-01-08 19:44:16','1','1','1712','扬州市',201301000162);
INSERT INTO base_area (id,createTime,updateTime,flag,status,code,name,fk_area_id) VALUES (201301000358,'2013-01-08 19:44:34','2013-01-08 19:44:34','1','1','1713','镇江市',201301000162);
INSERT INTO base_area (id,createTime,updateTime,flag,status,code,name,fk_area_id) VALUES (201301000359,'2013-01-08 19:45:44','2013-01-08 19:45:44','1','1','1801','南昌市',201301000163);
INSERT INTO base_area (id,createTime,updateTime,flag,status,code,name,fk_area_id) VALUES (201301000360,'2013-01-08 19:45:59','2013-01-08 19:45:59','1','1','1802','景德镇市',201301000163);
INSERT INTO base_area (id,createTime,updateTime,flag,status,code,name,fk_area_id) VALUES (201301000361,'2013-01-08 19:46:16','2013-01-08 19:46:16','1','1','1803','萍乡市',201301000163);
INSERT INTO base_area (id,createTime,updateTime,flag,status,code,name,fk_area_id) VALUES (201301000362,'2013-01-08 19:46:38','2013-01-08 19:46:38','1','1','1804','九江市',201301000163);
INSERT INTO base_area (id,createTime,updateTime,flag,status,code,name,fk_area_id) VALUES (201301000363,'2013-01-08 19:46:53','2013-01-08 19:46:53','1','1','1805','新余市',201301000163);
INSERT INTO base_area (id,createTime,updateTime,flag,status,code,name,fk_area_id) VALUES (201301000364,'2013-01-08 19:47:07','2013-01-08 19:47:07','1','1','1806','鹰潭市',201301000163);
INSERT INTO base_area (id,createTime,updateTime,flag,status,code,name,fk_area_id) VALUES (201301000365,'2013-01-08 19:47:22','2013-01-08 19:47:22','1','1','1807','赣州市',201301000163);
INSERT INTO base_area (id,createTime,updateTime,flag,status,code,name,fk_area_id) VALUES (201301000366,'2013-01-08 19:47:42','2013-01-08 19:47:42','1','1','1808','吉安市',201301000163);
INSERT INTO base_area (id,createTime,updateTime,flag,status,code,name,fk_area_id) VALUES (201301000367,'2013-01-08 19:47:59','2013-01-08 19:47:59','1','1','1809','宜春市',201301000163);
INSERT INTO base_area (id,createTime,updateTime,flag,status,code,name,fk_area_id) VALUES (201301000368,'2013-01-08 19:48:27','2013-01-08 19:48:27','1','1','1810','抚州市',201301000163);
INSERT INTO base_area (id,createTime,updateTime,flag,status,code,name,fk_area_id) VALUES (201301000369,'2013-01-08 19:48:45','2013-01-08 19:48:45','1','1','1811','上饶市',201301000163);
INSERT INTO base_area (id,createTime,updateTime,flag,status,code,name,fk_area_id) VALUES (201301000370,'2013-01-08 19:49:20','2013-01-08 19:49:20','1','1','1901','白城市',201301000164);
INSERT INTO base_area (id,createTime,updateTime,flag,status,code,name,fk_area_id) VALUES (201301000372,'2013-01-08 19:50:11','2013-01-08 19:50:11','1','1','1902','白山市',201301000164);
INSERT INTO base_area (id,createTime,updateTime,flag,status,code,name,fk_area_id) VALUES (201301000373,'2013-01-08 19:50:33','2013-01-08 19:50:33','1','1','1903','长春市',201301000164);
INSERT INTO base_area (id,createTime,updateTime,flag,status,code,name,fk_area_id) VALUES (201301000374,'2013-01-08 19:50:48','2013-01-08 19:50:48','1','1','1904','吉林市',201301000164);
INSERT INTO base_area (id,createTime,updateTime,flag,status,code,name,fk_area_id) VALUES (201301000375,'2013-01-08 19:51:06','2013-01-08 19:51:06','1','1','1905','辽源市',201301000164);
INSERT INTO base_area (id,createTime,updateTime,flag,status,code,name,fk_area_id) VALUES (201301000376,'2013-01-08 19:51:22','2013-01-08 19:51:22','1','1','1906','四平市',201301000164);
INSERT INTO base_area (id,createTime,updateTime,flag,status,code,name,fk_area_id) VALUES (201301000377,'2013-01-08 19:51:41','2013-01-08 19:51:41','1','1','1907','松原市',201301000164);
INSERT INTO base_area (id,createTime,updateTime,flag,status,code,name,fk_area_id) VALUES (201301000378,'2013-01-08 19:51:59','2013-01-08 19:51:59','1','1','1908','通化市',201301000164);
INSERT INTO base_area (id,createTime,updateTime,flag,status,code,name,fk_area_id) VALUES (201301000379,'2013-01-08 19:52:18','2013-01-08 19:52:18','1','1','1909','延边朝鲜族自治州',201301000164);
INSERT INTO base_area (id,createTime,updateTime,flag,status,code,name,fk_area_id) VALUES (201301000380,'2013-01-08 19:54:47','2013-01-08 19:54:47','1','1','2001','鞍山市',201301000165);
INSERT INTO base_area (id,createTime,updateTime,flag,status,code,name,fk_area_id) VALUES (201301000381,'2013-01-08 19:59:11','2013-01-08 19:59:11','1','1','2002','本溪市',201301000165);
INSERT INTO base_area (id,createTime,updateTime,flag,status,code,name,fk_area_id) VALUES (201301000382,'2013-01-08 19:59:36','2013-01-08 19:59:36','1','1','2003','朝阳市',201301000165);
INSERT INTO base_area (id,createTime,updateTime,flag,status,code,name,fk_area_id) VALUES (201301000383,'2013-01-08 19:59:52','2013-01-08 19:59:52','1','1','2004','大连市',201301000165);
INSERT INTO base_area (id,createTime,updateTime,flag,status,code,name,fk_area_id) VALUES (201301000384,'2013-01-08 20:00:06','2013-01-08 20:00:06','1','1','2005','丹东市',201301000165);
INSERT INTO base_area (id,createTime,updateTime,flag,status,code,name,fk_area_id) VALUES (201301000385,'2013-01-08 20:00:21','2013-01-08 20:00:21','1','1','2006','抚顺市',201301000165);
INSERT INTO base_area (id,createTime,updateTime,flag,status,code,name,fk_area_id) VALUES (201301000386,'2013-01-08 20:00:40','2013-01-08 20:00:40','1','1','2007','阜新市',201301000165);
INSERT INTO base_area (id,createTime,updateTime,flag,status,code,name,fk_area_id) VALUES (201301000387,'2013-01-08 20:00:58','2013-01-08 20:00:58','1','1','2008','葫芦岛市',201301000165);
INSERT INTO base_area (id,createTime,updateTime,flag,status,code,name,fk_area_id) VALUES (201301000388,'2013-01-08 20:01:18','2013-01-08 20:01:18','1','1','2009','锦州市',201301000165);
INSERT INTO base_area (id,createTime,updateTime,flag,status,code,name,fk_area_id) VALUES (201301000389,'2013-01-08 20:01:33','2013-01-08 20:01:33','1','1','2010','辽阳市',201301000165);
INSERT INTO base_area (id,createTime,updateTime,flag,status,code,name,fk_area_id) VALUES (201301000390,'2013-01-08 20:01:48','2013-01-08 20:01:48','1','1','2011','盘锦市',201301000165);
INSERT INTO base_area (id,createTime,updateTime,flag,status,code,name,fk_area_id) VALUES (201301000391,'2013-01-08 20:02:06','2013-01-08 20:02:06','1','1','2012','沈阳市',201301000165);
INSERT INTO base_area (id,createTime,updateTime,flag,status,code,name,fk_area_id) VALUES (201301000392,'2013-01-08 20:02:31','2013-01-08 20:02:31','1','1','2013','铁岭市',201301000165);
INSERT INTO base_area (id,createTime,updateTime,flag,status,code,name,fk_area_id) VALUES (201301000393,'2013-01-08 20:02:47','2013-01-08 20:02:47','1','1','2014','营口市',201301000165);
INSERT INTO base_area (id,createTime,updateTime,flag,status,code,name,fk_area_id) VALUES (201301000394,'2013-01-08 20:09:32','2013-01-08 20:09:32','1','1','2201','固原市',201301000167);
INSERT INTO base_area (id,createTime,updateTime,flag,status,code,name,fk_area_id) VALUES (201301000395,'2013-01-08 20:09:50','2013-01-08 20:09:50','1','1','2202','石嘴山市',201301000167);
INSERT INTO base_area (id,createTime,updateTime,flag,status,code,name,fk_area_id) VALUES (201301000396,'2013-01-08 20:10:08','2013-01-08 20:10:08','1','1','2203','吴忠市',201301000167);
INSERT INTO base_area (id,createTime,updateTime,flag,status,code,name,fk_area_id) VALUES (201301000397,'2013-01-08 20:10:24','2013-01-08 20:10:24','1','1','2204','银川市',201301000167);
INSERT INTO base_area (id,createTime,updateTime,flag,status,code,name,fk_area_id) VALUES (201301000398,'2013-01-08 20:10:39','2013-01-08 20:10:39','1','1','2205','中卫市',201301000167);
INSERT INTO base_area (id,createTime,updateTime,flag,status,code,name,fk_area_id) VALUES (201301000399,'2013-01-08 20:12:44','2013-01-08 20:12:44','1','1','2301','果洛州',201301000168);
INSERT INTO base_area (id,createTime,updateTime,flag,status,code,name,fk_area_id) VALUES (201301000400,'2013-01-08 20:13:00','2013-01-08 20:13:00','1','1','2302','海北州',201301000168);
INSERT INTO base_area (id,createTime,updateTime,flag,status,code,name,fk_area_id) VALUES (201301000401,'2013-01-08 20:13:19','2013-01-08 20:13:19','1','1','2303','海东地区',201301000168);
INSERT INTO base_area (id,createTime,updateTime,flag,status,code,name,fk_area_id) VALUES (201301000402,'2013-01-08 20:13:32','2013-01-08 20:13:32','1','1','2304','海南州',201301000168);
INSERT INTO base_area (id,createTime,updateTime,flag,status,code,name,fk_area_id) VALUES (201301000403,'2013-01-08 20:13:51','2013-01-08 20:13:51','1','1','2305','海西州',201301000168);
INSERT INTO base_area (id,createTime,updateTime,flag,status,code,name,fk_area_id) VALUES (201301000404,'2013-01-08 20:14:10','2013-01-08 20:14:10','1','1','2306','黄南州',201301000168);
INSERT INTO base_area (id,createTime,updateTime,flag,status,code,name,fk_area_id) VALUES (201301000405,'2013-01-08 20:14:25','2013-01-08 20:14:25','1','1','2307','西宁市',201301000168);
INSERT INTO base_area (id,createTime,updateTime,flag,status,code,name,fk_area_id) VALUES (201301000406,'2013-01-08 20:14:42','2013-01-08 20:14:42','1','1','2308','玉树州',201301000168);
INSERT INTO base_area (id,createTime,updateTime,flag,status,code,name,fk_area_id) VALUES (201301000407,'2013-01-08 20:15:16','2013-01-08 20:15:16','1','1','2401','安康市',201301000169);
INSERT INTO base_area (id,createTime,updateTime,flag,status,code,name,fk_area_id) VALUES (201301000408,'2013-01-08 20:15:29','2013-01-08 20:15:29','1','1','2402','宝鸡市',201301000169);
INSERT INTO base_area (id,createTime,updateTime,flag,status,code,name,fk_area_id) VALUES (201301000409,'2013-01-08 20:15:43','2013-01-08 20:15:43','1','1','2403','汉中市',201301000169);
INSERT INTO base_area (id,createTime,updateTime,flag,status,code,name,fk_area_id) VALUES (201301000410,'2013-01-08 20:15:58','2013-01-08 20:15:58','1','1','2404','商洛市',201301000169);
INSERT INTO base_area (id,createTime,updateTime,flag,status,code,name,fk_area_id) VALUES (201301000411,'2013-01-08 20:16:13','2013-01-08 20:16:13','1','1','2405','铜川市',201301000169);
INSERT INTO base_area (id,createTime,updateTime,flag,status,code,name,fk_area_id) VALUES (201301000412,'2013-01-08 20:16:26','2013-01-08 20:16:26','1','1','2406','渭南市',201301000169);
INSERT INTO base_area (id,createTime,updateTime,flag,status,code,name,fk_area_id) VALUES (201301000413,'2013-01-08 20:16:41','2013-01-08 20:16:41','1','1','2407','西安市',201301000169);
INSERT INTO base_area (id,createTime,updateTime,flag,status,code,name,fk_area_id) VALUES (201301000414,'2013-01-08 20:16:55','2013-01-08 20:16:55','1','1','2408','咸阳市',201301000169);
INSERT INTO base_area (id,createTime,updateTime,flag,status,code,name,fk_area_id) VALUES (201301000415,'2013-01-08 20:17:10','2013-01-08 20:17:10','1','1','2409','延安市',201301000169);
INSERT INTO base_area (id,createTime,updateTime,flag,status,code,name,fk_area_id) VALUES (201301000416,'2013-01-08 20:17:26','2013-01-08 20:17:26','1','1','2410','榆林市',201301000169);
INSERT INTO base_area (id,createTime,updateTime,flag,status,code,name,fk_area_id) VALUES (201301000417,'2013-01-08 20:20:03','2013-01-08 20:20:03','1','1','2501','滨州市',201301000170);
INSERT INTO base_area (id,createTime,updateTime,flag,status,code,name,fk_area_id) VALUES (201301000418,'2013-01-08 20:20:20','2013-01-08 20:20:20','1','1','2502','德州市',201301000170);
INSERT INTO base_area (id,createTime,updateTime,flag,status,code,name,fk_area_id) VALUES (201301000419,'2013-01-08 20:20:34','2013-01-08 20:20:34','1','1','2503','东营市',201301000170);
INSERT INTO base_area (id,createTime,updateTime,flag,status,code,name,fk_area_id) VALUES (201301000420,'2013-01-08 20:20:48','2013-01-08 20:20:48','1','1','2504','菏泽市',201301000170);
INSERT INTO base_area (id,createTime,updateTime,flag,status,code,name,fk_area_id) VALUES (201301000421,'2013-01-08 20:21:01','2013-01-08 20:21:01','1','1','2505','济南市',201301000170);
INSERT INTO base_area (id,createTime,updateTime,flag,status,code,name,fk_area_id) VALUES (201301000422,'2013-01-08 20:21:14','2013-01-08 20:21:14','1','1','2506','济宁市',201301000170);
INSERT INTO base_area (id,createTime,updateTime,flag,status,code,name,fk_area_id) VALUES (201301000423,'2013-01-08 20:21:29','2013-01-08 20:21:29','1','1','2507','莱芜市',201301000170);
INSERT INTO base_area (id,createTime,updateTime,flag,status,code,name,fk_area_id) VALUES (201301000424,'2013-01-08 20:21:46','2013-01-08 20:21:46','1','1','2508','聊城市',201301000170);
INSERT INTO base_area (id,createTime,updateTime,flag,status,code,name,fk_area_id) VALUES (201301000425,'2013-01-08 20:22:01','2013-01-08 20:22:01','1','1','2509','临沂市',201301000170);
INSERT INTO base_area (id,createTime,updateTime,flag,status,code,name,fk_area_id) VALUES (201301000426,'2013-01-08 20:22:16','2013-01-08 20:22:16','1','1','2510','青岛市',201301000170);
INSERT INTO base_area (id,createTime,updateTime,flag,status,code,name,fk_area_id) VALUES (201301000427,'2013-01-08 20:22:32','2013-01-08 20:22:32','1','1','2511','日照市',201301000170);
INSERT INTO base_area (id,createTime,updateTime,flag,status,code,name,fk_area_id) VALUES (201301000428,'2013-01-08 20:22:48','2013-01-08 20:22:48','1','1','2512','泰安市',201301000170);
INSERT INTO base_area (id,createTime,updateTime,flag,status,code,name,fk_area_id) VALUES (201301000429,'2013-01-08 20:23:02','2013-01-08 20:23:02','1','1','2513','潍坊市',201301000170);
INSERT INTO base_area (id,createTime,updateTime,flag,status,code,name,fk_area_id) VALUES (201301000430,'2013-01-08 20:23:16','2013-01-08 20:23:16','1','1','2514','威海市',201301000170);
INSERT INTO base_area (id,createTime,updateTime,flag,status,code,name,fk_area_id) VALUES (201301000431,'2013-01-08 20:23:30','2013-01-08 20:23:30','1','1','2515','烟台市',201301000170);
INSERT INTO base_area (id,createTime,updateTime,flag,status,code,name,fk_area_id) VALUES (201301000432,'2013-01-08 20:23:45','2013-01-08 20:23:45','1','1','2516','枣庄市',201301000170);
INSERT INTO base_area (id,createTime,updateTime,flag,status,code,name,fk_area_id) VALUES (201301000433,'2013-01-08 20:23:59','2013-01-08 20:23:59','1','1','2517','淄博市',201301000170);
INSERT INTO base_area (id,createTime,updateTime,flag,status,code,name,fk_area_id) VALUES (201301000434,'2013-01-08 20:27:12','2013-01-08 20:27:12','1','1','2701','长治市',201301000172);
INSERT INTO base_area (id,createTime,updateTime,flag,status,code,name,fk_area_id) VALUES (201301000435,'2013-01-08 20:27:30','2013-01-08 20:27:30','1','1','2702','大同市',201301000172);
INSERT INTO base_area (id,createTime,updateTime,flag,status,code,name,fk_area_id) VALUES (201301000436,'2013-01-08 20:27:44','2013-01-08 20:27:44','1','1','2703','晋城市',201301000172);
INSERT INTO base_area (id,createTime,updateTime,flag,status,code,name,fk_area_id) VALUES (201301000437,'2013-01-08 20:28:01','2013-01-08 20:28:01','1','1','2704','晋中市',201301000172);
INSERT INTO base_area (id,createTime,updateTime,flag,status,code,name,fk_area_id) VALUES (201301000438,'2013-01-08 20:28:16','2013-01-08 20:28:16','1','1','2705','临汾市',201301000172);
INSERT INTO base_area (id,createTime,updateTime,flag,status,code,name,fk_area_id) VALUES (201301000439,'2013-01-08 20:28:30','2013-01-08 20:28:30','1','1','2706','吕梁市',201301000172);
INSERT INTO base_area (id,createTime,updateTime,flag,status,code,name,fk_area_id) VALUES (201301000440,'2013-01-08 20:28:44','2013-01-08 20:28:44','1','1','2707','朔州市',201301000172);
INSERT INTO base_area (id,createTime,updateTime,flag,status,code,name,fk_area_id) VALUES (201301000441,'2013-01-08 20:28:59','2013-01-08 20:28:59','1','1','2708','太原市',201301000172);
INSERT INTO base_area (id,createTime,updateTime,flag,status,code,name,fk_area_id) VALUES (201301000442,'2013-01-08 20:29:14','2013-01-08 20:29:14','1','1','2709','阳泉市',201301000172);
INSERT INTO base_area (id,createTime,updateTime,flag,status,code,name,fk_area_id) VALUES (201301000443,'2013-01-08 20:29:28','2013-01-08 20:29:28','1','1','2710','忻州市',201301000172);
INSERT INTO base_area (id,createTime,updateTime,flag,status,code,name,fk_area_id) VALUES (201301000444,'2013-01-08 20:29:43','2013-01-08 20:29:43','1','1','2711','运城市',201301000172);
INSERT INTO base_area (id,createTime,updateTime,flag,status,code,name,fk_area_id) VALUES (201301000445,'2013-01-08 20:33:17','2013-01-08 20:33:17','1','1','2801','阿坝州',201301000173);
INSERT INTO base_area (id,createTime,updateTime,flag,status,code,name,fk_area_id) VALUES (201301000446,'2013-01-08 20:33:32','2013-01-08 20:33:32','1','1','2802','巴中市',201301000173);
INSERT INTO base_area (id,createTime,updateTime,flag,status,code,name,fk_area_id) VALUES (201301000447,'2013-01-08 20:33:48','2013-01-08 20:33:48','1','1','2803','成都市',201301000173);
INSERT INTO base_area (id,createTime,updateTime,flag,status,code,name,fk_area_id) VALUES (201301000448,'2013-01-08 20:34:10','2013-01-08 20:34:10','1','1','2804','达州市',201301000173);
INSERT INTO base_area (id,createTime,updateTime,flag,status,code,name,fk_area_id) VALUES (201301000449,'2013-01-08 20:34:23','2013-01-08 20:34:23','1','1','2805','德阳市',201301000173);
INSERT INTO base_area (id,createTime,updateTime,flag,status,code,name,fk_area_id) VALUES (201301000450,'2013-01-08 20:34:39','2013-01-08 20:34:39','1','1','2806','甘孜州',201301000173);
INSERT INTO base_area (id,createTime,updateTime,flag,status,code,name,fk_area_id) VALUES (201301000451,'2013-01-08 20:34:58','2013-01-08 20:34:58','1','1','2807','广安市',201301000173);
INSERT INTO base_area (id,createTime,updateTime,flag,status,code,name,fk_area_id) VALUES (201301000452,'2013-01-08 20:35:12','2013-01-08 20:35:12','1','1','2808','广元市',201301000173);
INSERT INTO base_area (id,createTime,updateTime,flag,status,code,name,fk_area_id) VALUES (201301000453,'2013-01-08 20:35:25','2013-01-08 20:35:25','1','1','2809','乐山市',201301000173);
INSERT INTO base_area (id,createTime,updateTime,flag,status,code,name,fk_area_id) VALUES (201301000454,'2013-01-08 20:35:42','2013-01-08 20:35:42','1','1','2810','凉山州',201301000173);
INSERT INTO base_area (id,createTime,updateTime,flag,status,code,name,fk_area_id) VALUES (201301000455,'2013-01-08 20:35:57','2013-01-08 20:35:57','1','1','2811','泸州市',201301000173);
INSERT INTO base_area (id,createTime,updateTime,flag,status,code,name,fk_area_id) VALUES (201301000456,'2013-01-08 20:36:10','2013-01-08 20:36:10','1','1','2812','眉山市',201301000173);
INSERT INTO base_area (id,createTime,updateTime,flag,status,code,name,fk_area_id) VALUES (201301000457,'2013-01-08 20:36:24','2013-01-08 20:36:24','1','1','2813','绵阳市',201301000173);
INSERT INTO base_area (id,createTime,updateTime,flag,status,code,name,fk_area_id) VALUES (201301000458,'2013-01-08 20:36:39','2013-01-08 20:36:39','1','1','2814','南充市',201301000173);
INSERT INTO base_area (id,createTime,updateTime,flag,status,code,name,fk_area_id) VALUES (201301000459,'2013-01-08 20:36:58','2013-01-08 20:36:58','1','1','2815','内江市',201301000173);
INSERT INTO base_area (id,createTime,updateTime,flag,status,code,name,fk_area_id) VALUES (201301000460,'2013-01-08 20:37:10','2013-01-08 20:37:10','1','1','2816','攀枝花市',201301000173);
INSERT INTO base_area (id,createTime,updateTime,flag,status,code,name,fk_area_id) VALUES (201301000461,'2013-01-08 20:37:23','2013-01-08 20:37:23','1','1','2817','遂宁市',201301000173);
INSERT INTO base_area (id,createTime,updateTime,flag,status,code,name,fk_area_id) VALUES (201301000462,'2013-01-08 20:37:37','2013-01-08 20:37:37','1','1','2818','雅安市',201301000173);
INSERT INTO base_area (id,createTime,updateTime,flag,status,code,name,fk_area_id) VALUES (201301000463,'2013-01-08 20:37:49','2013-01-08 20:37:49','1','1','2819','宜宾市',201301000173);
INSERT INTO base_area (id,createTime,updateTime,flag,status,code,name,fk_area_id) VALUES (201301000464,'2013-01-08 20:38:03','2013-01-08 20:38:03','1','1','2820','自贡市',201301000173);
INSERT INTO base_area (id,createTime,updateTime,flag,status,code,name,fk_area_id) VALUES (201301000465,'2013-01-08 20:38:20','2013-01-08 20:38:20','1','1','2821','资阳市',201301000173);
INSERT INTO base_area (id,createTime,updateTime,flag,status,code,name,fk_area_id) VALUES (201301000466,'2013-01-08 20:40:51','2013-01-08 20:40:51','1','1','2901','嘉义市',201301000174);
INSERT INTO base_area (id,createTime,updateTime,flag,status,code,name,fk_area_id) VALUES (201301000467,'2013-01-08 20:41:11','2013-01-08 20:41:11','1','1','2902','新竹市',201301000174);
INSERT INTO base_area (id,createTime,updateTime,flag,status,code,name,fk_area_id) VALUES (201301000468,'2013-01-08 20:41:25','2013-01-08 20:41:25','1','1','2903','高雄市',201301000174);
INSERT INTO base_area (id,createTime,updateTime,flag,status,code,name,fk_area_id) VALUES (201301000469,'2013-01-08 20:41:44','2013-01-08 20:41:44','1','1','2904','基隆市',201301000174);
INSERT INTO base_area (id,createTime,updateTime,flag,status,code,name,fk_area_id) VALUES (201301000470,'2013-01-08 20:42:01','2013-01-08 20:42:01','1','1','2905','台中市',201301000174);
INSERT INTO base_area (id,createTime,updateTime,flag,status,code,name,fk_area_id) VALUES (201301000471,'2013-01-08 20:42:17','2013-01-08 20:42:17','1','1','2906','台南市',201301000174);
INSERT INTO base_area (id,createTime,updateTime,flag,status,code,name,fk_area_id) VALUES (201301000472,'2013-01-08 20:42:35','2013-01-08 20:42:35','1','1','2907','台北市',201301000174);
INSERT INTO base_area (id,createTime,updateTime,flag,status,code,name,fk_area_id) VALUES (201301000473,'2013-01-08 20:44:50','2013-01-08 20:44:50','1','1','3101','拉萨市',201301000176);
INSERT INTO base_area (id,createTime,updateTime,flag,status,code,name,fk_area_id) VALUES (201301000474,'2013-01-08 20:45:05','2013-01-08 20:45:05','1','1','3102','那曲地区',201301000176);
INSERT INTO base_area (id,createTime,updateTime,flag,status,code,name,fk_area_id) VALUES (201301000475,'2013-01-08 20:45:19','2013-01-08 20:45:19','1','1','3103','阿里地区',201301000176);
INSERT INTO base_area (id,createTime,updateTime,flag,status,code,name,fk_area_id) VALUES (201301000476,'2013-01-08 20:45:34','2013-01-08 20:45:34','1','1','3104','林芝地区',201301000176);
INSERT INTO base_area (id,createTime,updateTime,flag,status,code,name,fk_area_id) VALUES (201301000477,'2013-01-08 20:45:47','2013-01-08 20:45:47','1','1','3105','昌都地区',201301000176);
INSERT INTO base_area (id,createTime,updateTime,flag,status,code,name,fk_area_id) VALUES (201301000478,'2013-01-08 20:46:01','2013-01-08 20:46:01','1','1','3106','日喀则地区',201301000176);
INSERT INTO base_area (id,createTime,updateTime,flag,status,code,name,fk_area_id) VALUES (201301000479,'2013-01-08 20:46:17','2013-01-08 20:46:17','1','1','3107','山南地区',201301000176);
INSERT INTO base_area (id,createTime,updateTime,flag,status,code,name,fk_area_id) VALUES (201301000480,'2013-01-08 20:49:15','2013-01-08 20:49:15','1','1','3201','阿克苏地区',201301000177);
INSERT INTO base_area (id,createTime,updateTime,flag,status,code,name,fk_area_id) VALUES (201301000481,'2013-01-08 20:49:27','2013-01-08 20:49:27','1','1','3202','阿勒泰地区',201301000177);
INSERT INTO base_area (id,createTime,updateTime,flag,status,code,name,fk_area_id) VALUES (201301000482,'2013-01-08 20:49:42','2013-01-08 20:49:42','1','1','3203','博尔塔拉蒙古自治州',201301000177);
INSERT INTO base_area (id,createTime,updateTime,flag,status,code,name,fk_area_id) VALUES (201301000483,'2013-01-08 20:49:59','2013-01-08 20:49:59','1','1','3204','昌吉回族自治州',201301000177);
INSERT INTO base_area (id,createTime,updateTime,flag,status,code,name,fk_area_id) VALUES (201301000484,'2013-01-08 20:50:13','2013-01-08 20:50:13','1','1','3205','哈密地区',201301000177);
INSERT INTO base_area (id,createTime,updateTime,flag,status,code,name,fk_area_id) VALUES (201301000485,'2013-01-08 20:50:28','2013-01-08 20:50:28','1','1','3206','和田地区',201301000177);
INSERT INTO base_area (id,createTime,updateTime,flag,status,code,name,fk_area_id) VALUES (201301000486,'2013-01-08 20:50:49','2013-01-08 20:50:49','1','1','3207','伊犁哈萨克自治州',201301000177);
INSERT INTO base_area (id,createTime,updateTime,flag,status,code,name,fk_area_id) VALUES (201301000487,'2013-01-08 20:51:05','2013-01-08 20:51:05','1','1','3208','克拉玛依市',201301000177);
INSERT INTO base_area (id,createTime,updateTime,flag,status,code,name,fk_area_id) VALUES (201301000488,'2013-01-08 20:51:22','2013-01-08 20:51:22','1','1','3209','喀什地区',201301000177);
INSERT INTO base_area (id,createTime,updateTime,flag,status,code,name,fk_area_id) VALUES (201301000489,'2013-01-08 20:51:38','2013-01-08 20:52:08','1','1','3210','克孜勒苏柯尔克孜自治州',201301000177);
INSERT INTO base_area (id,createTime,updateTime,flag,status,code,name,fk_area_id) VALUES (201301000490,'2013-01-08 20:51:55','2013-01-08 20:51:55','1','1','3211','巴音郭楞蒙古自治州',201301000177);
INSERT INTO base_area (id,createTime,updateTime,flag,status,code,name,fk_area_id) VALUES (201301000491,'2013-01-08 20:52:30','2013-01-08 20:52:30','1','1','3212','塔城地区',201301000177);
INSERT INTO base_area (id,createTime,updateTime,flag,status,code,name,fk_area_id) VALUES (201301000492,'2013-01-08 20:52:43','2013-01-08 20:52:43','1','1','3213','吐鲁番地区',201301000177);
INSERT INTO base_area (id,createTime,updateTime,flag,status,code,name,fk_area_id) VALUES (201301000493,'2013-01-08 20:52:58','2013-01-08 20:52:58','1','1','3214','乌鲁木齐市',201301000177);
INSERT INTO base_area (id,createTime,updateTime,flag,status,code,name,fk_area_id) VALUES (201301000494,'2013-01-08 20:54:06','2013-01-08 20:54:06','1','1','3301','保山市',201301000178);
INSERT INTO base_area (id,createTime,updateTime,flag,status,code,name,fk_area_id) VALUES (201301000495,'2013-01-08 20:54:30','2013-01-08 20:54:30','1','1','3302','楚雄州',201301000178);
INSERT INTO base_area (id,createTime,updateTime,flag,status,code,name,fk_area_id) VALUES (201301000496,'2013-01-08 20:54:49','2013-01-08 20:54:49','1','1','3303','大理州',201301000178);
INSERT INTO base_area (id,createTime,updateTime,flag,status,code,name,fk_area_id) VALUES (201301000497,'2013-01-08 20:55:03','2013-01-08 20:55:03','1','1','3304','德宏州',201301000178);
INSERT INTO base_area (id,createTime,updateTime,flag,status,code,name,fk_area_id) VALUES (201301000498,'2013-01-08 20:55:25','2013-01-08 20:55:25','1','1','3305','迪庆州',201301000178);
INSERT INTO base_area (id,createTime,updateTime,flag,status,code,name,fk_area_id) VALUES (201301000499,'2013-01-08 20:55:44','2013-01-08 20:55:44','1','1','3306','红河州',201301000178);
INSERT INTO base_area (id,createTime,updateTime,flag,status,code,name,fk_area_id) VALUES (201301000500,'2013-01-08 20:55:59','2013-01-08 20:55:59','1','1','3307','昆明市',201301000178);
INSERT INTO base_area (id,createTime,updateTime,flag,status,code,name,fk_area_id) VALUES (201301000501,'2013-01-08 20:56:14','2013-01-08 20:56:14','1','1','3308','丽江市',201301000178);
INSERT INTO base_area (id,createTime,updateTime,flag,status,code,name,fk_area_id) VALUES (201301000502,'2013-01-08 20:56:28','2013-01-08 20:56:28','1','1','3309','临沧市',201301000178);
INSERT INTO base_area (id,createTime,updateTime,flag,status,code,name,fk_area_id) VALUES (201301000503,'2013-01-08 20:56:43','2013-01-08 20:56:43','1','1','3310','怒江州',201301000178);
INSERT INTO base_area (id,createTime,updateTime,flag,status,code,name,fk_area_id) VALUES (201301000504,'2013-01-08 20:56:59','2013-01-08 20:56:59','1','1','3311','普洱市',201301000178);
INSERT INTO base_area (id,createTime,updateTime,flag,status,code,name,fk_area_id) VALUES (201301000505,'2013-01-08 20:57:15','2013-01-08 20:57:15','1','1','3312','曲靖市',201301000178);
INSERT INTO base_area (id,createTime,updateTime,flag,status,code,name,fk_area_id) VALUES (201301000506,'2013-01-08 20:57:29','2013-01-08 20:57:29','1','1','3313','昭通市',201301000178);
INSERT INTO base_area (id,createTime,updateTime,flag,status,code,name,fk_area_id) VALUES (201301000507,'2013-01-08 20:57:42','2013-01-08 20:57:42','1','1','3314','文山州',201301000178);
INSERT INTO base_area (id,createTime,updateTime,flag,status,code,name,fk_area_id) VALUES (201301000508,'2013-01-08 20:57:54','2013-01-08 20:57:54','1','1','3315','西双版纳州',201301000178);
INSERT INTO base_area (id,createTime,updateTime,flag,status,code,name,fk_area_id) VALUES (201301000509,'2013-01-08 20:58:10','2013-01-08 20:58:10','1','1','3316','玉溪市',201301000178);
INSERT INTO base_area (id,createTime,updateTime,flag,status,code,name,fk_area_id) VALUES (201301000510,'2013-01-08 20:59:14','2013-01-08 20:59:14','1','1','3401','杭州市',201301000179);
INSERT INTO base_area (id,createTime,updateTime,flag,status,code,name,fk_area_id) VALUES (201301000511,'2013-01-08 20:59:29','2013-01-08 20:59:29','1','1','3402','湖州市',201301000179);
INSERT INTO base_area (id,createTime,updateTime,flag,status,code,name,fk_area_id) VALUES (201301000512,'2013-01-08 20:59:44','2013-01-08 20:59:44','1','1','3403','嘉兴市',201301000179);
INSERT INTO base_area (id,createTime,updateTime,flag,status,code,name,fk_area_id) VALUES (201301000513,'2013-01-08 21:00:02','2013-01-08 21:00:02','1','1','3404','金华市',201301000179);
INSERT INTO base_area (id,createTime,updateTime,flag,status,code,name,fk_area_id) VALUES (201301000514,'2013-01-08 21:00:24','2013-01-08 21:00:24','1','1','3405','丽水市',201301000179);
INSERT INTO base_area (id,createTime,updateTime,flag,status,code,name,fk_area_id) VALUES (201301000515,'2013-01-08 21:00:44','2013-01-08 21:00:44','1','1','3406','宁波市',201301000179);
INSERT INTO base_area (id,createTime,updateTime,flag,status,code,name,fk_area_id) VALUES (201301000516,'2013-01-08 21:01:00','2013-01-08 21:01:00','1','1','3407','衢州市',201301000179);
INSERT INTO base_area (id,createTime,updateTime,flag,status,code,name,fk_area_id) VALUES (201301000517,'2013-01-08 21:01:17','2013-01-08 21:01:17','1','1','3408','绍兴市',201301000179);
INSERT INTO base_area (id,createTime,updateTime,flag,status,code,name,fk_area_id) VALUES (201301000518,'2013-01-08 21:01:33','2013-01-08 21:01:33','1','1','3409','台州市',201301000179);
INSERT INTO base_area (id,createTime,updateTime,flag,status,code,name,fk_area_id) VALUES (201301000519,'2013-01-08 21:01:49','2013-01-08 21:01:49','1','1','3410','温州市',201301000179);
INSERT INTO base_area (id,createTime,updateTime,flag,status,code,name,fk_area_id) VALUES (201301000520,'2013-01-08 21:02:04','2013-01-08 21:02:04','1','1','3411','舟山市',201301000179);
INSERT INTO base_area (id,createTime,updateTime,flag,status,code,name,fk_area_id) VALUES (201301000521,'2013-01-08 21:03:09','2013-01-08 21:03:09','1','1','0201','北京市',201301000147);
INSERT INTO base_area (id,createTime,updateTime,flag,status,code,name,fk_area_id) VALUES (201301000522,'2013-01-08 21:03:33','2013-01-08 21:03:33','1','1','3001','天津市',201301000175);
INSERT INTO base_area (id,createTime,updateTime,flag,status,code,name,fk_area_id) VALUES (201301000523,'2013-01-08 21:04:00','2013-01-08 21:04:00','1','1','2601','上海市',201301000171);
INSERT INTO base_area (id,createTime,updateTime,flag,status,code,name,fk_area_id) VALUES (201301000524,'2013-01-08 21:04:25','2013-01-08 21:04:25','1','1','0301','重庆市',201301000148);

--sys_dict
INSERT INTO sys_dict (id,createtime,updatetime,flag,status,code,name,sort,caption) VALUES (201301000009,'2013-01-07 19:14:10','2013-01-07 19:14:10','1','1','01','汉族','NATION',NULL);
INSERT INTO sys_dict (id,createtime,updatetime,flag,status,code,name,sort,caption) VALUES (201301000010,'2013-01-07 19:14:27','2013-01-07 19:14:27','1','1','02','基诺族','NATION',NULL);
INSERT INTO sys_dict (id,createtime,updatetime,flag,status,code,name,sort,caption) VALUES (201301000011,'2013-01-07 19:14:44','2013-01-07 19:14:44','1','1','03','珞巴族','NATION',NULL);
INSERT INTO sys_dict (id,createtime,updatetime,flag,status,code,name,sort,caption) VALUES (201301000012,'2013-01-07 19:14:59','2013-01-07 19:14:59','1','1','04','门巴族','NATION',NULL);
INSERT INTO sys_dict (id,createtime,updatetime,flag,status,code,name,sort,caption) VALUES (201301000013,'2013-01-07 19:15:11','2013-01-07 19:15:11','1','1','05','赫哲族','NATION',NULL);
INSERT INTO sys_dict (id,createtime,updatetime,flag,status,code,name,sort,caption) VALUES (201301000014,'2013-01-07 19:15:49','2013-01-07 19:15:49','1','1','06','鄂伦春族','NATION',NULL);
INSERT INTO sys_dict (id,createtime,updatetime,flag,status,code,name,sort,caption) VALUES (201301000015,'2013-01-07 19:16:01','2013-01-07 19:16:01','1','1','07','独龙族','NATION',NULL);
INSERT INTO sys_dict (id,createtime,updatetime,flag,status,code,name,sort,caption) VALUES (201301000016,'2013-01-07 19:16:12','2013-01-07 19:16:12','1','1','08','塔塔尔族','NATION',NULL);
INSERT INTO sys_dict (id,createtime,updatetime,flag,status,code,name,sort,caption) VALUES (201301000017,'2013-01-07 19:16:29','2013-01-07 19:16:29','1','1','09','京族','NATION',NULL);
INSERT INTO sys_dict (id,createtime,updatetime,flag,status,code,name,sort,caption) VALUES (201301000018,'2013-01-07 19:16:40','2013-01-07 19:16:40','1','1','10','裕固族','NATION',NULL);
INSERT INTO sys_dict (id,createtime,updatetime,flag,status,code,name,sort,caption) VALUES (201301000019,'2013-01-07 19:16:50','2013-01-07 19:16:50','1','1','11','保安族','NATION',NULL);
INSERT INTO sys_dict (id,createtime,updatetime,flag,status,code,name,sort,caption) VALUES (201301000020,'2013-01-07 19:17:13','2013-01-07 19:17:13','1','1','12','德昂族','NATION',NULL);
INSERT INTO sys_dict (id,createtime,updatetime,flag,status,code,name,sort,caption) VALUES (201301000021,'2013-01-07 19:17:27','2013-01-07 19:17:27','1','1','13','鄂温克族','NATION',NULL);
INSERT INTO sys_dict (id,createtime,updatetime,flag,status,code,name,sort,caption) VALUES (201301000022,'2013-01-07 19:17:39','2013-01-07 19:17:39','1','1','14','俄罗斯族','NATION',NULL);
INSERT INTO sys_dict (id,createtime,updatetime,flag,status,code,name,sort,caption) VALUES (201301000023,'2013-01-07 19:17:50','2013-01-07 19:17:50','1','1','15','乌孜别克族','NATION',NULL);
INSERT INTO sys_dict (id,createtime,updatetime,flag,status,code,name,sort,caption) VALUES (201301000024,'2013-01-07 19:17:58','2013-01-07 19:17:58','1','1','16','怒族','NATION',NULL);
INSERT INTO sys_dict (id,createtime,updatetime,flag,status,code,name,sort,caption) VALUES (201301000025,'2013-01-07 19:18:16','2013-01-07 19:18:16','1','1','17','塔吉克族','NATION',NULL);
INSERT INTO sys_dict (id,createtime,updatetime,flag,status,code,name,sort,caption) VALUES (201301000026,'2013-01-07 19:18:25','2013-01-07 19:18:25','1','1','18','普米族','NATION',NULL);
INSERT INTO sys_dict (id,createtime,updatetime,flag,status,code,name,sort,caption) VALUES (201301000027,'2013-01-07 19:18:35','2013-01-07 19:18:35','1','1','19','阿昌族','NATION',NULL);
INSERT INTO sys_dict (id,createtime,updatetime,flag,status,code,name,sort,caption) VALUES (201301000028,'2013-01-07 19:18:47','2013-01-07 19:18:47','1','1','20','锡伯族','NATION',NULL);
INSERT INTO sys_dict (id,createtime,updatetime,flag,status,code,name,sort,caption) VALUES (201301000029,'2013-01-07 19:18:59','2013-01-07 19:18:59','1','1','21','仡佬族','NATION',NULL);
INSERT INTO sys_dict (id,createtime,updatetime,flag,status,code,name,sort,caption) VALUES (201301000030,'2013-01-07 19:19:10','2013-01-07 19:19:10','1','1','22','毛南族','NATION',NULL);
INSERT INTO sys_dict (id,createtime,updatetime,flag,status,code,name,sort,caption) VALUES (201301000031,'2013-01-07 19:19:19','2013-01-07 19:19:19','1','1','23','撒拉族','NATION',NULL);
INSERT INTO sys_dict (id,createtime,updatetime,flag,status,code,name,sort,caption) VALUES (201301000032,'2013-01-07 19:19:30','2013-01-07 19:19:30','1','1','24','布朗族','NATION',NULL);
INSERT INTO sys_dict (id,createtime,updatetime,flag,status,code,name,sort,caption) VALUES (201301000033,'2013-01-07 19:19:41','2013-01-07 19:19:41','1','1','25','羌族','NATION',NULL);
INSERT INTO sys_dict (id,createtime,updatetime,flag,status,code,name,sort,caption) VALUES (201301000034,'2013-01-07 19:19:55','2013-01-07 19:19:55','1','1','26','仫佬族','NATION',NULL);
INSERT INTO sys_dict (id,createtime,updatetime,flag,status,code,name,sort,caption) VALUES (201301000035,'2013-01-07 19:20:05','2013-01-07 19:20:05','1','1','27','达斡尔族','NATION',NULL);
INSERT INTO sys_dict (id,createtime,updatetime,flag,status,code,name,sort,caption) VALUES (201301000036,'2013-01-07 19:20:23','2013-01-07 19:20:23','1','1','28','土族','NATION',NULL);
INSERT INTO sys_dict (id,createtime,updatetime,flag,status,code,name,sort,caption) VALUES (201301000037,'2013-01-07 19:20:32','2013-01-07 19:20:32','1','1','29','柯尔克孜族','NATION',NULL);
INSERT INTO sys_dict (id,createtime,updatetime,flag,status,code,name,sort,caption) VALUES (201301000038,'2013-01-07 19:20:44','2013-01-07 19:20:44','1','1','30','景颇族','NATION',NULL);
INSERT INTO sys_dict (id,createtime,updatetime,flag,status,code,name,sort,caption) VALUES (201301000039,'2013-01-07 19:20:53','2013-01-07 19:20:53','1','1','31','纳西族','NATION',NULL);
INSERT INTO sys_dict (id,createtime,updatetime,flag,status,code,name,sort,caption) VALUES (201301000040,'2013-01-07 19:21:06','2013-01-07 19:21:06','1','1','32','东乡族','NATION',NULL);
INSERT INTO sys_dict (id,createtime,updatetime,flag,status,code,name,sort,caption) VALUES (201301000041,'2013-01-07 19:21:18','2013-01-07 19:21:18','1','1','33','水族','NATION',NULL);
INSERT INTO sys_dict (id,createtime,updatetime,flag,status,code,name,sort,caption) VALUES (201301000042,'2013-01-07 19:21:28','2013-01-07 19:21:28','1','1','34','拉祜族','NATION',NULL);
INSERT INTO sys_dict (id,createtime,updatetime,flag,status,code,name,sort,caption) VALUES (201301000043,'2013-01-07 19:21:47','2013-01-07 19:21:47','1','1','35','高山族','NATION',NULL);
INSERT INTO sys_dict (id,createtime,updatetime,flag,status,code,name,sort,caption) VALUES (201301000044,'2013-01-07 19:22:01','2013-01-07 19:22:01','1','1','36','畲族','NATION',NULL);
INSERT INTO sys_dict (id,createtime,updatetime,flag,status,code,name,sort,caption) VALUES (201301000045,'2013-01-07 19:22:11','2013-01-07 19:22:11','1','1','37','佤族','NATION',NULL);
INSERT INTO sys_dict (id,createtime,updatetime,flag,status,code,name,sort,caption) VALUES (201301000046,'2013-01-07 19:22:24','2013-01-07 19:22:24','1','1','38','傈僳族','NATION',NULL);
INSERT INTO sys_dict (id,createtime,updatetime,flag,status,code,name,sort,caption) VALUES (201301000047,'2013-01-07 19:22:35','2013-01-07 19:22:35','1','1','39','黎族','NATION',NULL);
INSERT INTO sys_dict (id,createtime,updatetime,flag,status,code,name,sort,caption) VALUES (201301000048,'2013-01-07 19:22:45','2013-01-07 19:22:45','1','1','40','傣族','NATION',NULL);
INSERT INTO sys_dict (id,createtime,updatetime,flag,status,code,name,sort,caption) VALUES (201301000049,'2013-01-07 19:22:55','2013-01-07 19:22:55','1','1','41','哈萨克族','NATION',NULL);
INSERT INTO sys_dict (id,createtime,updatetime,flag,status,code,name,sort,caption) VALUES (201301000050,'2013-01-07 19:23:08','2013-01-07 19:23:08','1','1','42','哈尼族','NATION',NULL);
INSERT INTO sys_dict (id,createtime,updatetime,flag,status,code,name,sort,caption) VALUES (201301000051,'2013-01-07 19:23:19','2013-01-07 19:23:19','1','1','43','土家族','NATION',NULL);
INSERT INTO sys_dict (id,createtime,updatetime,flag,status,code,name,sort,caption) VALUES (201301000052,'2013-01-07 19:23:32','2013-01-07 19:23:32','1','1','44','白族','NATION',NULL);
INSERT INTO sys_dict (id,createtime,updatetime,flag,status,code,name,sort,caption) VALUES (201301000053,'2013-01-07 19:23:50','2013-01-07 19:23:50','1','1','45','瑶族','NATION',NULL);
INSERT INTO sys_dict (id,createtime,updatetime,flag,status,code,name,sort,caption) VALUES (201301000054,'2013-01-07 19:24:03','2013-01-07 19:24:03','1','1','46','侗族','NATION',NULL);
INSERT INTO sys_dict (id,createtime,updatetime,flag,status,code,name,sort,caption) VALUES (201301000055,'2013-01-07 19:24:12','2013-01-07 19:24:12','1','1','47','满族','NATION',NULL);
INSERT INTO sys_dict (id,createtime,updatetime,flag,status,code,name,sort,caption) VALUES (201301000056,'2013-01-07 19:24:21','2013-01-07 19:24:21','1','1','48','朝鲜族','NATION',NULL);
INSERT INTO sys_dict (id,createtime,updatetime,flag,status,code,name,sort,caption) VALUES (201301000057,'2013-01-07 19:24:30','2013-01-07 19:24:30','1','1','49','布依族','NATION',NULL);
INSERT INTO sys_dict (id,createtime,updatetime,flag,status,code,name,sort,caption) VALUES (201301000058,'2013-01-07 19:24:41','2013-01-07 19:24:41','1','1','50','壮族','NATION',NULL);
INSERT INTO sys_dict (id,createtime,updatetime,flag,status,code,name,sort,caption) VALUES (201301000059,'2013-01-07 19:24:51','2013-01-07 19:24:51','1','1','51','彝族','NATION',NULL);
INSERT INTO sys_dict (id,createtime,updatetime,flag,status,code,name,sort,caption) VALUES (201301000060,'2013-01-07 19:25:02','2013-01-07 19:25:02','1','1','52','苗族','NATION',NULL);
INSERT INTO sys_dict (id,createtime,updatetime,flag,status,code,name,sort,caption) VALUES (201301000061,'2013-01-07 19:25:15','2013-01-07 19:25:15','1','1','53','维吾尔族','NATION',NULL);
INSERT INTO sys_dict (id,createtime,updatetime,flag,status,code,name,sort,caption) VALUES (201301000062,'2013-01-07 19:25:32','2013-01-07 19:25:32','1','1','54','藏族','NATION',NULL);
INSERT INTO sys_dict (id,createtime,updatetime,flag,status,code,name,sort,caption) VALUES (201301000063,'2013-01-07 19:25:47','2013-01-07 19:25:47','1','1','55','回族','NATION',NULL);
INSERT INTO sys_dict (id,createtime,updatetime,flag,status,code,name,sort,caption) VALUES (201301000064,'2013-01-07 19:25:57','2013-01-07 19:25:57','1','1','56','蒙古族','NATION',NULL);

INSERT INTO sys_dict (id,createtime,updatetime,flag,status,code,name,sort,caption) VALUES (201301000065,'2013-01-07 22:08:53','2013-01-07 22:08:53','1','1','01','身份证','CERTIFICATE',NULL);
INSERT INTO sys_dict (id,createtime,updatetime,flag,status,code,name,sort,caption) VALUES (201301000066,'2013-01-07 22:09:11','2013-01-07 22:09:11','1','1','02','户口簿','CERTIFICATE',NULL);
INSERT INTO sys_dict (id,createtime,updatetime,flag,status,code,name,sort,caption) VALUES (201301000067,'2013-01-07 22:09:28','2013-01-07 22:09:28','1','1','03','军人证','CERTIFICATE',NULL);
INSERT INTO sys_dict (id,createtime,updatetime,flag,status,code,name,sort,caption) VALUES (201301000068,'2013-01-07 22:09:49','2013-01-07 22:09:49','1','1','04','驾驶证','CERTIFICATE',NULL);
INSERT INTO sys_dict (id,createtime,updatetime,flag,status,code,name,sort,caption) VALUES (201301000069,'2013-01-07 22:10:08','2013-01-07 22:10:08','1','1','05','居住证','CERTIFICATE',NULL);
INSERT INTO sys_dict (id,createtime,updatetime,flag,status,code,name,sort,caption) VALUES (201301000070,'2013-01-07 22:10:25','2013-01-07 22:10:25','1','1','06','学生证','CERTIFICATE',NULL);
INSERT INTO sys_dict (id,createtime,updatetime,flag,status,code,name,sort,caption) VALUES (201301000071,'2013-01-07 22:10:41','2013-01-07 22:10:41','1','1','07','护照','CERTIFICATE',NULL);
INSERT INTO sys_dict (id,createtime,updatetime,flag,status,code,name,sort,caption) VALUES (201301000072,'2013-01-07 22:10:54','2013-01-07 22:10:54','1','1','08','营业执照','CERTIFICATE',NULL);

INSERT INTO sys_dict (id,createtime,updatetime,flag,status,code,name,sort,caption) VALUES (201301000114,'2013-01-07 22:26:54','2013-01-07 22:26:54','1','1','01','党员','POLITY',NULL);
INSERT INTO sys_dict (id,createtime,updatetime,flag,status,code,name,sort,caption) VALUES (201301000115,'2013-01-07 22:27:12','2013-01-07 22:27:12','1','1','02','团员','POLITY',NULL);
INSERT INTO sys_dict (id,createtime,updatetime,flag,status,code,name,sort,caption) VALUES (201301000116,'2013-01-07 22:27:24','2013-01-07 22:27:24','1','1','03','群众','POLITY',NULL);
